crop_name,variety,category,state,district,season,month,buyer_type,price,quantity_sold,historical_demand,is_holiday_event,demand_kg,is_synthetic
Rice,Common,Cereal,Karnataka,Bengaluru,Kharif,11,INDIVIDUAL,58.55,2326.45,2361.63,1,876.4,True
Wheat,Common,Cereal,Gujarat,Rajkot,Zaid,6,INDIVIDUAL,87.65,2153.18,2281.73,0,935.45,True
Mango,Local,Fruit,Punjab,Ludhiana,Kharif,12,WHOLESALER,52.93,617.34,662.01,0,771.4,True
Mango,Local,Fruit,Maharashtra,Mumbai,Year-Round,7,BUSINESS,58.21,837.24,825.14,0,912.77,True
Green Chilli,Local,Spice,Tamil Nadu,Chennai,Zaid,2,BUSINESS,85.49,542.66,478.4,0,419.88,True
Mango,Local,Fruit,Gujarat,Rajkot,Zaid,3,RETAILER,32.18,603.83,711.91,0,731.54,True
Rice,Basmati,Cereal,Uttar Pradesh,Agra,Rabi,4,INDIVIDUAL,87.63,2824.97,2554.66,1,1074.47,True
Tomato,Desi,Vegetable,Punjab,Ludhiana,Year-Round,10,RETAILER,33.91,945.73,1094.17,1,1259.53,True
Tomato,Hybrid,Vegetable,Tamil Nadu,Chennai,Zaid,9,RETAILER,27.5,1839.56,1654.65,0,1544.88,True
Rice,Common,Cereal,Tamil Nadu,Chennai,Year-Round,12,WHOLESALER,19.44,2963.74,2519.6,0,3926.72,True
Green Chilli,Local,Spice,Maharashtra,Mumbai,Year-Round,8,RESTAURANT,55.78,613.58,619.61,0,651.7,True
Rice,Common,Cereal,Madhya Pradesh,Indore,Zaid,9,WHOLESALER,13.98,2316.16,2791.39,0,5659.41,True
Onion,Red,Vegetable,Punjab,Ludhiana,Zaid,7,INDIVIDUAL,54.11,1788.06,1627.21,0,736.5,True
Maize,Hybrid,Cereal,Punjab,Ludhiana,Rabi,12,BUSINESS,29.04,1337.09,1198.63,0,1480.73,True
Soybean,Local,Oilseed,Madhya Pradesh,Indore,Year-Round,9,RETAILER,33.23,721.31,821.81,0,785.01,True
Green Chilli,Local,Spice,Maharashtra,Nashik,Zaid,10,BUSINESS,31.04,494.59,525.03,1,740.25,True
Wheat,Common,Cereal,Tamil Nadu,Chennai,Year-Round,1,RETAILER,31.81,2267.72,2596.29,0,2265.02,True
Wheat,Common,Cereal,Maharashtra,Nashik,Zaid,1,WHOLESALER,51.21,2451.85,2509.78,0,3158.59,True
Tomato,Desi,Vegetable,Punjab,Ludhiana,Year-Round,10,BUSINESS,18.31,1037.69,1128.16,1,1931.09,True
Tomato,Desi,Vegetable,Uttar Pradesh,Agra,Rabi,11,RETAILER,23.76,1826.12,1482.17,1,1825.49,True
Potato,Local,Vegetable,Karnataka,Bengaluru,Year-Round,11,BUSINESS,13.29,1533.39,1520.88,1,2560.68,True
Tomato,Hybrid,Vegetable,Gujarat,Rajkot,Year-Round,7,WHOLESALER,77.34,1791.46,1571.04,0,2151.8,True
Tomato,Desi,Vegetable,Madhya Pradesh,Indore,Zaid,10,RESTAURANT,29.83,1093.02,1077.63,1,1595.0,True
Rice,Common,Cereal,Tamil Nadu,Chennai,Kharif,3,RESTAURANT,68.62,2835.27,2639.63,0,2525.48,True
Groundnut,Local,Oilseed,Maharashtra,Nashik,Year-Round,4,BUSINESS,57.29,880.46,898.19,1,1230.64,True
Potato,Local,Vegetable,Tamil Nadu,Chennai,Year-Round,1,BUSINESS,30.51,1653.62,1451.78,0,1611.39,True
Wheat,Common,Cereal,Madhya Pradesh,Indore,Zaid,1,RETAILER,54.32,2997.55,2945.6,0,2430.57,True
Rice,Basmati,Cereal,Maharashtra,Mumbai,Rabi,8,RESTAURANT,45.88,2457.09,2125.43,0,2039.37,True
Tomato,Hybrid,Vegetable,Punjab,Ludhiana,Year-Round,3,BUSINESS,13.9,1416.92,1339.37,0,2019.93,True
Maize,Hybrid,Cereal,Punjab,Ludhiana,Year-Round,1,INDIVIDUAL,56.64,1044.25,1178.54,0,415.25,True
Tomato,Hybrid,Vegetable,Maharashtra,Mumbai,Year-Round,2,RETAILER,42.79,1549.26,1327.84,0,995.75,True
Soybean,Local,Oilseed,Maharashtra,Nashik,Year-Round,1,RETAILER,66.79,711.51,852.43,0,586.2,True
Rice,Common,Cereal,Maharashtra,Mumbai,Rabi,9,INDIVIDUAL,18.36,2417.81,2455.45,0,1150.04,True
Rice,Basmati,Cereal,Maharashtra,Mumbai,Kharif,10,INDIVIDUAL,77.44,2851.49,3000.09,1,1323.51,True
Soybean,Local,Oilseed,Uttar Pradesh,Agra,Zaid,6,RESTAURANT,21.91,1115.18,1098.24,0,1669.18,True
Onion,Red,Vegetable,Uttar Pradesh,Agra,Kharif,4,RESTAURANT,61.72,925.09,1222.08,1,1540.98,True
Tomato,Hybrid,Vegetable,Gujarat,Rajkot,Zaid,3,BUSINESS,70.04,1293.64,1390.1,0,1299.79,True
Mango,Local,Fruit,Punjab,Ludhiana,Kharif,10,WHOLESALER,24.2,764.61,736.52,1,1233.93,True
Maize,Hybrid,Cereal,Gujarat,Rajkot,Kharif,5,RETAILER,86.48,1367.7,1141.5,0,812.84,True
Mango,Local,Fruit,Maharashtra,Mumbai,Kharif,6,RETAILER,38.67,1026.99,947.5,0,1052.85,True
Onion,Red,Vegetable,Maharashtra,Nashik,Rabi,5,WHOLESALER,60.04,1359.39,1338.39,0,2025.0,True
Soybean,Local,Oilseed,Maharashtra,Nashik,Year-Round,5,INDIVIDUAL,24.71,833.02,813.59,0,425.6,True
Tomato,Hybrid,Vegetable,Karnataka,Bengaluru,Year-Round,12,WHOLESALER,56.72,1484.17,1534.05,0,1973.23,True
Tomato,Hybrid,Vegetable,Maharashtra,Nashik,Year-Round,10,RESTAURANT,27.27,1572.93,1670.44,1,2390.7,True
Wheat,Common,Cereal,Maharashtra,Pune,Zaid,9,BUSINESS,66.05,2471.3,2527.06,0,2438.6,True
Maize,Hybrid,Cereal,Karnataka,Bengaluru,Rabi,5,RETAILER,56.34,1246.22,1044.35,0,986.06,True
Onion,Red,Vegetable,Maharashtra,Pune,Kharif,7,INDIVIDUAL,30.61,1720.82,1560.21,0,777.55,True
Tomato,Hybrid,Vegetable,Karnataka,Bengaluru,Year-Round,9,INDIVIDUAL,81.85,1349.22,1298.7,0,439.26,True
Onion,Red,Vegetable,Maharashtra,Mumbai,Rabi,5,INDIVIDUAL,34.87,1343.43,1568.69,0,825.3,True
Maize,Hybrid,Cereal,Madhya Pradesh,Indore,Kharif,5,WHOLESALER,87.99,1219.07,1173.38,0,1609.58,True
Groundnut,Local,Oilseed,Maharashtra,Pune,Zaid,12,RETAILER,71.4,802.92,780.11,0,604.02,True
Soybean,Local,Oilseed,Tamil Nadu,Chennai,Rabi,11,WHOLESALER,23.44,730.67,901.84,1,1701.98,True
Wheat,Common,Cereal,Maharashtra,Nashik,Rabi,4,RETAILER,85.89,2170.51,2227.57,1,2218.42,True
Groundnut,Local,Oilseed,Maharashtra,Mumbai,Zaid,3,INDIVIDUAL,12.89,895.54,975.41,0,572.32,True
Mango,Local,Fruit,Gujarat,Rajkot,Kharif,9,RETAILER,65.12,627.86,756.82,0,545.23,True
Tomato,Hybrid,Vegetable,Uttar Pradesh,Agra,Kharif,6,WHOLESALER,12.95,1505.69,1493.21,0,3619.25,True
Groundnut,Local,Oilseed,Punjab,Ludhiana,Year-Round,3,RESTAURANT,87.61,1094.3,1043.44,0,816.23,True
Green Chilli,Local,Spice,Uttar Pradesh,Agra,Rabi,3,RETAILER,83.39,636.83,711.6,0,495.88,True
Green Chilli,Local,Spice,Gujarat,Rajkot,Rabi,12,BUSINESS,48.17,518.17,661.96,0,605.22,True
Onion,Red,Vegetable,Maharashtra,Mumbai,Kharif,6,WHOLESALER,44.5,1586.59,1450.75,0,2278.18,True
Soybean,Local,Oilseed,Gujarat,Rajkot,Rabi,2,RESTAURANT,15.53,911.07,943.01,0,1219.46,True
Maize,Hybrid,Cereal,Uttar Pradesh,Agra,Zaid,11,RETAILER,77.39,691.11,979.29,1,780.26,True
Tomato,Hybrid,Vegetable,Punjab,Ludhiana,Year-Round,7,BUSINESS,75.41,1792.2,1727.43,0,1797.95,True
Tomato,Hybrid,Vegetable,Maharashtra,Mumbai,Kharif,4,RETAILER,64.39,1028.15,1260.13,1,1471.5,True
Wheat,Common,Cereal,Madhya Pradesh,Indore,Rabi,10,WHOLESALER,49.14,2519.52,2275.7,1,3379.73,True
Rice,Common,Cereal,Punjab,Ludhiana,Kharif,2,RESTAURANT,28.61,3674.29,3260.21,0,2946.4,True
Groundnut,Local,Oilseed,Maharashtra,Mumbai,Zaid,2,BUSINESS,54.7,912.14,923.62,0,887.81,True
Tomato,Hybrid,Vegetable,Punjab,Ludhiana,Kharif,4,WHOLESALER,84.27,968.57,1217.42,1,1807.9,True
Wheat,Common,Cereal,Punjab,Ludhiana,Rabi,6,INDIVIDUAL,39.1,2080.29,2490.14,0,1294.9,True
Rice,Common,Cereal,Madhya Pradesh,Indore,Year-Round,11,BUSINESS,26.19,2248.82,2063.74,1,3026.11,True
Potato,Local,Vegetable,Maharashtra,Pune,Kharif,10,RESTAURANT,15.19,1542.37,1704.55,1,2835.66,True
Soybean,Local,Oilseed,Maharashtra,Pune,Kharif,10,INDIVIDUAL,37.08,847.4,851.65,1,415.08,True
Rice,Basmati,Cereal,Gujarat,Rajkot,Rabi,11,INDIVIDUAL,12.2,2555.41,2544.53,1,1916.69,True
Soybean,Local,Oilseed,Madhya Pradesh,Indore,Rabi,8,WHOLESALER,70.3,1022.74,956.56,0,1222.37,True
Groundnut,Local,Oilseed,Maharashtra,Pune,Rabi,6,RESTAURANT,42.98,823.64,874.96,0,1062.32,True
Tomato,Hybrid,Vegetable,Madhya Pradesh,Indore,Rabi,10,BUSINESS,30.19,1251.51,1306.34,1,1617.37,True
Soybean,Local,Oilseed,Maharashtra,Mumbai,Kharif,2,BUSINESS,53.89,1165.49,1094.7,0,952.5,True
Maize,Hybrid,Cereal,Punjab,Ludhiana,Rabi,4,WHOLESALER,59.39,1077.61,1079.06,1,1553.46,True
Rice,Basmati,Cereal,Punjab,Ludhiana,Kharif,1,INDIVIDUAL,19.94,2206.28,2385.47,0,1170.41,True
Wheat,Common,Cereal,Madhya Pradesh,Indore,Kharif,7,RESTAURANT,52.91,2375.44,2300.77,0,2493.99,True
Rice,Basmati,Cereal,Maharashtra,Pune,Year-Round,12,RESTAURANT,79.51,2569.36,2355.81,0,2086.06,True
Maize,Hybrid,Cereal,Maharashtra,Pune,Zaid,11,WHOLESALER,33.84,913.55,992.47,1,1743.21,True
Rice,Basmati,Cereal,Karnataka,Bengaluru,Zaid,4,RETAILER,69.43,3056.27,2961.75,1,3015.28,True
Groundnut,Local,Oilseed,Karnataka,Bengaluru,Kharif,11,RESTAURANT,16.04,772.79,861.77,1,1331.56,True
Rice,Common,Cereal,Maharashtra,Pune,Kharif,8,WHOLESALER,18.85,2264.22,2581.36,0,5269.31,True
Tomato,Hybrid,Vegetable,Punjab,Ludhiana,Rabi,12,BUSINESS,43.86,1473.92,1569.68,0,1569.58,True
Tomato,Hybrid,Vegetable,Gujarat,Rajkot,Year-Round,6,BUSINESS,77.66,1474.0,1550.64,0,1619.09,True
Green Chilli,Local,Spice,Punjab,Ludhiana,Kharif,3,RESTAURANT,61.43,555.17,574.05,0,542.56,True
Soybean,Local,Oilseed,Tamil Nadu,Chennai,Rabi,8,RESTAURANT,60.68,861.17,729.0,0,613.38,True
Rice,Common,Cereal,Maharashtra,Pune,Rabi,5,RESTAURANT,54.34,2218.5,2859.2,0,2846.4,True
Potato,Local,Vegetable,Gujarat,Rajkot,Rabi,4,INDIVIDUAL,50.64,2244.65,1886.32,1,1096.33,True
Tomato,Hybrid,Vegetable,Karnataka,Bengaluru,Rabi,2,WHOLESALER,50.53,1529.72,1608.12,0,1918.86,True
Onion,Red,Vegetable,Gujarat,Rajkot,Year-Round,8,INDIVIDUAL,54.11,991.68,1039.79,0,481.53,True
Soybean,Local,Oilseed,Punjab,Ludhiana,Year-Round,11,WHOLESALER,38.72,1084.27,1139.94,1,1625.34,True
Soybean,Local,Oilseed,Gujarat,Rajkot,Rabi,2,RETAILER,31.97,1200.97,1011.12,0,973.95,True
Soybean,Local,Oilseed,Tamil Nadu,Chennai,Rabi,3,INDIVIDUAL,20.13,973.82,1013.88,0,502.79,True
Soybean,Local,Oilseed,Karnataka,Bengaluru,Rabi,7,RETAILER,37.91,775.42,849.81,0,770.97,True
Green Chilli,Local,Spice,Tamil Nadu,Chennai,Rabi,4,RETAILER,12.36,601.74,684.93,1,1032.98,True
Maize,Hybrid,Cereal,Uttar Pradesh,Agra,Rabi,7,WHOLESALER,49.51,1221.76,1117.75,0,1697.58,True
Onion,Red,Vegetable,Uttar Pradesh,Agra,Kharif,8,RETAILER,40.27,1448.94,1185.83,0,1248.11,True
Mango,Local,Fruit,Maharashtra,Pune,Kharif,1,RETAILER,86.96,675.12,778.49,0,644.8,True
Rice,Common,Cereal,Maharashtra,Mumbai,Zaid,8,RESTAURANT,39.25,3323.59,2615.4,0,2811.29,True
Wheat,Common,Cereal,Maharashtra,Mumbai,Rabi,1,RESTAURANT,47.36,1994.79,1763.77,0,1851.08,True
Onion,Red,Vegetable,Maharashtra,Nashik,Year-Round,7,RESTAURANT,41.12,1220.69,1109.73,0,1164.42,True
Mango,Local,Fruit,Maharashtra,Nashik,Zaid,7,BUSINESS,77.5,875.26,779.45,0,718.18,True
Rice,Common,Cereal,Gujarat,Rajkot,Rabi,9,INDIVIDUAL,25.93,2294.35,2688.66,0,1371.34,True
Tomato,Desi,Vegetable,Maharashtra,Mumbai,Year-Round,8,RESTAURANT,87.09,963.18,1079.88,0,975.56,True
Tomato,Hybrid,Vegetable,Madhya Pradesh,Indore,Kharif,3,INDIVIDUAL,80.36,1621.1,1392.6,0,510.03,True
Tomato,Hybrid,Vegetable,Punjab,Ludhiana,Year-Round,11,WHOLESALER,76.36,1433.75,1450.6,1,1836.2,True
Maize,Hybrid,Cereal,Maharashtra,Pune,Kharif,12,RESTAURANT,85.98,1132.49,1211.73,0,1039.89,True
Soybean,Local,Oilseed,Gujarat,Rajkot,Zaid,7,RETAILER,49.81,1123.34,1111.64,0,996.37,True
Maize,Hybrid,Cereal,Uttar Pradesh,Agra,Rabi,11,BUSINESS,22.32,1323.88,1278.28,1,2113.6,True
Green Chilli,Local,Spice,Uttar Pradesh,Agra,Rabi,5,WHOLESALER,56.97,496.91,624.5,0,931.49,True
Rice,Common,Cereal,Punjab,Ludhiana,Rabi,6,INDIVIDUAL,32.57,3020.67,2722.88,0,1334.26,True
Tomato,Desi,Vegetable,Tamil Nadu,Chennai,Kharif,7,WHOLESALER,83.32,897.82,1060.69,0,1261.54,True
Mango,Local,Fruit,Uttar Pradesh,Agra,Zaid,1,RESTAURANT,19.05,780.43,802.09,0,1103.17,True
Onion,Red,Vegetable,Maharashtra,Nashik,Zaid,7,RESTAURANT,86.05,1451.87,1472.78,0,1379.78,True
Soybean,Local,Oilseed,Karnataka,Bengaluru,Zaid,4,RESTAURANT,58.42,843.14,843.68,1,1009.46,True
Groundnut,Local,Oilseed,Maharashtra,Pune,Kharif,10,WHOLESALER,20.31,830.52,865.29,1,2031.33,True
Soybean,Local,Oilseed,Tamil Nadu,Chennai,Zaid,3,RESTAURANT,18.07,1057.35,945.51,0,1171.66,True
Tomato,Hybrid,Vegetable,Maharashtra,Nashik,Rabi,9,RETAILER,26.44,1683.51,1659.69,0,1790.63,True
Rice,Common,Cereal,Punjab,Ludhiana,Rabi,6,RETAILER,82.46,3209.71,2760.85,0,2524.39,True
Maize,Hybrid,Cereal,Madhya Pradesh,Indore,Kharif,7,WHOLESALER,56.3,1105.07,981.08,0,1377.15,True
Onion,Red,Vegetable,Madhya Pradesh,Indore,Zaid,2,RESTAURANT,76.66,1512.66,1495.41,0,1126.89,True
Potato,Local,Vegetable,Maharashtra,Pune,Zaid,5,RESTAURANT,38.51,1781.42,1753.02,0,2129.23,True
Rice,Basmati,Cereal,Tamil Nadu,Chennai,Kharif,2,RETAILER,81.11,1690.86,2017.58,0,1403.38,True
Rice,Common,Cereal,Maharashtra,Mumbai,Rabi,2,RESTAURANT,80.23,2801.2,2785.48,0,2360.47,True
Green Chilli,Local,Spice,Tamil Nadu,Chennai,Year-Round,8,BUSINESS,88.76,529.11,558.99,0,600.37,True
Rice,Common,Cereal,Karnataka,Bengaluru,Kharif,1,RETAILER,20.62,2002.36,2250.44,0,2189.17,True
Maize,Hybrid,Cereal,Maharashtra,Nashik,Kharif,9,RETAILER,42.55,936.5,1015.54,0,948.85,True
Mango,Local,Fruit,Uttar Pradesh,Agra,Zaid,8,RESTAURANT,82.49,725.7,788.06,0,683.41,True
Potato,Local,Vegetable,Maharashtra,Pune,Kharif,10,RETAILER,26.54,1761.62,1907.52,1,2560.58,True
Green Chilli,Local,Spice,Uttar Pradesh,Agra,Zaid,7,RETAILER,52.42,825.72,637.89,0,606.48,True
Tomato,Desi,Vegetable,Maharashtra,Nashik,Year-Round,3,RESTAURANT,29.51,1104.11,1077.86,0,1063.69,True
Maize,Hybrid,Cereal,Karnataka,Bengaluru,Rabi,5,WHOLESALER,47.68,855.28,935.68,0,1294.42,True
Tomato,Desi,Vegetable,Tamil Nadu,Chennai,Zaid,8,RETAILER,54.97,1268.46,1295.98,0,1066.96,True
Rice,Basmati,Cereal,Gujarat,Rajkot,Zaid,5,WHOLESALER,53.54,2738.62,2726.87,0,4399.85,True
Wheat,Common,Cereal,Maharashtra,Nashik,Rabi,8,RESTAURANT,79.72,2398.15,2596.92,0,2275.69,True
Maize,Hybrid,Cereal,Tamil Nadu,Chennai,Kharif,10,BUSINESS,60.25,1087.91,1028.59,1,1208.45,True
Rice,Common,Cereal,Maharashtra,Pune,Year-Round,2,INDIVIDUAL,51.58,2437.92,2383.27,0,862.41,True
Tomato,Hybrid,Vegetable,Gujarat,Rajkot,Zaid,2,BUSINESS,12.71,1500.21,1466.82,0,2350.48,True
Mango,Local,Fruit,Punjab,Ludhiana,Kharif,6,BUSINESS,25.55,827.06,781.09,0,1127.41,True
Tomato,Hybrid,Vegetable,Uttar Pradesh,Agra,Kharif,6,WHOLESALER,17.83,1735.79,1412.02,0,3137.1,True
Mango,Local,Fruit,Madhya Pradesh,Indore,Kharif,11,RETAILER,37.24,1114.25,938.03,1,997.83,True
Soybean,Local,Oilseed,Madhya Pradesh,Indore,Rabi,2,WHOLESALER,89.78,598.07,812.44,0,827.36,True
Groundnut,Local,Oilseed,Karnataka,Bengaluru,Year-Round,2,BUSINESS,63.05,785.78,807.33,0,663.73,True
Green Chilli,Local,Spice,Punjab,Ludhiana,Zaid,4,RESTAURANT,33.39,614.7,597.26,1,875.0,True
Potato,Local,Vegetable,Maharashtra,Nashik,Kharif,8,BUSINESS,55.89,2425.86,1863.37,0,1786.77,True
Mango,Local,Fruit,Tamil Nadu,Chennai,Kharif,5,RESTAURANT,77.89,987.22,851.42,0,823.15,True
Maize,Hybrid,Cereal,Madhya Pradesh,Indore,Kharif,12,BUSINESS,45.56,1172.31,1177.99,0,1145.01,True
Rice,Basmati,Cereal,Uttar Pradesh,Agra,Kharif,5,WHOLESALER,74.21,1846.88,2388.45,0,2930.57,True
Rice,Basmati,Cereal,Tamil Nadu,Chennai,Kharif,12,RETAILER,15.09,1674.25,1894.03,0,2284.01,True
Tomato,Hybrid,Vegetable,Tamil Nadu,Chennai,Rabi,6,BUSINESS,66.79,1471.59,1466.86,0,1695.33,True
Tomato,Hybrid,Vegetable,Tamil Nadu,Chennai,Kharif,1,INDIVIDUAL,18.13,1050.26,1193.74,0,607.67,True
Rice,Common,Cereal,Maharashtra,Pune,Zaid,2,WHOLESALER,25.06,2415.62,2671.63,0,4412.68,True
Wheat,Common,Cereal,Gujarat,Rajkot,Rabi,12,BUSINESS,38.48,2520.07,2485.9,0,3088.64,True
Soybean,Local,Oilseed,Uttar Pradesh,Agra,Rabi,3,RETAILER,24.79,1048.82,1110.14,0,1291.73,True
Maize,Hybrid,Cereal,Maharashtra,Mumbai,Rabi,3,BUSINESS,70.05,1191.06,1218.26,0,1247.64,True
Potato,Local,Vegetable,Maharashtra,Pune,Rabi,2,RESTAURANT,29.82,1705.13,1596.99,0,1592.19,True
Tomato,Hybrid,Vegetable,Madhya Pradesh,Indore,Year-Round,1,INDIVIDUAL,68.72,1442.93,1531.74,0,602.18,True
Onion,Red,Vegetable,Karnataka,Bengaluru,Year-Round,8,WHOLESALER,79.63,1465.12,1181.35,0,1406.93,True
Tomato,Desi,Vegetable,Maharashtra,Pune,Year-Round,6,WHOLESALER,89.39,1368.27,1531.51,0,1717.42,True
Potato,Local,Vegetable,Maharashtra,Pune,Year-Round,5,RETAILER,22.26,1948.02,1888.93,0,2161.43,True
Tomato,Desi,Vegetable,Madhya Pradesh,Indore,Kharif,5,INDIVIDUAL,46.1,1183.59,1212.69,0,515.2,True
Wheat,Common,Cereal,Madhya Pradesh,Indore,Kharif,4,WHOLESALER,19.43,2350.07,2081.98,1,5226.81,True
Green Chilli,Local,Spice,Maharashtra,Nashik,Year-Round,12,BUSINESS,87.65,473.56,582.28,0,513.78,True
Potato,Local,Vegetable,Uttar Pradesh,Agra,Rabi,10,INDIVIDUAL,38.29,2012.9,1753.33,1,959.37,True
Tomato,Hybrid,Vegetable,Tamil Nadu,Chennai,Year-Round,6,BUSINESS,41.59,1037.6,1291.2,0,1855.19,True
Mango,Local,Fruit,Punjab,Ludhiana,Kharif,1,BUSINESS,46.82,920.31,813.91,0,815.17,True
Tomato,Desi,Vegetable,Tamil Nadu,Chennai,Zaid,5,BUSINESS,16.03,1111.87,1305.75,0,2288.25,True
Green Chilli,Local,Spice,Punjab,Ludhiana,Zaid,5,RETAILER,51.56,682.21,654.98,0,658.01,True
Tomato,Desi,Vegetable,Madhya Pradesh,Indore,Year-Round,6,BUSINESS,21.81,930.57,923.49,0,1482.88,True
Wheat,Common,Cereal,Maharashtra,Pune,Kharif,1,INDIVIDUAL,46.61,2415.67,2354.24,0,987.84,True
Soybean,Local,Oilseed,Maharashtra,Pune,Rabi,1,WHOLESALER,79.77,943.38,997.09,0,1078.53,True
Wheat,Common,Cereal,Tamil Nadu,Chennai,Rabi,4,RETAILER,58.85,3168.1,2601.4,1,2607.19,True
Rice,Basmati,Cereal,Tamil Nadu,Chennai,Kharif,9,RETAILER,79.92,2487.68,2390.0,0,1936.31,True
Maize,Hybrid,Cereal,Karnataka,Bengaluru,Rabi,6,BUSINESS,64.07,1263.79,1165.71,0,1309.88,True
Groundnut,Local,Oilseed,Maharashtra,Nashik,Year-Round,6,RETAILER,37.61,1122.21,966.94,0,1165.04,True
Green Chilli,Local,Spice,Maharashtra,Mumbai,Year-Round,9,RETAILER,30.53,484.74,522.41,0,513.59,True
Soybean,Local,Oilseed,Maharashtra,Pune,Rabi,9,RESTAURANT,54.3,710.61,883.49,0,846.25,True
Onion,Red,Vegetable,Madhya Pradesh,Indore,Rabi,2,BUSINESS,86.53,1428.83,1364.62,0,1106.35,True
Tomato,Desi,Vegetable,Karnataka,Bengaluru,Year-Round,5,BUSINESS,64.27,1381.41,1371.9,0,1602.01,True
Wheat,Common,Cereal,Karnataka,Bengaluru,Rabi,2,WHOLESALER,33.26,2105.86,2164.2,0,2994.01,True
Soybean,Local,Oilseed,Madhya Pradesh,Indore,Kharif,7,RETAILER,56.25,1001.89,858.01,0,787.04,True
Tomato,Hybrid,Vegetable,Gujarat,Rajkot,Kharif,10,RESTAURANT,12.2,1952.23,1537.12,1,3046.56,True
Soybean,Local,Oilseed,Gujarat,Rajkot,Rabi,9,INDIVIDUAL,82.66,1027.72,990.09,0,378.15,True
Groundnut,Local,Oilseed,Punjab,Ludhiana,Year-Round,2,RESTAURANT,78.39,1001.55,937.45,0,695.56,True
Rice,Common,Cereal,Maharashtra,Pune,Kharif,1,RESTAURANT,79.8,3515.68,2712.37,0,1878.45,True
Rice,Basmati,Cereal,Punjab,Ludhiana,Zaid,3,BUSINESS,28.08,2364.25,2168.39,0,2578.43,True
Maize,Hybrid,Cereal,Maharashtra,Pune,Year-Round,3,INDIVIDUAL,64.72,867.35,1117.99,0,341.73,True
Maize,Hybrid,Cereal,Maharashtra,Nashik,Zaid,7,BUSINESS,75.86,1033.87,918.6,0,992.15,True
Onion,Red,Vegetable,Gujarat,Rajkot,Kharif,1,BUSINESS,26.97,1245.64,1435.22,0,1668.54,True
Maize,Hybrid,Cereal,Madhya Pradesh,Indore,Year-Round,1,BUSINESS,17.27,1118.42,1031.6,0,1573.51,True
Tomato,Desi,Vegetable,Maharashtra,Mumbai,Rabi,12,INDIVIDUAL,47.63,1077.64,1314.11,0,476.97,True
Potato,Local,Vegetable,Maharashtra,Pune,Zaid,4,BUSINESS,18.92,1902.43,1819.89,1,3326.64,True
Soybean,Local,Oilseed,Tamil Nadu,Chennai,Zaid,12,RETAILER,35.47,997.26,999.66,0,965.16,True
Rice,Common,Cereal,Maharashtra,Mumbai,Year-Round,6,INDIVIDUAL,69.5,2631.86,2404.14,0,960.18,True
Rice,Basmati,Cereal,Maharashtra,Pune,Year-Round,7,RETAILER,59.46,2186.74,2568.34,0,2335.66,True
Onion,Red,Vegetable,Maharashtra,Nashik,Zaid,2,INDIVIDUAL,40.09,1212.6,1142.93,0,405.18,True
Onion,Red,Vegetable,Maharashtra,Pune,Zaid,6,RESTAURANT,73.33,1321.36,1098.6,0,1281.77,True
Onion,Red,Vegetable,Maharashtra,Nashik,Rabi,6,WHOLESALER,60.98,1801.1,1452.23,0,1934.75,True
Rice,Common,Cereal,Karnataka,Bengaluru,Rabi,9,INDIVIDUAL,13.79,2571.51,2712.83,0,1513.2,True
Onion,Red,Vegetable,Maharashtra,Pune,Year-Round,10,RETAILER,56.86,1094.87,1124.32,1,1006.76,True
Rice,Basmati,Cereal,Karnataka,Bengaluru,Zaid,3,RETAILER,76.37,2328.33,2575.43,0,1930.79,True
Green Chilli,Local,Spice,Maharashtra,Pune,Year-Round,9,BUSINESS,18.24,596.11,575.28,0,865.89,True
Onion,Red,Vegetable,Maharashtra,Pune,Kharif,12,INDIVIDUAL,13.38,1137.66,1419.89,0,928.93,True
Potato,Local,Vegetable,Punjab,Ludhiana,Zaid,2,WHOLESALER,28.52,2070.15,2095.11,0,2559.4,True
Rice,Common,Cereal,Maharashtra,Mumbai,Kharif,3,INDIVIDUAL,21.47,2621.09,2829.35,0,1395.42,True
Mango,Local,Fruit,Maharashtra,Nashik,Year-Round,4,RETAILER,30.15,706.75,752.57,1,1077.25,True
Tomato,Desi,Vegetable,Punjab,Ludhiana,Year-Round,3,RESTAURANT,44.3,1443.35,1355.29,0,1429.23,True
Rice,Basmati,Cereal,Punjab,Ludhiana,Rabi,7,WHOLESALER,22.44,2711.37,2842.36,0,6012.57,True
Wheat,Common,Cereal,Madhya Pradesh,Indore,Kharif,1,INDIVIDUAL,12.95,2281.52,2590.56,0,1488.65,True
Mango,Local,Fruit,Punjab,Ludhiana,Year-Round,7,INDIVIDUAL,50.08,683.36,764.54,0,341.27,True
Maize,Hybrid,Cereal,Karnataka,Bengaluru,Kharif,6,WHOLESALER,73.23,1184.85,1288.29,0,1864.66,True
Tomato,Hybrid,Vegetable,Maharashtra,Pune,Year-Round,1,WHOLESALER,84.56,1483.11,1621.34,0,1711.59,True
Wheat,Common,Cereal,Uttar Pradesh,Agra,Year-Round,1,RETAILER,17.2,2326.73,2714.83,0,3047.36,True
Mango,Local,Fruit,Maharashtra,Nashik,Zaid,5,INDIVIDUAL,14.97,990.65,863.44,0,546.0,True
Tomato,Hybrid,Vegetable,Punjab,Ludhiana,Year-Round,5,WHOLESALER,48.03,1318.51,1514.13,0,1883.78,True
Green Chilli,Local,Spice,Uttar Pradesh,Agra,Year-Round,8,WHOLESALER,13.63,599.84,659.76,0,1192.59,True
Tomato,Desi,Vegetable,Maharashtra,Mumbai,Kharif,4,BUSINESS,72.42,1576.97,1495.17,1,2266.14,True
Tomato,Desi,Vegetable,Punjab,Ludhiana,Year-Round,12,RESTAURANT,88.44,1810.77,1489.23,0,1301.32,True
Mango,Local,Fruit,Maharashtra,Pune,Zaid,10,RETAILER,84.39,786.98,847.47,1,658.94,True
Groundnut,Local,Oilseed,Tamil Nadu,Chennai,Rabi,6,BUSINESS,30.77,803.58,831.19,0,1221.55,True
Potato,Local,Vegetable,Madhya Pradesh,Indore,Zaid,1,BUSINESS,83.68,2142.5,1946.83,0,1597.48,True
Green Chilli,Local,Spice,Gujarat,Rajkot,Rabi,8,BUSINESS,16.2,603.46,667.49,0,1094.99,True
Tomato,Desi,Vegetable,Maharashtra,Pune,Kharif,5,BUSINESS,75.79,1080.67,1076.73,0,992.7,True
Wheat,Common,Cereal,Uttar Pradesh,Agra,Zaid,5,INDIVIDUAL,69.99,2258.11,2193.88,0,952.83,True
Green Chilli,Local,Spice,Gujarat,Rajkot,Rabi,10,RETAILER,69.85,586.19,612.3,1,588.83,True
Potato,Local,Vegetable,Maharashtra,Pune,Zaid,9,WHOLESALER,69.9,2145.47,1877.96,0,1997.25,True
Maize,Hybrid,Cereal,Karnataka,Bengaluru,Year-Round,6,WHOLESALER,71.36,1043.71,1263.54,0,1550.93,True
Potato,Local,Vegetable,Madhya Pradesh,Indore,Rabi,8,RESTAURANT,89.71,1237.54,1652.91,0,1521.65,True
Potato,Local,Vegetable,Punjab,Ludhiana,Rabi,5,INDIVIDUAL,14.27,1772.99,1860.97,0,1165.97,True
Onion,Red,Vegetable,Maharashtra,Nashik,Zaid,7,BUSINESS,51.79,1372.96,1324.72,0,1675.94,True
Wheat,Common,Cereal,Gujarat,Rajkot,Rabi,2,RESTAURANT,33.05,2159.76,2161.59,0,2405.67,True
Potato,Local,Vegetable,Uttar Pradesh,Agra,Year-Round,12,WHOLESALER,67.2,2137.88,1815.91,0,1947.65,True
Rice,Common,Cereal,Maharashtra,Nashik,Zaid,1,WHOLESALER,40.97,2786.19,2549.65,0,3586.5,True
Rice,Basmati,Cereal,Maharashtra,Nashik,Kharif,6,BUSINESS,50.7,2337.83,2636.28,0,3334.39,True
Soybean,Local,Oilseed,Maharashtra,Pune,Zaid,11,RETAILER,57.69,984.34,819.21,1,813.41,True
Groundnut,Local,Oilseed,Maharashtra,Mumbai,Kharif,3,WHOLESALER,78.51,675.46,800.41,0,784.51,True
Green Chilli,Local,Spice,Punjab,Ludhiana,Year-Round,6,WHOLESALER,18.29,430.2,431.63,0,998.43,True
Tomato,Hybrid,Vegetable,Gujarat,Rajkot,Kharif,4,RETAILER,24.39,1399.14,1350.24,1,2031.44,True
Onion,Red,Vegetable,Punjab,Ludhiana,Rabi,8,BUSINESS,15.48,1738.94,1571.77,0,2412.17,True
Soybean,Local,Oilseed,Uttar Pradesh,Agra,Zaid,10,RETAILER,72.58,862.97,947.97,1,692.62,True
Rice,Common,Cereal,Uttar Pradesh,Agra,Zaid,2,RESTAURANT,87.14,3068.37,2829.85,0,2147.35,True
Soybean,Local,Oilseed,Gujarat,Rajkot,Year-Round,9,INDIVIDUAL,88.54,871.11,1025.46,0,350.36,True
Potato,Local,Vegetable,Maharashtra,Mumbai,Kharif,5,BUSINESS,39.26,1418.67,1555.82,0,1855.51,True
Rice,Common,Cereal,Uttar Pradesh,Agra,Zaid,1,RETAILER,88.48,2057.78,2472.09,0,1883.59,True
Tomato,Hybrid,Vegetable,Maharashtra,Nashik,Rabi,6,WHOLESALER,49.81,1611.7,1531.47,0,2463.33,True
Tomato,Desi,Vegetable,Maharashtra,Mumbai,Kharif,7,BUSINESS,16.86,1491.78,1481.64,0,2350.79,True
Tomato,Hybrid,Vegetable,Madhya Pradesh,Indore,Kharif,4,WHOLESALER,37.76,1513.12,1491.17,1,3197.83,True
Wheat,Common,Cereal,Gujarat,Rajkot,Kharif,6,BUSINESS,79.91,1892.91,2329.97,0,2687.3,True
Tomato,Hybrid,Vegetable,Karnataka,Bengaluru,Zaid,6,BUSINESS,47.23,1343.06,1488.32,0,1846.46,True
Green Chilli,Local,Spice,Maharashtra,Mumbai,Zaid,8,BUSINESS,52.82,602.62,655.15,0,846.94,True
Rice,Common,Cereal,Tamil Nadu,Chennai,Zaid,8,WHOLESALER,24.32,3220.48,2880.81,0,5198.11,True
Rice,Common,Cereal,Maharashtra,Mumbai,Kharif,3,RESTAURANT,33.6,2305.8,2457.91,0,2718.19,True
Groundnut,Local,Oilseed,Punjab,Ludhiana,Year-Round,6,RESTAURANT,80.83,917.34,914.68,0,1001.83,True
Tomato,Hybrid,Vegetable,Madhya Pradesh,Indore,Kharif,5,INDIVIDUAL,37.19,1430.51,1370.71,0,634.1,True
Onion,Red,Vegetable,Tamil Nadu,Chennai,Year-Round,2,WHOLESALER,18.19,1299.74,1438.79,0,2393.99,True
Maize,Hybrid,Cereal,Karnataka,Bengaluru,Rabi,2,RESTAURANT,71.25,1077.92,953.93,0,807.99,True
Mango,Local,Fruit,Punjab,Ludhiana,Year-Round,8,WHOLESALER,19.85,703.45,754.64,0,1329.83,True
Maize,Hybrid,Cereal,Maharashtra,Mumbai,Zaid,2,WHOLESALER,59.87,1057.96,1313.83,0,1552.42,True
Groundnut,Local,Oilseed,Maharashtra,Mumbai,Kharif,4,INDIVIDUAL,64.74,1031.99,902.59,1,411.65,True
Mango,Local,Fruit,Madhya Pradesh,Indore,Rabi,9,BUSINESS,29.72,830.1,759.26,0,1041.01,True
Maize,Hybrid,Cereal,Uttar Pradesh,Agra,Zaid,5,RESTAURANT,71.53,1423.32,1211.38,0,1134.08,True
Onion,Red,Vegetable,Maharashtra,Nashik,Zaid,9,RESTAURANT,16.61,1568.47,1439.51,0,1881.74,True
Rice,Basmati,Cereal,Karnataka,Bengaluru,Kharif,8,RESTAURANT,44.2,2189.35,2215.33,0,2680.41,True
Tomato,Hybrid,Vegetable,Tamil Nadu,Chennai,Year-Round,8,WHOLESALER,87.37,1428.02,1558.24,0,1943.02,True
Rice,Common,Cereal,Tamil Nadu,Chennai,Zaid,12,RETAILER,33.96,2849.03,2728.76,0,2970.56,True
Wheat,Common,Cereal,Maharashtra,Nashik,Rabi,9,RETAILER,48.56,2089.25,2591.99,0,2002.98,True
Maize,Hybrid,Cereal,Karnataka,Bengaluru,Zaid,4,BUSINESS,78.48,1094.59,982.54,1,1408.66,True
Maize,Hybrid,Cereal,Gujarat,Rajkot,Zaid,7,INDIVIDUAL,77.38,827.72,1038.61,0,440.72,True
Green Chilli,Local,Spice,Punjab,Ludhiana,Kharif,4,INDIVIDUAL,58.72,576.71,558.93,1,303.17,True
Tomato,Hybrid,Vegetable,Maharashtra,Pune,Year-Round,1,INDIVIDUAL,66.17,1314.37,1331.94,0,433.25,True
Rice,Basmati,Cereal,Gujarat,Rajkot,Kharif,3,BUSINESS,73.53,2783.62,2382.85,0,2416.84,True
Mango,Local,Fruit,Karnataka,Bengaluru,Rabi,12,INDIVIDUAL,87.72,646.96,728.32,0,253.26,True
Wheat,Common,Cereal,Madhya Pradesh,Indore,Rabi,6,RETAILER,12.23,2425.77,2395.25,0,3452.52,True
Groundnut,Local,Oilseed,Gujarat,Rajkot,Zaid,12,WHOLESALER,87.78,625.0,831.28,0,938.38,True
Onion,Red,Vegetable,Gujarat,Rajkot,Kharif,6,RETAILER,12.6,1180.88,1226.39,0,1710.83,True
Green Chilli,Local,Spice,Punjab,Ludhiana,Kharif,10,RESTAURANT,15.46,604.39,649.76,1,1158.24,True
Green Chilli,Local,Spice,Maharashtra,Mumbai,Zaid,7,RETAILER,14.31,545.56,565.48,0,793.96,True
Groundnut,Local,Oilseed,Maharashtra,Nashik,Year-Round,12,RESTAURANT,44.06,925.99,872.71,0,774.77,True
Soybean,Local,Oilseed,Madhya Pradesh,Indore,Year-Round,10,INDIVIDUAL,12.12,975.03,1035.03,1,769.2,True
Rice,Common,Cereal,Maharashtra,Nashik,Zaid,4,WHOLESALER,32.02,3084.57,2879.86,1,5434.75,True
Mango,Local,Fruit,Gujarat,Rajkot,Year-Round,1,RETAILER,43.53,933.21,821.39,0,649.23,True
Tomato,Desi,Vegetable,Tamil Nadu,Chennai,Rabi,2,RESTAURANT,58.31,1447.71,1326.87,0,1161.5,True
Groundnut,Local,Oilseed,Punjab,Ludhiana,Rabi,6,RESTAURANT,53.65,719.99,904.11,0,954.18,True
Tomato,Hybrid,Vegetable,Madhya Pradesh,Indore,Kharif,10,INDIVIDUAL,21.59,1312.13,1206.09,1,796.01,True
Mango,Local,Fruit,Punjab,Ludhiana,Rabi,11,WHOLESALER,43.5,911.77,902.99,1,1316.14,True
Rice,Basmati,Cereal,Maharashtra,Pune,Year-Round,3,RESTAURANT,78.89,2706.4,2466.42,0,2193.18,True
Soybean,Local,Oilseed,Tamil Nadu,Chennai,Rabi,4,BUSINESS,65.7,681.27,783.89,1,1008.45,True
Green Chilli,Local,Spice,Madhya Pradesh,Indore,Year-Round,5,RETAILER,38.98,792.28,678.62,0,655.73,True
Groundnut,Local,Oilseed,Maharashtra,Nashik,Kharif,6,INDIVIDUAL,53.42,859.37,832.22,0,414.51,True
Rice,Basmati,Cereal,Maharashtra,Nashik,Zaid,4,RETAILER,22.96,2377.41,2381.54,1,3588.13,True
Onion,Red,Vegetable,Uttar Pradesh,Agra,Zaid,11,WHOLESALER,42.84,1259.99,1400.9,1,2114.63,True
Green Chilli,Local,Spice,Punjab,Ludhiana,Rabi,5,WHOLESALER,41.23,377.74,442.57,0,672.82,True
Groundnut,Local,Oilseed,Karnataka,Bengaluru,Kharif,6,BUSINESS,88.45,1136.03,863.28,0,771.77,True
Rice,Basmati,Cereal,Punjab,Ludhiana,Zaid,7,RESTAURANT,39.78,2904.16,2635.71,0,3132.47,True
Mango,Local,Fruit,Punjab,Ludhiana,Year-Round,11,BUSINESS,39.09,604.86,694.23,1,941.9,True
Potato,Local,Vegetable,Maharashtra,Pune,Zaid,4,RESTAURANT,73.03,1846.05,1637.62,1,2099.31,True
Potato,Local,Vegetable,Punjab,Ludhiana,Zaid,5,BUSINESS,78.5,1791.78,1685.82,0,1784.32,True
Groundnut,Local,Oilseed,Punjab,Ludhiana,Rabi,11,INDIVIDUAL,47.76,799.52,792.33,1,361.71,True
Soybean,Local,Oilseed,Uttar Pradesh,Agra,Kharif,3,RESTAURANT,52.01,1166.59,1136.95,0,1047.34,True
Rice,Basmati,Cereal,Madhya Pradesh,Indore,Rabi,4,RESTAURANT,27.85,2738.85,2351.08,1,3075.0,True
Tomato,Desi,Vegetable,Maharashtra,Nashik,Zaid,5,RESTAURANT,43.79,1814.71,1707.91,0,2031.96,True
Onion,Red,Vegetable,Madhya Pradesh,Indore,Kharif,3,RETAILER,16.64,1136.94,1256.75,0,1319.86,True
Green Chilli,Local,Spice,Madhya Pradesh,Indore,Year-Round,2,INDIVIDUAL,14.38,554.2,549.0,0,315.42,True
Green Chilli,Local,Spice,Maharashtra,Pune,Kharif,8,RESTAURANT,28.43,626.23,567.86,0,733.77,True
Green Chilli,Local,Spice,Gujarat,Rajkot,Year-Round,5,BUSINESS,63.37,688.04,642.94,0,735.78,True
Tomato,Desi,Vegetable,Gujarat,Rajkot,Zaid,9,WHOLESALER,18.06,873.86,1086.77,0,1854.59,True
Potato,Local,Vegetable,Maharashtra,Pune,Kharif,3,RESTAURANT,79.78,1555.12,1701.28,0,1455.85,True
Tomato,Desi,Vegetable,Uttar Pradesh,Agra,Year-Round,2,WHOLESALER,67.39,1245.11,1156.78,0,1212.54,True
Rice,Common,Cereal,Gujarat,Rajkot,Rabi,7,RESTAURANT,13.72,3262.98,2867.2,0,4782.98,True
Tomato,Hybrid,Vegetable,Tamil Nadu,Chennai,Rabi,5,INDIVIDUAL,59.07,1436.46,1704.1,0,546.8,True
Soybean,Local,Oilseed,Karnataka,Bengaluru,Year-Round,6,BUSINESS,61.69,674.5,967.47,0,1288.6,True
Onion,Red,Vegetable,Punjab,Ludhiana,Year-Round,6,BUSINESS,23.14,1435.03,1296.57,0,1728.64,True
Tomato,Desi,Vegetable,Gujarat,Rajkot,Rabi,11,RETAILER,70.39,1198.94,1296.35,1,1146.66,True
Rice,Basmati,Cereal,Uttar Pradesh,Agra,Kharif,7,WHOLESALER,48.42,2565.28,2619.95,0,3807.72,True
Maize,Hybrid,Cereal,Maharashtra,Pune,Year-Round,4,BUSINESS,82.76,1101.41,1116.46,1,1456.82,True
Rice,Basmati,Cereal,Gujarat,Rajkot,Year-Round,3,INDIVIDUAL,21.05,2351.82,2519.59,0,1194.7,True
Green Chilli,Local,Spice,Punjab,Ludhiana,Zaid,5,RETAILER,33.72,653.28,624.63,0,617.62,True
Maize,Hybrid,Cereal,Tamil Nadu,Chennai,Kharif,4,RESTAURANT,61.48,830.21,833.23,1,1030.37,True
Tomato,Desi,Vegetable,Maharashtra,Mumbai,Year-Round,9,BUSINESS,79.0,1482.64,1444.52,0,1189.48,True
Onion,Red,Vegetable,Maharashtra,Pune,Year-Round,9,RETAILER,79.84,1755.19,1517.25,0,1160.15,True
Tomato,Desi,Vegetable,Tamil Nadu,Chennai,Year-Round,8,BUSINESS,69.61,1578.67,1398.26,0,1288.63,True
Green Chilli,Local,Spice,Gujarat,Rajkot,Rabi,6,RETAILER,81.44,454.52,547.29,0,399.35,True
Green Chilli,Local,Spice,Punjab,Ludhiana,Rabi,8,WHOLESALER,13.51,590.48,607.14,0,1142.85,True
Maize,Hybrid,Cereal,Maharashtra,Mumbai,Zaid,6,RETAILER,82.67,1063.9,1200.54,0,1127.95,True
Rice,Common,Cereal,Maharashtra,Nashik,Year-Round,12,WHOLESALER,78.86,2231.78,2456.76,0,2793.96,True
Maize,Hybrid,Cereal,Maharashtra,Pune,Kharif,6,INDIVIDUAL,38.66,1095.22,1006.87,0,544.41,True
Groundnut,Local,Oilseed,Punjab,Ludhiana,Year-Round,7,BUSINESS,78.07,1094.6,1013.12,0,1128.34,True
Wheat,Common,Cereal,Uttar Pradesh,Agra,Zaid,4,RESTAURANT,67.39,2621.87,2436.03,1,2781.1,True
Mango,Local,Fruit,Karnataka,Bengaluru,Rabi,8,RETAILER,30.65,999.85,796.58,0,863.65,True
Groundnut,Local,Oilseed,Uttar Pradesh,Agra,Kharif,1,RESTAURANT,68.6,948.62,920.8,0,757.37,True
Potato,Local,Vegetable,Punjab,Ludhiana,Year-Round,8,BUSINESS,42.28,1681.07,1955.65,0,2510.05,True
Tomato,Hybrid,Vegetable,Karnataka,Bengaluru,Rabi,8,BUSINESS,54.03,1454.75,1524.85,0,1763.97,True
Onion,Red,Vegetable,Karnataka,Bengaluru,Kharif,11,RETAILER,86.72,1152.34,1427.79,1,1202.35,True
Soybean,Local,Oilseed,Punjab,Ludhiana,Rabi,5,WHOLESALER,54.66,786.58,933.83,0,1416.34,True
Wheat,Common,Cereal,Maharashtra,Nashik,Kharif,11,INDIVIDUAL,53.12,2917.68,2443.64,1,1014.9,True
Maize,Hybrid,Cereal,Karnataka,Bengaluru,Zaid,12,RESTAURANT,88.53,975.47,924.21,0,885.27,True
Rice,Common,Cereal,Uttar Pradesh,Agra,Rabi,2,WHOLESALER,13.11,2389.77,2245.57,0,4173.4,True
Tomato,Desi,Vegetable,Maharashtra,Nashik,Zaid,11,INDIVIDUAL,86.33,1350.12,1288.01,1,523.51,True
Onion,Red,Vegetable,Maharashtra,Nashik,Zaid,7,RETAILER,24.69,1736.55,1474.03,0,1791.0,True
Rice,Basmati,Cereal,Tamil Nadu,Chennai,Kharif,10,BUSINESS,39.85,2346.08,2187.4,1,3209.64,True
Wheat,Common,Cereal,Uttar Pradesh,Agra,Kharif,11,RETAILER,43.42,3252.8,2291.5,1,2066.19,True
Rice,Common,Cereal,Maharashtra,Nashik,Zaid,4,BUSINESS,70.83,2370.37,2114.7,1,2599.58,True
Onion,Red,Vegetable,Punjab,Ludhiana,Zaid,2,BUSINESS,78.09,1599.0,1510.69,0,1349.91,True
Green Chilli,Local,Spice,Maharashtra,Nashik,Kharif,6,WHOLESALER,65.0,476.73,578.13,0,832.14,True
Green Chilli,Local,Spice,Maharashtra,Mumbai,Year-Round,10,RESTAURANT,34.03,767.78,702.12,1,903.41,True
Rice,Common,Cereal,Gujarat,Rajkot,Kharif,5,BUSINESS,76.21,2939.44,2629.25,0,2603.75,True
Potato,Local,Vegetable,Madhya Pradesh,Indore,Rabi,12,RETAILER,40.42,1791.99,1657.32,0,1449.18,True
Tomato,Hybrid,Vegetable,Maharashtra,Mumbai,Zaid,8,RESTAURANT,77.19,1468.76,1685.37,0,1634.4,True
Potato,Local,Vegetable,Maharashtra,Pune,Kharif,1,INDIVIDUAL,34.03,1892.76,2014.65,0,862.89,True
Green Chilli,Local,Spice,Tamil Nadu,Chennai,Kharif,9,BUSINESS,52.76,487.83,556.11,0,530.58,True
Potato,Local,Vegetable,Uttar Pradesh,Agra,Zaid,4,BUSINESS,36.19,1827.41,1665.17,1,2932.39,True
Maize,Hybrid,Cereal,Punjab,Ludhiana,Kharif,7,WHOLESALER,35.63,1086.37,1231.35,0,1915.14,True
Groundnut,Local,Oilseed,Uttar Pradesh,Agra,Year-Round,7,INDIVIDUAL,54.31,851.56,889.28,0,360.22,True
Rice,Common,Cereal,Maharashtra,Pune,Zaid,9,RETAILER,86.27,2395.1,2187.0,0,1673.91,True
Rice,Basmati,Cereal,Maharashtra,Nashik,Kharif,9,RESTAURANT,40.8,3051.5,2700.84,0,3002.06,True
Groundnut,Local,Oilseed,Uttar Pradesh,Agra,Kharif,7,WHOLESALER,68.86,880.18,814.08,0,1032.88,True
Rice,Basmati,Cereal,Uttar Pradesh,Agra,Year-Round,4,INDIVIDUAL,78.81,2969.62,2635.01,1,1337.93,True
Rice,Common,Cereal,Maharashtra,Nashik,Kharif,3,WHOLESALER,24.72,3064.19,2780.84,0,4239.22,True
Onion,Red,Vegetable,Maharashtra,Mumbai,Year-Round,10,RETAILER,87.68,1136.8,1389.98,1,1156.46,True
Groundnut,Local,Oilseed,Maharashtra,Mumbai,Rabi,9,RETAILER,87.43,783.2,850.6,0,635.36,True
Potato,Local,Vegetable,Maharashtra,Mumbai,Year-Round,11,RESTAURANT,79.49,1768.0,1875.78,1,1722.38,True
Rice,Common,Cereal,Maharashtra,Pune,Year-Round,6,RESTAURANT,51.12,2402.9,2546.66,0,2881.67,True
Onion,Red,Vegetable,Gujarat,Rajkot,Year-Round,1,RETAILER,13.54,1206.05,1414.26,0,1638.1,True
Mango,Local,Fruit,Maharashtra,Nashik,Rabi,1,INDIVIDUAL,69.15,731.63,745.18,0,245.09,True
Maize,Hybrid,Cereal,Maharashtra,Mumbai,Rabi,5,RESTAURANT,16.41,1280.6,1202.52,0,1803.85,True
Onion,Red,Vegetable,Uttar Pradesh,Agra,Zaid,7,RESTAURANT,73.25,1429.99,1459.43,0,1487.36,True
Tomato,Desi,Vegetable,Uttar Pradesh,Agra,Rabi,5,BUSINESS,43.48,1432.78,1294.5,0,1733.67,True
Maize,Hybrid,Cereal,Maharashtra,Nashik,Zaid,1,BUSINESS,17.78,1479.54,1142.97,0,1691.41,True
Wheat,Common,Cereal,Uttar Pradesh,Agra,Rabi,10,RESTAURANT,58.44,2689.38,2727.55,1,2878.25,True
Onion,Red,Vegetable,Maharashtra,Mumbai,Year-Round,3,WHOLESALER,32.86,1305.04,1513.6,0,2311.67,True
Maize,Hybrid,Cereal,Karnataka,Bengaluru,Zaid,12,WHOLESALER,79.56,1353.16,1269.17,0,1462.88,True
Groundnut,Local,Oilseed,Gujarat,Rajkot,Rabi,4,WHOLESALER,41.14,810.25,862.07,1,1673.77,True
Maize,Hybrid,Cereal,Karnataka,Bengaluru,Zaid,1,WHOLESALER,43.12,1032.04,1082.08,0,1447.22,True
Rice,Basmati,Cereal,Uttar Pradesh,Agra,Kharif,10,WHOLESALER,69.94,2578.11,2682.01,1,3830.33,True
Groundnut,Local,Oilseed,Tamil Nadu,Chennai,Zaid,10,RESTAURANT,57.98,1039.97,875.26,1,1084.09,True
Soybean,Local,Oilseed,Maharashtra,Pune,Year-Round,8,RETAILER,75.83,915.56,942.96,0,738.16,True
Tomato,Desi,Vegetable,Maharashtra,Mumbai,Rabi,10,RETAILER,64.48,1458.78,1390.71,1,1353.42,True
Potato,Local,Vegetable,Karnataka,Bengaluru,Zaid,8,RESTAURANT,60.11,2164.76,1956.45,0,1821.13,True
Soybean,Local,Oilseed,Maharashtra,Nashik,Kharif,6,RESTAURANT,53.99,863.66,953.6,0,942.19,True
Rice,Basmati,Cereal,Punjab,Ludhiana,Kharif,2,RESTAURANT,47.44,2345.4,2165.35,0,1861.93,True
Onion,Red,Vegetable,Maharashtra,Pune,Year-Round,11,INDIVIDUAL,73.15,1641.24,1640.71,1,532.01,True
Groundnut,Local,Oilseed,Tamil Nadu,Chennai,Kharif,4,INDIVIDUAL,48.62,820.5,933.21,1,508.33,True
Rice,Basmati,Cereal,Uttar Pradesh,Agra,Kharif,5,RETAILER,26.48,2695.04,2461.57,0,2872.96,True
Onion,Red,Vegetable,Maharashtra,Mumbai,Zaid,4,INDIVIDUAL,12.62,1515.05,1385.42,1,986.46,True
Soybean,Local,Oilseed,Karnataka,Bengaluru,Year-Round,9,INDIVIDUAL,36.01,848.37,983.58,0,383.16,True
Soybean,Local,Oilseed,Madhya Pradesh,Indore,Year-Round,1,RETAILER,20.0,781.19,1051.16,0,996.35,True
Rice,Basmati,Cereal,Punjab,Ludhiana,Rabi,7,RETAILER,38.89,1793.37,2503.58,0,2363.04,True
Rice,Basmati,Cereal,Tamil Nadu,Chennai,Kharif,5,INDIVIDUAL,68.31,1737.67,2444.45,0,1116.38,True
Green Chilli,Local,Spice,Maharashtra,Pune,Kharif,6,BUSINESS,52.16,552.72,572.01,0,724.14,True
Soybean,Local,Oilseed,Maharashtra,Mumbai,Year-Round,2,RETAILER,28.53,811.77,864.66,0,734.76,True
Rice,Basmati,Cereal,Gujarat,Rajkot,Year-Round,11,INDIVIDUAL,44.35,2421.67,2275.22,1,1125.72,True
Potato,Local,Vegetable,Gujarat,Rajkot,Zaid,10,RETAILER,27.89,1449.98,1895.43,1,2223.31,True
Tomato,Hybrid,Vegetable,Punjab,Ludhiana,Year-Round,7,WHOLESALER,51.96,1561.3,1508.49,0,2101.97,True
Potato,Local,Vegetable,Madhya Pradesh,Indore,Rabi,1,INDIVIDUAL,72.57,2061.27,1984.99,0,632.4,True
Green Chilli,Local,Spice,Tamil Nadu,Chennai,Rabi,12,RETAILER,53.78,733.93,702.56,0,598.95,True
Maize,Hybrid,Cereal,Maharashtra,Mumbai,Year-Round,3,RETAILER,53.46,1253.05,1246.49,0,977.99,True
Groundnut,Local,Oilseed,Punjab,Ludhiana,Rabi,9,WHOLESALER,82.34,613.96,634.97,0,750.58,True
Maize,Hybrid,Cereal,Gujarat,Rajkot,Year-Round,12,BUSINESS,62.57,992.81,1078.67,0,1051.12,True
Groundnut,Local,Oilseed,Maharashtra,Mumbai,Zaid,3,RESTAURANT,67.12,796.3,964.43,0,751.84,True
Groundnut,Local,Oilseed,Maharashtra,Pune,Rabi,1,RETAILER,12.41,973.15,900.9,0,1044.54,True
Wheat,Common,Cereal,Tamil Nadu,Chennai,Rabi,10,INDIVIDUAL,52.64,2808.29,2419.68,1,1040.62,True
Onion,Red,Vegetable,Maharashtra,Nashik,Zaid,5,RESTAURANT,60.4,1381.55,1299.11,0,1350.68,True
Soybean,Local,Oilseed,Maharashtra,Nashik,Year-Round,7,RESTAURANT,45.79,998.49,938.8,0,1102.21,True
Green Chilli,Local,Spice,Uttar Pradesh,Agra,Rabi,10,BUSINESS,48.97,601.29,540.73,1,661.56,True
Wheat,Common,Cereal,Maharashtra,Pune,Rabi,12,WHOLESALER,51.55,1922.99,2158.07,0,3093.4,True
Soybean,Local,Oilseed,Madhya Pradesh,Indore,Rabi,1,RETAILER,32.6,1030.47,966.32,0,807.1,True
Mango,Local,Fruit,Punjab,Ludhiana,Rabi,11,BUSINESS,76.25,714.71,728.39,1,876.62,True
Rice,Common,Cereal,Uttar Pradesh,Agra,Year-Round,4,WHOLESALER,66.52,1787.2,2337.78,1,3848.29,True
Wheat,Common,Cereal,Maharashtra,Pune,Year-Round,6,RETAILER,82.04,1944.42,2024.45,0,1813.23,True
Rice,Common,Cereal,Gujarat,Rajkot,Kharif,6,WHOLESALER,77.9,2220.43,2722.01,0,3786.54,True
Soybean,Local,Oilseed,Maharashtra,Mumbai,Kharif,11,RESTAURANT,56.55,877.95,1008.18,1,999.13,True
Potato,Local,Vegetable,Karnataka,Bengaluru,Zaid,11,INDIVIDUAL,73.13,1587.11,1473.83,1,551.13,True
Rice,Basmati,Cereal,Gujarat,Rajkot,Rabi,1,BUSINESS,15.04,2797.04,2672.97,0,4268.6,True
Potato,Local,Vegetable,Maharashtra,Mumbai,Year-Round,5,INDIVIDUAL,43.38,1646.05,1680.15,0,863.78,True
Tomato,Desi,Vegetable,Tamil Nadu,Chennai,Year-Round,3,RESTAURANT,84.47,1465.82,1403.88,0,956.81,True
Groundnut,Local,Oilseed,Punjab,Ludhiana,Zaid,5,BUSINESS,50.54,953.04,839.72,0,993.26,True
Groundnut,Local,Oilseed,Maharashtra,Pune,Zaid,7,WHOLESALER,20.58,932.89,910.81,0,1825.14,True
Rice,Common,Cereal,Tamil Nadu,Chennai,Zaid,9,RETAILER,17.44,3146.74,3018.18,0,3364.63,True
Wheat,Common,Cereal,Uttar Pradesh,Agra,Rabi,2,RETAILER,77.31,2876.7,2706.8,0,2018.88,True
Groundnut,Local,Oilseed,Gujarat,Rajkot,Rabi,4,RESTAURANT,61.84,984.85,950.65,1,1119.28,True
Groundnut,Local,Oilseed,Gujarat,Rajkot,Year-Round,8,RESTAURANT,16.06,860.9,868.61,0,1233.21,True
Tomato,Hybrid,Vegetable,Karnataka,Bengaluru,Year-Round,7,RESTAURANT,28.48,1440.54,1594.43,0,2239.33,True
Potato,Local,Vegetable,Maharashtra,Mumbai,Year-Round,5,WHOLESALER,65.91,2015.24,1686.32,0,2475.0,True
Green Chilli,Local,Spice,Karnataka,Bengaluru,Year-Round,7,INDIVIDUAL,88.08,643.55,620.58,0,224.49,True
Mango,Local,Fruit,Maharashtra,Pune,Zaid,4,WHOLESALER,32.95,625.27,785.78,1,1495.99,True
Wheat,Common,Cereal,Gujarat,Rajkot,Kharif,8,BUSINESS,76.48,1739.01,2060.41,0,2214.13,True
Green Chilli,Local,Spice,Uttar Pradesh,Agra,Rabi,8,RESTAURANT,12.24,699.67,690.03,0,1093.77,True
Tomato,Hybrid,Vegetable,Madhya Pradesh,Indore,Zaid,10,RETAILER,67.78,1142.9,1370.41,1,1213.16,True
Tomato,Desi,Vegetable,Maharashtra,Mumbai,Year-Round,8,RETAILER,79.25,1212.76,1158.04,0,771.85,True
Rice,Common,Cereal,Maharashtra,Nashik,Year-Round,9,BUSINESS,13.23,2400.98,1938.69,0,3234.99,True
Rice,Basmati,Cereal,Maharashtra,Mumbai,Year-Round,7,RETAILER,79.06,2377.93,2989.1,0,2306.46,True
Onion,Red,Vegetable,Tamil Nadu,Chennai,Year-Round,8,INDIVIDUAL,81.41,1632.89,1406.01,0,524.55,True
Rice,Basmati,Cereal,Karnataka,Bengaluru,Year-Round,7,RETAILER,69.85,2696.24,2931.87,0,2454.11,True
Wheat,Common,Cereal,Punjab,Ludhiana,Rabi,3,BUSINESS,50.28,2541.98,2603.31,0,3018.67,True
Rice,Common,Cereal,Gujarat,Rajkot,Rabi,9,RESTAURANT,85.23,2974.08,3086.99,0,2698.6,True
Groundnut,Local,Oilseed,Punjab,Ludhiana,Rabi,4,RETAILER,13.97,689.02,861.51,1,1735.65,True
Onion,Red,Vegetable,Maharashtra,Pune,Kharif,4,BUSINESS,70.52,1462.11,1487.42,1,1753.52,True
Tomato,Hybrid,Vegetable,Gujarat,Rajkot,Rabi,8,WHOLESALER,85.98,1626.23,1521.31,0,1891.65,True
Rice,Common,Cereal,Maharashtra,Pune,Rabi,2,RETAILER,66.92,2800.21,2859.69,0,2110.78,True
Tomato,Desi,Vegetable,Punjab,Ludhiana,Rabi,5,RETAILER,51.83,1436.05,1399.87,0,1353.19,True
Rice,Common,Cereal,Karnataka,Bengaluru,Rabi,1,RETAILER,46.18,3495.92,3620.82,0,3076.15,True
Potato,Local,Vegetable,Maharashtra,Pune,Year-Round,9,BUSINESS,68.52,1647.05,1844.85,0,1657.97,True
Tomato,Hybrid,Vegetable,Gujarat,Rajkot,Rabi,3,RESTAURANT,56.34,1221.26,1418.06,0,1375.28,True
Soybean,Local,Oilseed,Punjab,Ludhiana,Kharif,8,WHOLESALER,36.81,1079.61,908.95,0,1348.92,True
Potato,Local,Vegetable,Gujarat,Rajkot,Kharif,5,RESTAURANT,34.91,1740.36,1715.66,0,2010.88,True
Groundnut,Local,Oilseed,Maharashtra,Nashik,Rabi,3,BUSINESS,78.15,863.19,774.41,0,758.02,True
Potato,Local,Vegetable,Maharashtra,Mumbai,Rabi,8,RESTAURANT,78.26,2146.55,2065.08,0,1895.65,True
Wheat,Common,Cereal,Maharashtra,Pune,Year-Round,6,BUSINESS,24.86,2284.52,2591.42,0,3683.62,True
Maize,Hybrid,Cereal,Maharashtra,Pune,Zaid,10,WHOLESALER,82.57,809.83,961.37,1,1366.98,True
Potato,Local,Vegetable,Maharashtra,Mumbai,Year-Round,5,RESTAURANT,71.05,1657.68,1914.38,0,1617.27,True
Tomato,Desi,Vegetable,Karnataka,Bengaluru,Year-Round,7,BUSINESS,36.48,952.51,1098.03,0,1565.27,True
Maize,Hybrid,Cereal,Maharashtra,Pune,Rabi,3,WHOLESALER,59.1,1159.35,1124.92,0,1345.97,True
Onion,Red,Vegetable,Uttar Pradesh,Agra,Kharif,10,WHOLESALER,22.69,1331.05,1217.69,1,2649.96,True
Wheat,Common,Cereal,Tamil Nadu,Chennai,Rabi,5,RETAILER,15.53,2230.36,2181.03,0,2923.9,True
Potato,Local,Vegetable,Gujarat,Rajkot,Rabi,10,RETAILER,85.53,1950.6,1993.85,1,1678.23,True
Green Chilli,Local,Spice,Punjab,Ludhiana,Zaid,5,RESTAURANT,88.48,740.91,690.98,0,636.67,True
Mango,Local,Fruit,Madhya Pradesh,Indore,Rabi,11,INDIVIDUAL,31.21,911.57,783.02,1,406.3,True
Rice,Common,Cereal,Punjab,Ludhiana,Year-Round,2,BUSINESS,14.13,2242.12,2208.73,0,3138.95,True
Maize,Hybrid,Cereal,Uttar Pradesh,Agra,Rabi,5,RETAILER,17.96,1140.63,1121.67,0,1453.62,True
Tomato,Hybrid,Vegetable,Maharashtra,Nashik,Rabi,10,INDIVIDUAL,18.61,839.77,1272.1,1,791.95,True
Wheat,Common,Cereal,Uttar Pradesh,Agra,Kharif,11,INDIVIDUAL,47.81,2657.25,2532.42,1,1172.36,True
Rice,Basmati,Cereal,Punjab,Ludhiana,Rabi,10,RETAILER,44.82,2707.65,2660.1,1,2542.58,True
Groundnut,Local,Oilseed,Maharashtra,Pune,Rabi,4,RETAILER,84.39,738.9,780.09,1,795.56,True
Mango,Local,Fruit,Madhya Pradesh,Indore,Zaid,3,RESTAURANT,15.44,1025.08,882.55,0,1274.73,True
Soybean,Local,Oilseed,Gujarat,Rajkot,Year-Round,1,RESTAURANT,87.06,1008.39,846.3,0,653.64,True
Rice,Basmati,Cereal,Punjab,Ludhiana,Year-Round,4,RESTAURANT,14.27,2065.07,2524.77,1,4656.61,True
Wheat,Common,Cereal,Gujarat,Rajkot,Zaid,11,RETAILER,36.42,1799.45,2467.49,1,2515.42,True
Maize,Hybrid,Cereal,Maharashtra,Mumbai,Rabi,10,WHOLESALER,15.36,1215.62,1046.24,1,2481.32,True
Rice,Common,Cereal,Punjab,Ludhiana,Rabi,6,WHOLESALER,30.5,2643.13,2564.87,0,4324.52,True
Rice,Basmati,Cereal,Maharashtra,Pune,Zaid,8,WHOLESALER,52.1,2103.24,2668.24,0,3574.01,True
Potato,Local,Vegetable,Maharashtra,Nashik,Year-Round,4,BUSINESS,30.24,1881.3,1784.59,1,2908.42,True
Wheat,Common,Cereal,Uttar Pradesh,Agra,Zaid,6,RETAILER,43.22,2459.33,2230.35,0,2589.05,True
Tomato,Hybrid,Vegetable,Maharashtra,Pune,Kharif,11,RETAILER,27.45,1639.72,1660.59,1,1525.08,True
Rice,Common,Cereal,Tamil Nadu,Chennai,Year-Round,2,INDIVIDUAL,56.1,2865.52,2961.54,0,1119.66,True
Rice,Common,Cereal,Tamil Nadu,Chennai,Kharif,3,BUSINESS,38.18,2875.11,2888.69,0,3259.45,True
Green Chilli,Local,Spice,Punjab,Ludhiana,Rabi,7,RETAILER,30.06,557.18,564.37,0,632.73,True
Tomato,Desi,Vegetable,Maharashtra,Mumbai,Kharif,11,WHOLESALER,85.85,1130.15,1232.4,1,1696.6,True
Soybean,Local,Oilseed,Karnataka,Bengaluru,Zaid,6,WHOLESALER,16.83,1365.01,1180.77,0,2342.77,True
Rice,Common,Cereal,Gujarat,Rajkot,Year-Round,12,INDIVIDUAL,76.92,2508.05,2699.43,0,999.33,True
Wheat,Common,Cereal,Karnataka,Bengaluru,Kharif,8,INDIVIDUAL,19.01,2265.27,2053.96,0,1088.88,True
Rice,Common,Cereal,Karnataka,Bengaluru,Year-Round,5,INDIVIDUAL,38.08,2466.62,2282.27,0,892.63,True
Potato,Local,Vegetable,Punjab,Ludhiana,Year-Round,5,RESTAURANT,83.04,2189.67,2103.42,0,1799.89,True
Tomato,Desi,Vegetable,Punjab,Ludhiana,Rabi,4,INDIVIDUAL,38.33,993.84,1074.21,1,667.39,True
Rice,Basmati,Cereal,Karnataka,Bengaluru,Rabi,4,BUSINESS,36.33,2826.57,2715.61,1,4163.5,True
Onion,Red,Vegetable,Maharashtra,Pune,Rabi,5,BUSINESS,63.2,1304.39,1449.7,0,1611.73,True
Onion,Red,Vegetable,Maharashtra,Pune,Kharif,10,RETAILER,24.18,1683.46,1484.73,1,2029.12,True
Potato,Local,Vegetable,Punjab,Ludhiana,Year-Round,2,RESTAURANT,44.07,1434.81,1840.27,0,1593.48,True
Tomato,Hybrid,Vegetable,Madhya Pradesh,Indore,Kharif,11,RETAILER,22.08,1377.41,1532.62,1,1661.17,True
Tomato,Hybrid,Vegetable,Maharashtra,Nashik,Zaid,12,RETAILER,62.86,1645.01,1523.98,0,1263.75,True
Soybean,Local,Oilseed,Gujarat,Rajkot,Year-Round,12,RESTAURANT,21.82,1004.33,906.95,0,1220.18,True
Tomato,Desi,Vegetable,Maharashtra,Nashik,Year-Round,2,BUSINESS,12.11,1336.02,1519.5,0,2194.24,True
Soybean,Local,Oilseed,Gujarat,Rajkot,Kharif,8,RETAILER,62.87,867.76,1022.34,0,838.7,True
Tomato,Desi,Vegetable,Tamil Nadu,Chennai,Year-Round,2,WHOLESALER,58.34,1112.63,1264.34,0,1388.62,True
Soybean,Local,Oilseed,Tamil Nadu,Chennai,Rabi,9,WHOLESALER,77.68,1082.77,1095.29,0,1342.42,True
Rice,Basmati,Cereal,Maharashtra,Pune,Zaid,9,WHOLESALER,15.93,2790.7,2730.18,0,5281.57,True
Rice,Common,Cereal,Gujarat,Rajkot,Kharif,10,INDIVIDUAL,58.87,2683.96,2763.38,1,1155.49,True
Onion,Red,Vegetable,Karnataka,Bengaluru,Rabi,4,RETAILER,36.02,1421.9,1360.86,1,1867.52,True
Rice,Basmati,Cereal,Maharashtra,Mumbai,Zaid,11,RESTAURANT,84.09,2195.87,2299.45,1,2129.3,True
Mango,Local,Fruit,Maharashtra,Nashik,Kharif,7,INDIVIDUAL,38.73,721.85,794.31,0,397.27,True
Onion,Red,Vegetable,Madhya Pradesh,Indore,Year-Round,11,RESTAURANT,12.0,1478.57,1271.72,1,2418.82,True
Groundnut,Local,Oilseed,Karnataka,Bengaluru,Zaid,5,RETAILER,55.14,815.55,861.42,0,860.52,True
Tomato,Desi,Vegetable,Punjab,Ludhiana,Year-Round,11,RETAILER,42.41,1144.17,1152.8,1,1179.41,True
Rice,Basmati,Cereal,Maharashtra,Mumbai,Year-Round,3,RETAILER,36.96,1966.22,2581.97,0,2292.5,True
Tomato,Desi,Vegetable,Karnataka,Bengaluru,Rabi,8,INDIVIDUAL,66.18,1339.84,1475.26,0,544.59,True
Onion,Red,Vegetable,Karnataka,Bengaluru,Kharif,7,BUSINESS,45.22,1566.49,1448.39,0,1960.78,True
Maize,Hybrid,Cereal,Uttar Pradesh,Agra,Year-Round,4,INDIVIDUAL,74.13,930.44,1018.67,1,538.63,True
Potato,Local,Vegetable,Madhya Pradesh,Indore,Zaid,12,RETAILER,18.71,2606.61,2283.18,0,3063.48,True
Groundnut,Local,Oilseed,Uttar Pradesh,Agra,Rabi,11,RESTAURANT,65.77,677.92,778.79,1,867.44,True
Wheat,Common,Cereal,Gujarat,Rajkot,Zaid,4,RESTAURANT,82.8,2251.11,2457.32,1,3055.38,True
Potato,Local,Vegetable,Punjab,Ludhiana,Kharif,5,RETAILER,88.06,1885.77,1707.31,0,1363.14,True
Tomato,Hybrid,Vegetable,Madhya Pradesh,Indore,Rabi,10,RESTAURANT,40.86,1819.64,1552.47,1,1974.54,True
Tomato,Desi,Vegetable,Tamil Nadu,Chennai,Rabi,9,INDIVIDUAL,38.47,1140.41,1137.41,0,407.03,True
Wheat,Common,Cereal,Tamil Nadu,Chennai,Zaid,6,WHOLESALER,59.89,2017.85,2235.36,0,3735.74,True
Soybean,Local,Oilseed,Uttar Pradesh,Agra,Year-Round,7,RETAILER,85.36,1003.59,988.05,0,799.59,True
Rice,Common,Cereal,Maharashtra,Pune,Rabi,11,BUSINESS,35.19,2421.82,2289.22,1,2911.84,True
Onion,Red,Vegetable,Maharashtra,Nashik,Year-Round,11,WHOLESALER,28.76,1315.37,1383.01,1,2272.34,True
Onion,Red,Vegetable,Tamil Nadu,Chennai,Rabi,12,BUSINESS,80.54,1416.17,1256.09,0,1177.7,True
Onion,Red,Vegetable,Punjab,Ludhiana,Kharif,7,WHOLESALER,48.65,1201.11,1199.39,0,1909.69,True
Mango,Local,Fruit,Karnataka,Bengaluru,Rabi,10,INDIVIDUAL,27.23,643.01,747.8,1,471.47,True
Soybean,Local,Oilseed,Madhya Pradesh,Indore,Rabi,6,BUSINESS,15.14,690.16,991.42,0,1855.21,True
Maize,Hybrid,Cereal,Maharashtra,Nashik,Rabi,5,BUSINESS,86.14,1023.66,1113.88,0,1086.02,True
Tomato,Desi,Vegetable,Karnataka,Bengaluru,Zaid,5,BUSINESS,16.26,1444.44,1409.3,0,2099.21,True
Tomato,Hybrid,Vegetable,Karnataka,Bengaluru,Zaid,2,BUSINESS,39.54,1463.21,1420.17,0,1642.46,True
Mango,Local,Fruit,Uttar Pradesh,Agra,Rabi,9,RETAILER,13.14,805.67,844.99,0,1030.32,True
Potato,Local,Vegetable,Madhya Pradesh,Indore,Kharif,9,WHOLESALER,26.42,1615.92,1588.19,0,2334.85,True
Soybean,Local,Oilseed,Punjab,Ludhiana,Year-Round,11,WHOLESALER,54.35,898.08,1086.12,1,1473.92,True
Potato,Local,Vegetable,Uttar Pradesh,Agra,Year-Round,6,INDIVIDUAL,86.29,1866.12,1946.44,0,803.74,True
Soybean,Local,Oilseed,Karnataka,Bengaluru,Zaid,4,RESTAURANT,16.84,877.22,962.02,1,1907.79,True
Mango,Local,Fruit,Punjab,Ludhiana,Kharif,7,WHOLESALER,26.45,1019.69,814.16,0,1506.71,True
Tomato,Hybrid,Vegetable,Gujarat,Rajkot,Year-Round,1,RETAILER,85.08,1834.45,1617.75,0,1217.42,True
Maize,Hybrid,Cereal,Maharashtra,Pune,Rabi,11,BUSINESS,17.99,1040.86,1201.39,1,2304.53,True
Maize,Hybrid,Cereal,Gujarat,Rajkot,Year-Round,4,BUSINESS,38.16,1179.86,1112.14,1,1613.65,True
Green Chilli,Local,Spice,Tamil Nadu,Chennai,Year-Round,6,WHOLESALER,74.21,709.07,668.06,0,1026.77,True
Tomato,Desi,Vegetable,Maharashtra,Pune,Zaid,9,RESTAURANT,77.81,1260.31,1455.23,0,1462.24,True
Groundnut,Local,Oilseed,Madhya Pradesh,Indore,Rabi,7,RESTAURANT,38.07,779.3,834.8,0,1131.15,True
Groundnut,Local,Oilseed,Maharashtra,Nashik,Zaid,12,RESTAURANT,17.3,958.47,876.02,0,1364.15,True
Rice,Common,Cereal,Uttar Pradesh,Agra,Rabi,12,RESTAURANT,42.89,2309.18,2482.49,0,2304.62,True
Rice,Common,Cereal,Madhya Pradesh,Indore,Year-Round,11,WHOLESALER,56.9,2190.52,2573.11,1,4318.37,True
Tomato,Desi,Vegetable,Gujarat,Rajkot,Zaid,8,RESTAURANT,39.68,1567.12,1507.28,0,1889.02,True
Rice,Basmati,Cereal,Tamil Nadu,Chennai,Kharif,9,INDIVIDUAL,69.33,3147.71,2434.46,0,846.7,True
Green Chilli,Local,Spice,Maharashtra,Nashik,Year-Round,9,WHOLESALER,34.48,563.16,563.28,0,789.37,True
Maize,Hybrid,Cereal,Uttar Pradesh,Agra,Rabi,11,WHOLESALER,85.43,918.0,1087.56,1,1409.48,True
Tomato,Hybrid,Vegetable,Karnataka,Bengaluru,Kharif,8,INDIVIDUAL,31.78,1162.9,1386.49,0,727.11,True
Tomato,Hybrid,Vegetable,Maharashtra,Pune,Kharif,2,INDIVIDUAL,75.19,1642.54,1733.82,0,564.7,True
Potato,Local,Vegetable,Maharashtra,Nashik,Rabi,12,WHOLESALER,35.9,2445.69,1948.8,0,3071.97,True
Soybean,Local,Oilseed,Uttar Pradesh,Agra,Year-Round,9,RESTAURANT,18.85,808.26,956.77,0,1172.69,True
Onion,Red,Vegetable,Tamil Nadu,Chennai,Zaid,4,RETAILER,36.09,1114.36,1271.46,1,1486.08,True
Potato,Local,Vegetable,Tamil Nadu,Chennai,Year-Round,5,INDIVIDUAL,56.04,2305.47,2026.66,0,803.25,True
Wheat,Common,Cereal,Maharashtra,Mumbai,Year-Round,9,INDIVIDUAL,12.07,2517.19,2641.71,0,1428.54,True
Green Chilli,Local,Spice,Gujarat,Rajkot,Kharif,4,WHOLESALER,65.08,657.36,610.66,1,863.02,True
Green Chilli,Local,Spice,Madhya Pradesh,Indore,Zaid,9,WHOLESALER,37.63,511.73,516.37,0,745.87,True
Mango,Local,Fruit,Madhya Pradesh,Indore,Rabi,3,WHOLESALER,23.48,656.96,748.24,0,1068.22,True
Mango,Local,Fruit,Maharashtra,Mumbai,Rabi,8,RETAILER,40.88,980.34,933.14,0,916.04,True
Rice,Common,Cereal,Maharashtra,Nashik,Zaid,6,BUSINESS,41.38,2416.67,2470.8,0,2985.84,True
Wheat,Common,Cereal,Maharashtra,Pune,Year-Round,4,RESTAURANT,80.29,2616.28,2391.6,1,2651.19,True
Groundnut,Local,Oilseed,Maharashtra,Pune,Year-Round,9,WHOLESALER,85.71,864.79,753.58,0,963.95,True
Soybean,Local,Oilseed,Maharashtra,Mumbai,Rabi,2,BUSINESS,74.59,936.13,950.84,0,840.67,True
Wheat,Common,Cereal,Madhya Pradesh,Indore,Rabi,11,RESTAURANT,85.77,2463.26,2596.05,1,2583.2,True
Wheat,Common,Cereal,Gujarat,Rajkot,Rabi,4,RESTAURANT,80.1,2172.29,2226.73,1,2928.16,True
Rice,Basmati,Cereal,Madhya Pradesh,Indore,Year-Round,7,RETAILER,76.0,3248.22,2774.18,0,2612.57,True
Groundnut,Local,Oilseed,Maharashtra,Nashik,Zaid,5,RESTAURANT,67.33,794.61,693.27,0,747.67,True
Tomato,Hybrid,Vegetable,Gujarat,Rajkot,Year-Round,7,WHOLESALER,43.81,1544.87,1510.91,0,2039.65,True
Potato,Local,Vegetable,Tamil Nadu,Chennai,Rabi,8,INDIVIDUAL,22.86,1948.36,1942.79,0,1030.78,True
Tomato,Hybrid,Vegetable,Maharashtra,Pune,Rabi,12,RETAILER,25.38,1255.26,1478.75,0,1449.31,True
Groundnut,Local,Oilseed,Uttar Pradesh,Agra,Rabi,1,INDIVIDUAL,63.73,682.61,839.01,0,341.51,True
Green Chilli,Local,Spice,Punjab,Ludhiana,Rabi,3,INDIVIDUAL,75.98,658.75,540.28,0,162.15,True
Tomato,Desi,Vegetable,Karnataka,Bengaluru,Kharif,7,WHOLESALER,70.22,1393.0,1262.88,0,1601.98,True
Green Chilli,Local,Spice,Karnataka,Bengaluru,Year-Round,3,RETAILER,56.52,662.54,667.87,0,538.52,True
Rice,Basmati,Cereal,Uttar Pradesh,Agra,Rabi,2,INDIVIDUAL,21.39,2304.28,2263.69,0,1038.23,True
Tomato,Hybrid,Vegetable,Maharashtra,Nashik,Kharif,8,BUSINESS,51.97,1079.92,1314.98,0,1658.59,True
Maize,Hybrid,Cereal,Madhya Pradesh,Indore,Year-Round,12,WHOLESALER,16.2,1367.55,1188.82,0,2073.13,True
Tomato,Hybrid,Vegetable,Punjab,Ludhiana,Zaid,7,INDIVIDUAL,51.69,1537.48,1541.6,0,709.0,True
Wheat,Common,Cereal,Uttar Pradesh,Agra,Rabi,10,RETAILER,81.15,2692.07,2397.34,1,2053.36,True
Green Chilli,Local,Spice,Tamil Nadu,Chennai,Zaid,12,WHOLESALER,30.31,638.74,568.48,0,779.53,True
Wheat,Common,Cereal,Madhya Pradesh,Indore,Zaid,6,RETAILER,34.73,1724.72,2210.44,0,2182.64,True
Rice,Basmati,Cereal,Karnataka,Bengaluru,Rabi,3,RETAILER,53.89,2662.3,2385.97,0,2105.6,True
Wheat,Common,Cereal,Uttar Pradesh,Agra,Zaid,8,RESTAURANT,37.45,2545.59,2112.21,0,2380.78,True
Mango,Local,Fruit,Uttar Pradesh,Agra,Year-Round,10,BUSINESS,72.02,668.8,748.86,1,800.82,True
Onion,Red,Vegetable,Madhya Pradesh,Indore,Year-Round,3,WHOLESALER,25.07,1200.19,1195.21,0,1565.45,True
Rice,Basmati,Cereal,Uttar Pradesh,Agra,Year-Round,9,BUSINESS,63.74,2162.86,2439.12,0,2274.84,True
Tomato,Hybrid,Vegetable,Madhya Pradesh,Indore,Zaid,10,INDIVIDUAL,86.54,1573.91,1599.66,1,673.0,True
Onion,Red,Vegetable,Madhya Pradesh,Indore,Year-Round,11,RETAILER,67.06,1583.77,1581.02,1,1687.05,True
Soybean,Local,Oilseed,Maharashtra,Mumbai,Zaid,3,INDIVIDUAL,23.39,997.63,965.31,0,508.3,True
Tomato,Desi,Vegetable,Madhya Pradesh,Indore,Kharif,1,INDIVIDUAL,36.47,1294.83,1117.75,0,483.21,True
Onion,Red,Vegetable,Punjab,Ludhiana,Rabi,12,RETAILER,45.23,1259.03,1248.19,0,1105.66,True
Potato,Local,Vegetable,Gujarat,Rajkot,Year-Round,9,RESTAURANT,67.59,1481.34,1776.68,0,1283.08,True
Tomato,Desi,Vegetable,Madhya Pradesh,Indore,Kharif,9,BUSINESS,13.98,1068.4,1232.57,0,2084.09,True
Soybean,Local,Oilseed,Tamil Nadu,Chennai,Kharif,11,INDIVIDUAL,42.17,870.57,899.06,1,401.49,True
Maize,Hybrid,Cereal,Karnataka,Bengaluru,Kharif,1,INDIVIDUAL,56.49,1311.69,1095.0,0,425.81,True
Green Chilli,Local,Spice,Punjab,Ludhiana,Rabi,7,INDIVIDUAL,55.21,526.37,516.59,0,207.15,True
Tomato,Hybrid,Vegetable,Karnataka,Bengaluru,Rabi,11,BUSINESS,57.48,1182.94,1278.46,1,1529.46,True
Groundnut,Local,Oilseed,Punjab,Ludhiana,Zaid,3,WHOLESALER,83.7,619.21,693.28,0,746.83,True
Green Chilli,Local,Spice,Maharashtra,Mumbai,Rabi,1,WHOLESALER,55.18,586.46,632.18,0,653.31,True
Wheat,Common,Cereal,Maharashtra,Mumbai,Zaid,1,WHOLESALER,40.33,2967.58,2734.43,0,3733.85,True
Tomato,Hybrid,Vegetable,Maharashtra,Nashik,Kharif,10,WHOLESALER,57.51,1978.98,1556.95,1,2184.46,True
Onion,Red,Vegetable,Madhya Pradesh,Indore,Kharif,11,WHOLESALER,27.92,1385.05,1541.33,1,2413.9,True
Onion,Red,Vegetable,Karnataka,Bengaluru,Kharif,10,RESTAURANT,59.83,1284.93,1387.14,1,1658.34,True
Soybean,Local,Oilseed,Maharashtra,Nashik,Kharif,8,WHOLESALER,64.01,723.66,688.65,0,785.41,True
Tomato,Hybrid,Vegetable,Maharashtra,Pune,Year-Round,4,RESTAURANT,85.22,1625.71,1322.86,1,1483.26,True
Onion,Red,Vegetable,Maharashtra,Mumbai,Rabi,12,INDIVIDUAL,52.22,1212.35,1214.0,0,419.58,True
Wheat,Common,Cereal,Madhya Pradesh,Indore,Year-Round,3,BUSINESS,79.83,2677.01,2646.22,0,2377.43,True
Groundnut,Local,Oilseed,Punjab,Ludhiana,Zaid,3,WHOLESALER,69.71,846.56,821.36,0,907.05,True
Soybean,Local,Oilseed,Punjab,Ludhiana,Year-Round,5,RETAILER,55.66,924.31,880.91,0,857.35,True
Potato,Local,Vegetable,Madhya Pradesh,Indore,Rabi,7,WHOLESALER,84.55,1530.6,1495.9,0,1809.8,True
Potato,Local,Vegetable,Maharashtra,Nashik,Year-Round,7,BUSINESS,25.62,1880.55,1673.13,0,2669.2,True
Maize,Hybrid,Cereal,Karnataka,Bengaluru,Rabi,5,RESTAURANT,83.96,1356.41,1155.69,0,1124.42,True
Maize,Hybrid,Cereal,Tamil Nadu,Chennai,Rabi,8,WHOLESALER,38.09,817.68,984.54,0,1485.96,True
Onion,Red,Vegetable,Gujarat,Rajkot,Year-Round,10,BUSINESS,51.52,1567.08,1460.05,1,1800.6,True
Rice,Common,Cereal,Karnataka,Bengaluru,Year-Round,7,RETAILER,37.57,2009.38,2676.81,0,2716.78,True
Rice,Common,Cereal,Uttar Pradesh,Agra,Kharif,3,WHOLESALER,16.92,2488.74,2907.15,0,4668.29,True
Maize,Hybrid,Cereal,Madhya Pradesh,Indore,Year-Round,1,RESTAURANT,73.07,1007.69,1042.74,0,987.18,True
Mango,Local,Fruit,Tamil Nadu,Chennai,Year-Round,10,WHOLESALER,56.99,871.39,894.2,1,1274.77,True
Tomato,Desi,Vegetable,Karnataka,Bengaluru,Zaid,3,WHOLESALER,39.0,925.97,1094.5,0,1647.29,True
Wheat,Common,Cereal,Punjab,Ludhiana,Rabi,7,BUSINESS,89.47,2755.77,2444.64,0,2117.0,True
Maize,Hybrid,Cereal,Karnataka,Bengaluru,Rabi,3,WHOLESALER,47.54,1332.5,1115.51,0,1418.3,True
Rice,Basmati,Cereal,Maharashtra,Nashik,Year-Round,8,WHOLESALER,16.39,2708.49,2718.41,0,5635.08,True
Potato,Local,Vegetable,Maharashtra,Mumbai,Rabi,8,RESTAURANT,19.98,2291.98,2196.76,0,3084.84,True
Mango,Local,Fruit,Maharashtra,Pune,Kharif,5,BUSINESS,18.22,856.39,836.82,0,1233.97,True
Wheat,Common,Cereal,Tamil Nadu,Chennai,Year-Round,5,INDIVIDUAL,62.6,2523.1,2449.53,0,1084.36,True
Green Chilli,Local,Spice,Maharashtra,Pune,Zaid,10,BUSINESS,64.76,507.46,545.14,1,637.45,True
Groundnut,Local,Oilseed,Punjab,Ludhiana,Zaid,5,INDIVIDUAL,23.54,953.31,987.69,0,534.75,True
Onion,Red,Vegetable,Gujarat,Rajkot,Year-Round,5,WHOLESALER,14.69,1540.93,1583.56,0,3502.61,True
Rice,Basmati,Cereal,Gujarat,Rajkot,Zaid,5,WHOLESALER,84.96,2187.73,2519.95,0,3430.47,True
Soybean,Local,Oilseed,Uttar Pradesh,Agra,Year-Round,5,RETAILER,28.78,1038.16,1013.64,0,1054.63,True
Potato,Local,Vegetable,Uttar Pradesh,Agra,Zaid,10,BUSINESS,86.46,1414.17,1608.3,1,1508.33,True
Tomato,Desi,Vegetable,Karnataka,Bengaluru,Kharif,3,RETAILER,79.82,1052.91,1212.09,0,831.16,True
Maize,Hybrid,Cereal,Maharashtra,Pune,Zaid,12,WHOLESALER,84.1,1141.69,1256.01,0,1278.46,True
Tomato,Hybrid,Vegetable,Madhya Pradesh,Indore,Year-Round,10,RETAILER,43.2,1402.2,1517.94,1,1824.26,True
Rice,Basmati,Cereal,Karnataka,Bengaluru,Kharif,11,RETAILER,57.65,2789.38,2750.01,1,2565.63,True
Wheat,Common,Cereal,Madhya Pradesh,Indore,Rabi,8,RESTAURANT,52.13,2701.86,2374.4,0,2565.86,True
Groundnut,Local,Oilseed,Karnataka,Bengaluru,Year-Round,12,BUSINESS,71.04,730.06,666.77,0,661.65,True
Tomato,Desi,Vegetable,Madhya Pradesh,Indore,Year-Round,1,BUSINESS,54.88,1391.49,1428.72,0,1483.09,True
Green Chilli,Local,Spice,Karnataka,Bengaluru,Zaid,7,BUSINESS,36.29,576.25,571.36,0,604.69,True
Green Chilli,Local,Spice,Maharashtra,Mumbai,Rabi,2,BUSINESS,35.23,697.76,590.83,0,606.41,True
Onion,Red,Vegetable,Maharashtra,Pune,Rabi,5,WHOLESALER,47.62,1269.87,1331.73,0,1913.8,True
Soybean,Local,Oilseed,Uttar Pradesh,Agra,Zaid,12,RESTAURANT,52.68,1155.51,1071.47,0,1087.9,True
Groundnut,Local,Oilseed,Maharashtra,Mumbai,Year-Round,2,RETAILER,20.73,962.85,838.73,0,971.61,True
Groundnut,Local,Oilseed,Maharashtra,Nashik,Year-Round,10,BUSINESS,42.36,766.05,943.27,1,963.94,True
Rice,Basmati,Cereal,Tamil Nadu,Chennai,Year-Round,5,INDIVIDUAL,57.23,2330.24,2642.79,0,1041.19,True
Tomato,Hybrid,Vegetable,Maharashtra,Nashik,Kharif,3,WHOLESALER,57.13,1034.89,1574.11,0,1780.31,True
Tomato,Desi,Vegetable,Punjab,Ludhiana,Year-Round,7,RESTAURANT,32.18,1311.12,1153.61,0,1388.61,True
Tomato,Desi,Vegetable,Maharashtra,Mumbai,Zaid,8,WHOLESALER,86.94,1262.08,1258.34,0,1432.11,True
Onion,Red,Vegetable,Maharashtra,Mumbai,Kharif,5,WHOLESALER,34.43,1449.21,1170.04,0,2217.58,True
Onion,Red,Vegetable,Gujarat,Rajkot,Kharif,4,RETAILER,78.56,1743.1,1751.62,1,1782.41,True
Green Chilli,Local,Spice,Maharashtra,Pune,Rabi,9,RESTAURANT,59.68,587.28,508.73,0,444.48,True
Potato,Local,Vegetable,Madhya Pradesh,Indore,Kharif,1,BUSINESS,30.69,1750.63,1788.77,0,2365.9,True
Mango,Local,Fruit,Karnataka,Bengaluru,Kharif,5,RETAILER,70.55,751.64,805.39,0,659.54,True
Rice,Common,Cereal,Uttar Pradesh,Agra,Rabi,11,BUSINESS,79.35,2306.76,2654.48,1,2911.08,True
Tomato,Desi,Vegetable,Madhya Pradesh,Indore,Year-Round,2,BUSINESS,47.72,1606.36,1434.61,0,1379.39,True
Wheat,Common,Cereal,Maharashtra,Mumbai,Zaid,2,INDIVIDUAL,52.09,2766.77,2611.32,0,992.81,True
Tomato,Desi,Vegetable,Uttar Pradesh,Agra,Zaid,7,BUSINESS,29.96,1319.61,1257.35,0,1685.24,True
Mango,Local,Fruit,Punjab,Ludhiana,Year-Round,2,WHOLESALER,36.14,829.25,794.55,0,1198.94,True
Soybean,Local,Oilseed,Maharashtra,Nashik,Year-Round,7,RETAILER,67.85,730.98,806.37,0,714.88,True
Rice,Common,Cereal,Maharashtra,Pune,Rabi,2,INDIVIDUAL,69.69,2591.15,2732.24,0,793.15,True
Rice,Basmati,Cereal,Uttar Pradesh,Agra,Rabi,3,RESTAURANT,17.38,2001.84,2447.88,0,3199.25,True
Wheat,Common,Cereal,Maharashtra,Pune,Year-Round,10,RETAILER,33.15,2882.87,2591.85,1,2973.03,True
Green Chilli,Local,Spice,Gujarat,Rajkot,Rabi,4,RESTAURANT,44.63,457.57,585.44,1,768.66,True
Rice,Basmati,Cereal,Maharashtra,Mumbai,Zaid,8,BUSINESS,45.71,2442.34,2555.86,0,2867.13,True
Tomato,Hybrid,Vegetable,Tamil Nadu,Chennai,Rabi,9,INDIVIDUAL,43.92,1606.15,1401.0,0,527.45,True
Soybean,Local,Oilseed,Uttar Pradesh,Agra,Zaid,11,RESTAURANT,34.93,1057.86,1111.45,1,1479.39,True
Mango,Local,Fruit,Gujarat,Rajkot,Rabi,1,RETAILER,70.64,566.63,707.7,0,538.2,True
Potato,Local,Vegetable,Gujarat,Rajkot,Kharif,10,RESTAURANT,68.33,1551.61,1833.14,1,1888.4,True
Groundnut,Local,Oilseed,Madhya Pradesh,Indore,Kharif,2,RETAILER,21.72,944.64,998.53,0,997.21,True
Maize,Hybrid,Cereal,Madhya Pradesh,Indore,Zaid,1,INDIVIDUAL,79.68,1073.1,1033.67,0,363.19,True
Rice,Basmati,Cereal,Karnataka,Bengaluru,Kharif,12,RETAILER,77.08,3235.58,2645.44,0,2117.6,True
Rice,Basmati,Cereal,Maharashtra,Pune,Zaid,5,WHOLESALER,61.84,2230.29,2468.76,0,3424.77,True
Soybean,Local,Oilseed,Maharashtra,Pune,Zaid,1,RESTAURANT,50.11,970.89,778.21,0,747.69,True
Groundnut,Local,Oilseed,Punjab,Ludhiana,Zaid,12,INDIVIDUAL,22.07,1058.99,915.55,0,505.7,True
Soybean,Local,Oilseed,Madhya Pradesh,Indore,Rabi,5,RESTAURANT,42.03,820.69,806.57,0,967.06,True
Soybean,Local,Oilseed,Maharashtra,Mumbai,Kharif,6,INDIVIDUAL,25.31,582.21,819.51,0,484.93,True
Groundnut,Local,Oilseed,Maharashtra,Nashik,Rabi,10,RESTAURANT,68.58,1018.16,961.91,1,1114.95,True
Tomato,Hybrid,Vegetable,Maharashtra,Mumbai,Zaid,12,RETAILER,83.12,1406.57,1418.77,0,1118.47,True
Mango,Local,Fruit,Punjab,Ludhiana,Kharif,2,WHOLESALER,48.58,781.86,763.49,0,947.01,True
Mango,Local,Fruit,Karnataka,Bengaluru,Rabi,5,RETAILER,38.38,939.33,883.11,0,957.7,True
Mango,Local,Fruit,Gujarat,Rajkot,Kharif,11,RETAILER,12.93,929.12,883.62,1,1223.42,True
Wheat,Common,Cereal,Madhya Pradesh,Indore,Zaid,5,WHOLESALER,64.32,2456.58,2267.26,0,3295.69,True
Groundnut,Local,Oilseed,Gujarat,Rajkot,Year-Round,1,INDIVIDUAL,64.39,708.02,826.83,0,275.33,True
Rice,Basmati,Cereal,Punjab,Ludhiana,Year-Round,8,BUSINESS,52.09,3360.61,2906.21,0,3941.01,True
Soybean,Local,Oilseed,Uttar Pradesh,Agra,Year-Round,4,BUSINESS,26.78,1099.16,1028.29,1,1772.26,True
Maize,Hybrid,Cereal,Gujarat,Rajkot,Kharif,6,BUSINESS,20.54,941.15,904.15,0,1273.0,True
Mango,Local,Fruit,Gujarat,Rajkot,Zaid,5,WHOLESALER,28.06,687.64,767.72,0,1272.55,True
Tomato,Desi,Vegetable,Tamil Nadu,Chennai,Kharif,5,RESTAURANT,87.09,1215.3,1150.97,0,1217.71,True
Tomato,Desi,Vegetable,Maharashtra,Pune,Zaid,2,BUSINESS,64.48,1575.1,1461.62,0,1313.75,True
Onion,Red,Vegetable,Maharashtra,Nashik,Kharif,1,RESTAURANT,86.72,1332.93,1411.05,0,1169.93,True
Groundnut,Local,Oilseed,Gujarat,Rajkot,Rabi,12,INDIVIDUAL,83.36,737.32,780.48,0,260.0,True
Potato,Local,Vegetable,Gujarat,Rajkot,Year-Round,4,RESTAURANT,62.38,1600.69,1693.92,1,2241.62,True
Soybean,Local,Oilseed,Maharashtra,Mumbai,Year-Round,11,INDIVIDUAL,43.63,981.72,1109.35,1,477.88,True
Rice,Common,Cereal,Madhya Pradesh,Indore,Zaid,7,RESTAURANT,32.2,2626.21,2543.73,0,2872.6,True
Onion,Red,Vegetable,Maharashtra,Pune,Kharif,4,BUSINESS,52.63,1339.02,1476.17,1,2089.32,True
Rice,Basmati,Cereal,Karnataka,Bengaluru,Kharif,7,RETAILER,52.15,2263.75,2254.79,0,1893.0,True
Onion,Red,Vegetable,Punjab,Ludhiana,Kharif,4,BUSINESS,18.77,1006.64,1088.86,1,2025.8,True
Maize,Hybrid,Cereal,Maharashtra,Pune,Rabi,2,INDIVIDUAL,29.03,764.84,1146.52,0,482.19,True
Tomato,Hybrid,Vegetable,Punjab,Ludhiana,Rabi,4,RESTAURANT,65.48,1261.34,1336.85,1,1586.03,True
Potato,Local,Vegetable,Karnataka,Bengaluru,Rabi,3,RETAILER,72.89,1922.49,1760.6,0,1193.56,True
Rice,Common,Cereal,Maharashtra,Mumbai,Kharif,1,WHOLESALER,85.02,3243.72,3105.75,0,3431.34,True
Tomato,Hybrid,Vegetable,Karnataka,Bengaluru,Year-Round,2,RETAILER,33.17,1129.71,1299.74,0,1187.81,True
Onion,Red,Vegetable,Maharashtra,Pune,Rabi,9,RETAILER,76.19,1675.98,1546.24,0,1028.98,True
Potato,Local,Vegetable,Maharashtra,Pune,Rabi,10,INDIVIDUAL,57.21,1613.0,1772.48,1,744.65,True
Wheat,Common,Cereal,Maharashtra,Pune,Year-Round,5,INDIVIDUAL,88.24,2396.61,2581.36,0,945.05,True
Mango,Local,Fruit,Maharashtra,Mumbai,Rabi,9,INDIVIDUAL,18.89,860.04,705.84,0,357.57,True
Rice,Basmati,Cereal,Tamil Nadu,Chennai,Year-Round,12,WHOLESALER,31.01,2653.29,2707.9,0,3407.17,True
Soybean,Local,Oilseed,Gujarat,Rajkot,Zaid,9,WHOLESALER,61.71,863.03,931.29,0,1129.09,True
Soybean,Local,Oilseed,Tamil Nadu,Chennai,Rabi,8,INDIVIDUAL,38.89,1051.16,950.95,0,430.82,True
Mango,Local,Fruit,Maharashtra,Nashik,Year-Round,2,RESTAURANT,61.14,690.94,712.63,0,580.31,True
Tomato,Desi,Vegetable,Gujarat,Rajkot,Rabi,9,RETAILER,27.0,1517.36,1363.6,0,1508.75,True
Groundnut,Local,Oilseed,Gujarat,Rajkot,Zaid,7,RESTAURANT,13.56,955.23,750.45,0,1205.23,True
Rice,Common,Cereal,Tamil Nadu,Chennai,Kharif,3,INDIVIDUAL,69.11,2812.03,2602.28,0,883.75,True
Soybean,Local,Oilseed,Gujarat,Rajkot,Kharif,10,BUSINESS,17.41,1323.17,1124.54,1,1872.66,True
Tomato,Desi,Vegetable,Maharashtra,Pune,Kharif,10,INDIVIDUAL,89.66,991.23,1307.83,1,407.62,True
Rice,Basmati,Cereal,Maharashtra,Pune,Kharif,6,WHOLESALER,47.19,3175.12,2659.33,0,3602.47,True
Rice,Common,Cereal,Uttar Pradesh,Agra,Rabi,6,WHOLESALER,53.58,2809.74,2591.02,0,4457.9,True
Rice,Common,Cereal,Madhya Pradesh,Indore,Year-Round,2,RETAILER,60.59,2883.85,2985.31,0,2067.03,True
Tomato,Desi,Vegetable,Tamil Nadu,Chennai,Kharif,2,RESTAURANT,84.74,1194.91,1238.73,0,870.12,True
Soybean,Local,Oilseed,Gujarat,Rajkot,Zaid,6,RETAILER,67.76,721.52,781.74,0,690.49,True
Tomato,Hybrid,Vegetable,Maharashtra,Pune,Year-Round,9,WHOLESALER,13.92,1020.4,1223.06,0,2207.38,True
Rice,Basmati,Cereal,Karnataka,Bengaluru,Zaid,7,WHOLESALER,28.54,2038.64,2300.97,0,3513.86,True
Groundnut,Local,Oilseed,Maharashtra,Nashik,Year-Round,3,WHOLESALER,32.97,837.38,808.95,0,1153.16,True
Soybean,Local,Oilseed,Tamil Nadu,Chennai,Year-Round,1,INDIVIDUAL,60.56,707.28,855.68,0,326.86,True
Green Chilli,Local,Spice,Uttar Pradesh,Agra,Zaid,12,BUSINESS,18.29,726.83,634.68,0,996.85,True
Soybean,Local,Oilseed,Karnataka,Bengaluru,Zaid,12,BUSINESS,28.93,1002.31,997.0,0,1281.56,True
Tomato,Desi,Vegetable,Gujarat,Rajkot,Zaid,1,INDIVIDUAL,88.66,1164.23,1132.61,0,460.93,True
Maize,Hybrid,Cereal,Maharashtra,Pune,Year-Round,9,RESTAURANT,84.72,1286.05,1210.79,0,1003.28,True
Onion,Red,Vegetable,Uttar Pradesh,Agra,Year-Round,2,RETAILER,51.25,1343.14,1357.5,0,1166.74,True
Maize,Hybrid,Cereal,Maharashtra,Mumbai,Kharif,1,RESTAURANT,79.08,972.73,1154.11,0,961.96,True
Green Chilli,Local,Spice,Maharashtra,Pune,Rabi,7,INDIVIDUAL,14.44,578.9,559.46,0,341.24,True
Onion,Red,Vegetable,Punjab,Ludhiana,Year-Round,8,RETAILER,22.33,2088.59,1679.84,0,1910.19,True
Soybean,Local,Oilseed,Madhya Pradesh,Indore,Kharif,8,BUSINESS,22.05,815.56,871.48,0,1303.38,True
Mango,Local,Fruit,Maharashtra,Pune,Zaid,4,RETAILER,61.86,762.47,862.49,1,944.14,True
Mango,Local,Fruit,Madhya Pradesh,Indore,Year-Round,3,WHOLESALER,66.63,839.08,881.86,0,1044.2,True
Tomato,Hybrid,Vegetable,Maharashtra,Nashik,Kharif,5,RETAILER,49.01,1084.43,1293.74,0,1464.52,True
Green Chilli,Local,Spice,Madhya Pradesh,Indore,Year-Round,2,RETAILER,76.89,519.4,651.6,0,405.51,True
Rice,Basmati,Cereal,Maharashtra,Nashik,Zaid,11,RESTAURANT,59.16,3617.39,3145.95,1,3449.92,True
Tomato,Hybrid,Vegetable,Madhya Pradesh,Indore,Year-Round,3,WHOLESALER,34.65,1412.02,1453.41,0,1969.64,True
Green Chilli,Local,Spice,Maharashtra,Pune,Zaid,4,RETAILER,26.39,491.33,492.5,1,663.68,True
Green Chilli,Local,Spice,Uttar Pradesh,Agra,Zaid,4,RETAILER,68.38,532.75,610.91,1,756.64,True
Maize,Hybrid,Cereal,Uttar Pradesh,Agra,Zaid,10,RESTAURANT,82.66,1058.71,1082.59,1,1018.82,True
Wheat,Common,Cereal,Uttar Pradesh,Agra,Zaid,9,RESTAURANT,84.02,1905.46,2396.62,0,2039.5,True
Soybean,Local,Oilseed,Tamil Nadu,Chennai,Year-Round,3,BUSINESS,68.83,827.61,814.47,0,757.86,True
Groundnut,Local,Oilseed,Maharashtra,Nashik,Year-Round,7,BUSINESS,68.75,796.32,776.11,0,787.28,True
Groundnut,Local,Oilseed,Punjab,Ludhiana,Kharif,2,RESTAURANT,18.04,892.84,908.28,0,1199.35,True
Groundnut,Local,Oilseed,Gujarat,Rajkot,Rabi,11,INDIVIDUAL,21.2,857.73,895.13,1,546.39,True
Rice,Basmati,Cereal,Maharashtra,Mumbai,Kharif,3,RESTAURANT,57.22,2356.86,2340.87,0,2038.49,True
Rice,Basmati,Cereal,Punjab,Ludhiana,Year-Round,4,BUSINESS,13.24,2775.43,2603.89,1,5746.13,True
Mango,Local,Fruit,Gujarat,Rajkot,Kharif,9,RESTAURANT,56.19,777.31,693.1,0,556.86,True
Tomato,Hybrid,Vegetable,Maharashtra,Pune,Rabi,6,RESTAURANT,80.83,1130.57,1452.06,0,1518.78,True
Rice,Common,Cereal,Maharashtra,Nashik,Year-Round,7,BUSINESS,42.38,2343.17,2413.89,0,2967.05,True
Wheat,Common,Cereal,Gujarat,Rajkot,Rabi,2,RESTAURANT,61.82,2358.81,2343.75,0,2108.33,True
Soybean,Local,Oilseed,Maharashtra,Mumbai,Year-Round,10,BUSINESS,49.73,965.21,1048.39,1,1420.71,True
Green Chilli,Local,Spice,Gujarat,Rajkot,Year-Round,11,BUSINESS,72.28,587.74,619.87,1,707.0,True
Rice,Common,Cereal,Tamil Nadu,Chennai,Kharif,2,BUSINESS,75.13,2433.09,2472.02,0,2089.03,True
Maize,Hybrid,Cereal,Madhya Pradesh,Indore,Rabi,12,INDIVIDUAL,55.22,982.48,1034.82,0,365.69,True
Onion,Red,Vegetable,Maharashtra,Mumbai,Year-Round,12,RESTAURANT,44.72,1418.44,1624.63,0,1556.06,True
Potato,Local,Vegetable,Tamil Nadu,Chennai,Year-Round,3,WHOLESALER,25.2,1701.83,1677.5,0,2422.8,True
Rice,Common,Cereal,Madhya Pradesh,Indore,Zaid,11,WHOLESALER,43.23,3496.73,3157.71,1,5310.75,True
Tomato,Hybrid,Vegetable,Maharashtra,Mumbai,Rabi,6,RESTAURANT,26.86,1743.17,1570.7,0,2136.33,True
Mango,Local,Fruit,Uttar Pradesh,Agra,Rabi,11,RESTAURANT,35.64,794.64,688.59,1,1016.37,True
Rice,Common,Cereal,Gujarat,Rajkot,Kharif,6,BUSINESS,59.33,2960.33,2911.83,0,3752.94,True
Potato,Local,Vegetable,Maharashtra,Nashik,Zaid,4,RETAILER,46.67,1660.94,1646.54,1,2084.48,True
Tomato,Desi,Vegetable,Madhya Pradesh,Indore,Zaid,5,BUSINESS,66.47,1332.88,1188.78,0,1169.14,True
Wheat,Common,Cereal,Maharashtra,Pune,Rabi,6,RESTAURANT,66.85,2361.19,2411.43,0,2559.49,True
Green Chilli,Local,Spice,Gujarat,Rajkot,Rabi,12,RETAILER,81.31,639.24,527.62,0,381.51,True
Maize,Hybrid,Cereal,Maharashtra,Nashik,Year-Round,1,INDIVIDUAL,55.83,1007.25,1038.39,0,421.19,True
Tomato,Hybrid,Vegetable,Karnataka,Bengaluru,Kharif,8,WHOLESALER,64.16,1878.59,1652.77,0,1922.98,True
Soybean,Local,Oilseed,Tamil Nadu,Chennai,Kharif,1,RETAILER,67.94,1397.7,1017.58,0,801.31,True
Wheat,Common,Cereal,Maharashtra,Nashik,Year-Round,6,BUSINESS,82.22,2004.36,2196.46,0,2403.12,True
Onion,Red,Vegetable,Uttar Pradesh,Agra,Zaid,7,BUSINESS,76.37,1535.22,1366.38,0,1328.73,True
Groundnut,Local,Oilseed,Madhya Pradesh,Indore,Year-Round,7,RESTAURANT,56.4,693.38,927.68,0,1152.3,True
Rice,Common,Cereal,Madhya Pradesh,Indore,Year-Round,9,BUSINESS,30.74,1563.77,1957.39,0,2043.64,True
Wheat,Common,Cereal,Maharashtra,Nashik,Year-Round,10,BUSINESS,60.01,2787.89,2651.36,1,2895.23,True
Groundnut,Local,Oilseed,Tamil Nadu,Chennai,Kharif,7,INDIVIDUAL,57.35,1092.12,938.66,0,418.06,True
Potato,Local,Vegetable,Madhya Pradesh,Indore,Kharif,7,WHOLESALER,45.29,2191.04,1893.93,0,3041.73,True
Tomato,Hybrid,Vegetable,Maharashtra,Nashik,Rabi,12,RESTAURANT,37.7,1630.91,1668.28,0,1880.33,True
Tomato,Desi,Vegetable,Karnataka,Bengaluru,Year-Round,1,RESTAURANT,52.77,1335.32,1345.65,0,1208.11,True
Maize,Hybrid,Cereal,Karnataka,Bengaluru,Rabi,12,BUSINESS,78.81,909.68,960.26,0,758.16,True
Maize,Hybrid,Cereal,Madhya Pradesh,Indore,Rabi,6,WHOLESALER,81.22,917.11,962.51,0,1159.89,True
Wheat,Common,Cereal,Uttar Pradesh,Agra,Kharif,5,WHOLESALER,42.21,2821.78,2391.0,0,3770.17,True
Soybean,Local,Oilseed,Gujarat,Rajkot,Kharif,12,INDIVIDUAL,72.42,1059.35,876.16,0,365.41,True
Maize,Hybrid,Cereal,Uttar Pradesh,Agra,Rabi,6,RESTAURANT,63.23,1012.93,1055.95,0,965.6,True
Mango,Local,Fruit,Maharashtra,Pune,Rabi,7,WHOLESALER,45.57,812.28,755.44,0,1108.33,True
Rice,Common,Cereal,Uttar Pradesh,Agra,Kharif,3,RESTAURANT,15.2,2042.18,2268.15,0,3186.02,True
Soybean,Local,Oilseed,Maharashtra,Mumbai,Year-Round,2,INDIVIDUAL,53.97,1043.87,962.33,0,374.86,True
Soybean,Local,Oilseed,Uttar Pradesh,Agra,Rabi,11,RETAILER,67.69,1045.23,953.09,1,857.08,True
Green Chilli,Local,Spice,Gujarat,Rajkot,Zaid,3,WHOLESALER,40.06,564.25,538.5,0,722.69,True
Wheat,Common,Cereal,Maharashtra,Pune,Year-Round,11,RETAILER,33.6,2335.61,2440.94,1,2565.49,True
Green Chilli,Local,Spice,Punjab,Ludhiana,Year-Round,8,RETAILER,23.33,551.14,517.07,0,589.42,True
Rice,Common,Cereal,Maharashtra,Nashik,Zaid,10,RESTAURANT,14.81,2526.17,2268.02,1,3310.62,True
Potato,Local,Vegetable,Punjab,Ludhiana,Zaid,8,RETAILER,77.95,1892.26,1883.08,0,1662.25,True
Tomato,Desi,Vegetable,Madhya Pradesh,Indore,Zaid,9,RESTAURANT,69.5,1569.9,1234.6,0,1091.04,True
Green Chilli,Local,Spice,Maharashtra,Nashik,Kharif,12,BUSINESS,77.15,690.05,613.89,0,556.59,True
Tomato,Desi,Vegetable,Tamil Nadu,Chennai,Rabi,11,INDIVIDUAL,29.19,1205.85,1205.93,1,701.12,True
Rice,Basmati,Cereal,Maharashtra,Nashik,Kharif,5,INDIVIDUAL,32.95,2564.73,2863.43,0,1442.04,True
Tomato,Hybrid,Vegetable,Maharashtra,Mumbai,Rabi,2,WHOLESALER,46.48,1157.32,1540.95,0,1833.3,True
Tomato,Desi,Vegetable,Tamil Nadu,Chennai,Rabi,11,RETAILER,16.13,1182.37,1302.08,1,1628.18,True
Maize,Hybrid,Cereal,Maharashtra,Pune,Zaid,6,INDIVIDUAL,26.81,1099.9,1090.8,0,548.7,True
Soybean,Local,Oilseed,Madhya Pradesh,Indore,Zaid,4,RETAILER,18.12,1128.8,1069.74,1,1687.93,True
Onion,Red,Vegetable,Gujarat,Rajkot,Year-Round,3,RETAILER,63.64,1006.29,996.22,0,844.71,True
Green Chilli,Local,Spice,Tamil Nadu,Chennai,Year-Round,8,RESTAURANT,41.95,573.07,544.6,0,631.25,True
Mango,Local,Fruit,Maharashtra,Nashik,Year-Round,1,INDIVIDUAL,58.52,838.58,892.79,0,300.28,True
Groundnut,Local,Oilseed,Uttar Pradesh,Agra,Year-Round,8,BUSINESS,36.05,892.29,855.3,0,1121.84,True
Green Chilli,Local,Spice,Uttar Pradesh,Agra,Kharif,6,WHOLESALER,68.82,487.28,569.17,0,885.48,True
Rice,Basmati,Cereal,Uttar Pradesh,Agra,Rabi,3,WHOLESALER,71.84,2441.48,2503.36,0,2707.8,True
Tomato,Desi,Vegetable,Madhya Pradesh,Indore,Zaid,11,BUSINESS,22.8,1672.6,1340.02,1,1862.6,True
Rice,Common,Cereal,Tamil Nadu,Chennai,Rabi,12,WHOLESALER,71.0,2903.32,2912.67,0,3775.71,True
Potato,Local,Vegetable,Gujarat,Rajkot,Zaid,11,INDIVIDUAL,82.09,2002.99,1855.77,1,717.79,True
Wheat,Common,Cereal,Maharashtra,Pune,Year-Round,4,WHOLESALER,52.65,2731.35,2595.78,1,5055.22,True
Wheat,Common,Cereal,Maharashtra,Nashik,Zaid,2,INDIVIDUAL,70.22,2588.89,2465.38,0,887.46,True
Tomato,Desi,Vegetable,Maharashtra,Nashik,Rabi,1,BUSINESS,31.22,1245.29,1193.58,0,1517.2,True
Wheat,Common,Cereal,Uttar Pradesh,Agra,Rabi,2,RETAILER,30.19,2518.01,2301.65,0,1815.15,True
Groundnut,Local,Oilseed,Maharashtra,Mumbai,Year-Round,10,RESTAURANT,74.64,597.4,742.66,1,733.48,True
Soybean,Local,Oilseed,Maharashtra,Mumbai,Kharif,8,INDIVIDUAL,75.09,798.43,1006.84,0,360.98,True
Maize,Hybrid,Cereal,Uttar Pradesh,Agra,Rabi,1,RETAILER,84.53,1556.02,1253.19,0,907.17,True
Wheat,Common,Cereal,Karnataka,Bengaluru,Kharif,9,WHOLESALER,76.25,2641.88,2338.25,0,2603.32,True
Rice,Common,Cereal,Punjab,Ludhiana,Year-Round,1,RESTAURANT,17.89,2300.82,2378.57,0,3340.01,True
Tomato,Hybrid,Vegetable,Uttar Pradesh,Agra,Rabi,8,INDIVIDUAL,54.88,1692.72,1487.52,0,563.53,True
Green Chilli,Local,Spice,Karnataka,Bengaluru,Kharif,9,INDIVIDUAL,12.3,659.42,583.5,0,358.08,True
Soybean,Local,Oilseed,Maharashtra,Nashik,Rabi,5,RETAILER,17.78,786.56,995.18,0,1219.34,True
Rice,Common,Cereal,Tamil Nadu,Chennai,Zaid,9,WHOLESALER,89.94,2227.99,2533.71,0,2500.75,True
Potato,Local,Vegetable,Uttar Pradesh,Agra,Kharif,2,RETAILER,54.43,2608.31,1965.15,0,1299.6,True
Onion,Red,Vegetable,Punjab,Ludhiana,Year-Round,4,BUSINESS,45.53,1675.65,1496.16,1,2061.99,True
Tomato,Desi,Vegetable,Madhya Pradesh,Indore,Rabi,1,INDIVIDUAL,51.24,1289.21,1447.74,0,570.05,True
Tomato,Desi,Vegetable,Madhya Pradesh,Indore,Kharif,10,BUSINESS,43.08,1289.81,1346.15,1,1520.03,True
Tomato,Hybrid,Vegetable,Madhya Pradesh,Indore,Year-Round,11,RETAILER,53.09,1207.05,1471.46,1,1569.03,True
Maize,Hybrid,Cereal,Gujarat,Rajkot,Kharif,11,WHOLESALER,72.37,1052.33,1066.6,1,1590.81,True
Green Chilli,Local,Spice,Maharashtra,Nashik,Year-Round,4,WHOLESALER,79.04,721.93,590.58,1,930.09,True
Rice,Basmati,Cereal,Uttar Pradesh,Agra,Rabi,2,WHOLESALER,52.37,2733.85,2504.77,0,2791.39,True
Green Chilli,Local,Spice,Gujarat,Rajkot,Rabi,5,WHOLESALER,42.44,565.38,618.62,0,980.89,True
Tomato,Desi,Vegetable,Tamil Nadu,Chennai,Rabi,10,WHOLESALER,18.66,912.91,1086.39,1,1865.48,True
Rice,Basmati,Cereal,Karnataka,Bengaluru,Rabi,7,RETAILER,65.81,2342.11,2279.07,0,2284.77,True
Maize,Hybrid,Cereal,Gujarat,Rajkot,Zaid,7,WHOLESALER,29.64,1133.53,1106.62,0,1925.34,True
Soybean,Local,Oilseed,Tamil Nadu,Chennai,Year-Round,7,INDIVIDUAL,36.57,822.14,870.7,0,416.0,True
Green Chilli,Local,Spice,Uttar Pradesh,Agra,Rabi,8,RESTAURANT,45.9,471.82,503.64,0,518.7,True
Wheat,Common,Cereal,Punjab,Ludhiana,Kharif,1,RETAILER,17.86,2715.53,2678.07,0,3459.34,True
Maize,Hybrid,Cereal,Maharashtra,Mumbai,Kharif,2,BUSINESS,41.92,1199.23,1074.9,0,1097.96,True
Soybean,Local,Oilseed,Gujarat,Rajkot,Rabi,10,WHOLESALER,44.9,819.29,884.83,1,1425.97,True
Potato,Local,Vegetable,Uttar Pradesh,Agra,Kharif,4,RETAILER,74.49,1902.62,1737.87,1,1728.51,True
Mango,Local,Fruit,Punjab,Ludhiana,Year-Round,11,BUSINESS,28.8,684.43,731.95,1,1132.52,True
Wheat,Common,Cereal,Uttar Pradesh,Agra,Zaid,12,RESTAURANT,28.4,2909.76,2346.75,0,2969.09,True
Maize,Hybrid,Cereal,Karnataka,Bengaluru,Year-Round,9,INDIVIDUAL,68.31,1265.79,1142.22,0,371.43,True
Wheat,Common,Cereal,Maharashtra,Mumbai,Kharif,10,BUSINESS,71.77,1841.1,2410.07,1,2764.03,True
Soybean,Local,Oilseed,Tamil Nadu,Chennai,Kharif,4,RETAILER,71.54,859.64,914.53,1,926.01,True
Wheat,Common,Cereal,Karnataka,Bengaluru,Zaid,12,BUSINESS,40.07,3449.64,2792.82,0,3300.76,True
Groundnut,Local,Oilseed,Maharashtra,Nashik,Zaid,6,RETAILER,87.58,912.76,997.92,0,765.84,True
Soybean,Local,Oilseed,Uttar Pradesh,Agra,Rabi,8,RETAILER,54.64,1106.83,930.3,0,792.97,True
Maize,Hybrid,Cereal,Karnataka,Bengaluru,Rabi,8,RETAILER,64.44,1309.52,1298.47,0,970.93,True
Maize,Hybrid,Cereal,Madhya Pradesh,Indore,Kharif,7,INDIVIDUAL,48.72,947.68,974.23,0,439.59,True
Onion,Red,Vegetable,Maharashtra,Pune,Zaid,9,WHOLESALER,83.1,1281.68,1567.37,0,1787.69,True
Maize,Hybrid,Cereal,Gujarat,Rajkot,Kharif,3,INDIVIDUAL,19.9,1008.26,1168.92,0,643.18,True
Maize,Hybrid,Cereal,Tamil Nadu,Chennai,Zaid,10,WHOLESALER,67.31,1118.16,1074.02,1,1414.13,True
Potato,Local,Vegetable,Tamil Nadu,Chennai,Kharif,8,INDIVIDUAL,17.95,2171.3,1997.5,0,1298.58,True
Wheat,Common,Cereal,Karnataka,Bengaluru,Zaid,9,WHOLESALER,32.23,2795.43,2229.1,0,3139.13,True
Green Chilli,Local,Spice,Tamil Nadu,Chennai,Zaid,9,WHOLESALER,84.75,749.82,638.61,0,654.83,True
Tomato,Hybrid,Vegetable,Maharashtra,Nashik,Kharif,9,RESTAURANT,80.5,1625.09,1615.62,0,1156.94,True
Tomato,Desi,Vegetable,Maharashtra,Nashik,Rabi,1,WHOLESALER,83.04,897.71,894.33,0,1003.14,True
Mango,Local,Fruit,Gujarat,Rajkot,Zaid,7,RESTAURANT,42.27,802.95,811.3,0,920.07,True
Rice,Common,Cereal,Karnataka,Bengaluru,Rabi,5,WHOLESALER,74.84,2664.5,2603.76,0,3577.12,True
Rice,Common,Cereal,Madhya Pradesh,Indore,Year-Round,4,INDIVIDUAL,49.77,3445.99,2908.4,1,1507.02,True
Mango,Local,Fruit,Tamil Nadu,Chennai,Year-Round,12,RETAILER,21.91,884.93,779.68,0,726.26,True
Tomato,Desi,Vegetable,Uttar Pradesh,Agra,Zaid,1,BUSINESS,27.71,1387.15,1314.74,0,1583.38,True
Soybean,Local,Oilseed,Tamil Nadu,Chennai,Rabi,10,INDIVIDUAL,44.44,987.4,940.16,1,475.92,True
Tomato,Desi,Vegetable,Punjab,Ludhiana,Year-Round,5,BUSINESS,74.74,1258.06,1323.89,0,1487.23,True
Wheat,Common,Cereal,Uttar Pradesh,Agra,Year-Round,3,WHOLESALER,18.43,2057.9,2436.29,0,4125.71,True
Tomato,Desi,Vegetable,Madhya Pradesh,Indore,Rabi,10,WHOLESALER,83.59,1537.66,1411.96,1,1815.12,True
Onion,Red,Vegetable,Maharashtra,Pune,Year-Round,9,RESTAURANT,60.84,1698.0,1695.09,0,1670.67,True
Green Chilli,Local,Spice,Maharashtra,Nashik,Year-Round,4,RESTAURANT,20.11,603.72,647.18,1,870.51,True
Onion,Red,Vegetable,Tamil Nadu,Chennai,Kharif,4,WHOLESALER,17.47,1590.03,1590.29,1,4145.33,True
Potato,Local,Vegetable,Tamil Nadu,Chennai,Year-Round,11,INDIVIDUAL,79.06,1444.2,1497.29,1,599.96,True
Mango,Local,Fruit,Maharashtra,Mumbai,Zaid,5,RESTAURANT,39.8,622.8,670.44,0,909.09,True
Onion,Red,Vegetable,Maharashtra,Nashik,Year-Round,12,INDIVIDUAL,72.85,1411.2,1298.18,0,470.24,True
Maize,Hybrid,Cereal,Tamil Nadu,Chennai,Kharif,6,WHOLESALER,83.33,1224.48,1182.0,0,1464.65,True
Tomato,Hybrid,Vegetable,Madhya Pradesh,Indore,Zaid,7,BUSINESS,22.22,1567.85,1477.66,0,2286.3,True
Tomato,Hybrid,Vegetable,Tamil Nadu,Chennai,Zaid,5,RESTAURANT,41.89,1298.15,1331.88,0,1700.92,True
Maize,Hybrid,Cereal,Madhya Pradesh,Indore,Year-Round,8,RETAILER,59.71,1369.21,1288.21,0,1069.8,True
Rice,Basmati,Cereal,Gujarat,Rajkot,Kharif,9,WHOLESALER,20.58,2284.57,2313.71,0,4044.59,True
Tomato,Hybrid,Vegetable,Madhya Pradesh,Indore,Year-Round,10,RETAILER,81.23,1294.4,1353.2,1,1103.51,True
Maize,Hybrid,Cereal,Maharashtra,Pune,Year-Round,7,BUSINESS,53.49,1274.57,1155.75,0,1411.29,True
Soybean,Local,Oilseed,Maharashtra,Nashik,Year-Round,4,INDIVIDUAL,46.34,984.35,823.65,1,432.13,True
Tomato,Hybrid,Vegetable,Uttar Pradesh,Agra,Rabi,6,INDIVIDUAL,26.94,1598.47,1662.32,0,751.48,True
Soybean,Local,Oilseed,Punjab,Ludhiana,Rabi,4,WHOLESALER,23.5,1071.18,873.18,1,1847.77,True
Groundnut,Local,Oilseed,Maharashtra,Nashik,Kharif,9,RETAILER,54.5,874.3,862.35,0,699.83,True
Tomato,Hybrid,Vegetable,Punjab,Ludhiana,Year-Round,6,RETAILER,17.01,2020.02,1664.16,0,2310.27,True
Groundnut,Local,Oilseed,Maharashtra,Pune,Rabi,9,RETAILER,45.56,976.77,914.19,0,765.53,True
Mango,Local,Fruit,Karnataka,Bengaluru,Rabi,3,RESTAURANT,35.21,852.09,802.35,0,787.48,True
Rice,Basmati,Cereal,Gujarat,Rajkot,Kharif,6,WHOLESALER,46.53,1747.04,2148.8,0,4035.46,True
Potato,Local,Vegetable,Uttar Pradesh,Agra,Rabi,10,RESTAURANT,19.63,2594.89,2068.83,1,3221.94,True
Rice,Basmati,Cereal,Uttar Pradesh,Agra,Zaid,1,INDIVIDUAL,22.0,2288.06,2210.45,0,1006.02,True
Green Chilli,Local,Spice,Maharashtra,Mumbai,Zaid,5,RETAILER,13.05,574.35,613.44,0,900.11,True
Rice,Common,Cereal,Gujarat,Rajkot,Year-Round,1,BUSINESS,54.17,2364.9,2384.27,0,2611.57,True
Rice,Basmati,Cereal,Punjab,Ludhiana,Kharif,9,INDIVIDUAL,52.14,2379.8,2579.31,0,856.58,True
Soybean,Local,Oilseed,Tamil Nadu,Chennai,Kharif,7,RESTAURANT,40.3,1062.45,967.05,0,1040.09,True
Potato,Local,Vegetable,Uttar Pradesh,Agra,Year-Round,6,WHOLESALER,77.62,2453.35,2134.32,0,2929.26,True
Groundnut,Local,Oilseed,Maharashtra,Nashik,Rabi,7,INDIVIDUAL,26.29,960.24,823.59,0,526.75,True
Green Chilli,Local,Spice,Maharashtra,Mumbai,Kharif,11,WHOLESALER,65.51,776.43,640.36,1,761.01,True
Onion,Red,Vegetable,Karnataka,Bengaluru,Zaid,10,RETAILER,58.58,1010.88,1231.61,1,988.21,True
Mango,Local,Fruit,Maharashtra,Nashik,Kharif,3,INDIVIDUAL,65.66,835.92,766.77,0,272.59,True
Wheat,Common,Cereal,Punjab,Ludhiana,Year-Round,10,BUSINESS,44.43,1730.83,2360.75,1,3001.92,True
Tomato,Hybrid,Vegetable,Maharashtra,Mumbai,Rabi,10,WHOLESALER,28.86,1232.86,1458.29,1,2741.69,True
Potato,Local,Vegetable,Punjab,Ludhiana,Zaid,9,RETAILER,14.74,1887.45,1863.51,0,2277.62,True
Tomato,Hybrid,Vegetable,Maharashtra,Pune,Zaid,1,RESTAURANT,77.7,1488.47,1402.77,0,1114.37,True
Soybean,Local,Oilseed,Tamil Nadu,Chennai,Rabi,3,RESTAURANT,79.96,828.59,994.59,0,796.3,True
Potato,Local,Vegetable,Maharashtra,Nashik,Rabi,1,RETAILER,15.13,2021.56,1823.33,0,2132.07,True
Potato,Local,Vegetable,Uttar Pradesh,Agra,Zaid,1,RETAILER,75.8,1273.38,1818.45,0,1334.16,True
Onion,Red,Vegetable,Gujarat,Rajkot,Rabi,9,INDIVIDUAL,46.85,1215.53,1274.88,0,507.87,True
Tomato,Hybrid,Vegetable,Maharashtra,Pune,Kharif,8,INDIVIDUAL,86.71,1119.91,1065.07,0,411.63,True
Rice,Common,Cereal,Maharashtra,Pune,Year-Round,8,INDIVIDUAL,17.66,2642.03,2496.39,0,1521.19,True
Tomato,Desi,Vegetable,Punjab,Ludhiana,Kharif,9,INDIVIDUAL,73.81,1692.07,1558.82,0,502.14,True
Rice,Common,Cereal,Uttar Pradesh,Agra,Year-Round,10,RETAILER,84.57,3047.74,2907.06,1,2322.26,True
Soybean,Local,Oilseed,Tamil Nadu,Chennai,Zaid,12,RESTAURANT,68.25,908.45,874.37,0,786.27,True
Tomato,Desi,Vegetable,Maharashtra,Mumbai,Rabi,1,WHOLESALER,54.71,1232.73,1128.29,0,1359.41,True
Green Chilli,Local,Spice,Madhya Pradesh,Indore,Year-Round,4,WHOLESALER,76.8,549.16,507.33,1,754.44,True
Potato,Local,Vegetable,Karnataka,Bengaluru,Rabi,9,WHOLESALER,86.98,1471.46,1516.43,0,1658.54,True
Rice,Common,Cereal,Maharashtra,Mumbai,Rabi,10,BUSINESS,78.74,2205.61,2757.57,1,3132.64,True
Maize,Hybrid,Cereal,Maharashtra,Nashik,Zaid,4,WHOLESALER,76.08,1070.87,1108.67,1,1524.64,True
Mango,Local,Fruit,Gujarat,Rajkot,Year-Round,9,BUSINESS,14.94,782.68,723.16,0,908.72,True
Tomato,Hybrid,Vegetable,Karnataka,Bengaluru,Zaid,12,INDIVIDUAL,50.07,1864.21,1706.9,0,760.33,True
Maize,Hybrid,Cereal,Tamil Nadu,Chennai,Zaid,1,BUSINESS,64.66,1201.32,1008.79,0,913.05,True
Groundnut,Local,Oilseed,Maharashtra,Nashik,Kharif,12,RETAILER,77.52,928.64,895.71,0,610.62,True
Green Chilli,Local,Spice,Maharashtra,Nashik,Zaid,2,INDIVIDUAL,64.28,666.57,631.13,0,193.05,True
Rice,Basmati,Cereal,Tamil Nadu,Chennai,Zaid,11,INDIVIDUAL,25.95,2692.23,2446.46,1,1345.59,True
Mango,Local,Fruit,Maharashtra,Nashik,Kharif,11,RETAILER,26.78,622.17,673.15,1,812.05,True
Potato,Local,Vegetable,Maharashtra,Mumbai,Kharif,9,WHOLESALER,41.08,1522.72,1748.66,0,2404.11,True
Tomato,Hybrid,Vegetable,Gujarat,Rajkot,Rabi,3,INDIVIDUAL,64.05,1339.0,1357.04,0,482.61,True
Rice,Common,Cereal,Uttar Pradesh,Agra,Rabi,9,INDIVIDUAL,37.95,2064.29,2175.18,0,973.88,True
Rice,Common,Cereal,Uttar Pradesh,Agra,Year-Round,1,RETAILER,65.46,2416.22,2368.41,0,1905.81,True
Wheat,Common,Cereal,Maharashtra,Nashik,Kharif,12,BUSINESS,20.59,2348.26,2218.76,0,3205.27,True
Green Chilli,Local,Spice,Punjab,Ludhiana,Kharif,9,RETAILER,14.45,701.75,643.03,0,812.68,True
Green Chilli,Local,Spice,Gujarat,Rajkot,Zaid,2,BUSINESS,57.07,655.23,602.96,0,545.92,True
Rice,Common,Cereal,Maharashtra,Pune,Zaid,11,RETAILER,60.42,3427.12,3220.87,1,3379.44,True
Mango,Local,Fruit,Tamil Nadu,Chennai,Zaid,3,RESTAURANT,58.25,859.07,814.8,0,848.1,True
Onion,Red,Vegetable,Maharashtra,Nashik,Year-Round,1,INDIVIDUAL,70.56,1084.85,1292.09,0,495.45,True
Onion,Red,Vegetable,Madhya Pradesh,Indore,Year-Round,3,BUSINESS,49.4,1010.63,1304.68,0,1435.71,True
Green Chilli,Local,Spice,Madhya Pradesh,Indore,Zaid,6,WHOLESALER,23.09,472.13,502.31,0,960.85,True
Mango,Local,Fruit,Maharashtra,Mumbai,Kharif,8,INDIVIDUAL,84.41,731.83,791.19,0,282.18,True
Mango,Local,Fruit,Gujarat,Rajkot,Rabi,4,RESTAURANT,12.06,1026.52,946.32,1,1953.79,True
Groundnut,Local,Oilseed,Maharashtra,Mumbai,Year-Round,8,BUSINESS,24.79,872.59,773.89,0,1295.88,True
Maize,Hybrid,Cereal,Karnataka,Bengaluru,Year-Round,2,WHOLESALER,63.67,1063.3,1005.32,0,1019.79,True
Maize,Hybrid,Cereal,Uttar Pradesh,Agra,Kharif,10,INDIVIDUAL,64.24,1173.06,1111.33,1,483.29,True
Wheat,Common,Cereal,Madhya Pradesh,Indore,Zaid,12,INDIVIDUAL,63.44,1991.98,2408.67,0,957.08,True
Rice,Common,Cereal,Maharashtra,Mumbai,Kharif,7,INDIVIDUAL,78.92,2647.79,2718.43,0,1138.11,True
Green Chilli,Local,Spice,Madhya Pradesh,Indore,Rabi,3,INDIVIDUAL,52.42,519.11,551.14,0,212.33,True
Maize,Hybrid,Cereal,Gujarat,Rajkot,Zaid,7,RESTAURANT,78.49,1323.57,1323.03,0,1128.67,True
Tomato,Hybrid,Vegetable,Karnataka,Bengaluru,Rabi,3,RESTAURANT,68.72,1317.04,1399.14,0,1159.27,True
Tomato,Hybrid,Vegetable,Gujarat,Rajkot,Kharif,9,WHOLESALER,36.59,1695.27,1608.69,0,2227.07,True
Wheat,Common,Cereal,Punjab,Ludhiana,Zaid,12,WHOLESALER,85.36,2217.19,2179.68,0,2561.6,True
Tomato,Desi,Vegetable,Maharashtra,Nashik,Rabi,7,WHOLESALER,55.43,1068.54,1266.19,0,1579.65,True
Onion,Red,Vegetable,Maharashtra,Pune,Zaid,4,INDIVIDUAL,24.35,1478.15,1165.18,1,724.01,True
Tomato,Hybrid,Vegetable,Tamil Nadu,Chennai,Rabi,3,WHOLESALER,68.94,1409.06,1558.75,0,1723.7,True
Rice,Basmati,Cereal,Maharashtra,Pune,Zaid,4,RETAILER,35.65,2955.07,2643.73,1,3523.55,True
Wheat,Common,Cereal,Maharashtra,Mumbai,Zaid,5,WHOLESALER,56.54,2481.7,2814.72,0,3817.2,True
Soybean,Local,Oilseed,Gujarat,Rajkot,Year-Round,9,BUSINESS,87.91,971.96,1040.95,0,847.13,True
Maize,Hybrid,Cereal,Madhya Pradesh,Indore,Rabi,8,RESTAURANT,70.43,981.78,1213.21,0,1012.13,True
Maize,Hybrid,Cereal,Karnataka,Bengaluru,Rabi,6,WHOLESALER,47.66,1187.76,1062.34,0,1631.01,True
Rice,Basmati,Cereal,Maharashtra,Mumbai,Year-Round,11,WHOLESALER,36.69,2145.56,2228.52,1,4069.18,True
Onion,Red,Vegetable,Uttar Pradesh,Agra,Zaid,12,INDIVIDUAL,88.65,1152.61,1402.36,0,405.77,True
Potato,Local,Vegetable,Maharashtra,Nashik,Zaid,3,INDIVIDUAL,49.33,1739.2,1784.18,0,752.97,True
Mango,Local,Fruit,Gujarat,Rajkot,Rabi,11,RESTAURANT,45.71,839.29,752.14,1,987.3,True
Maize,Hybrid,Cereal,Madhya Pradesh,Indore,Kharif,11,INDIVIDUAL,44.05,1385.54,1246.58,1,571.37,True
Onion,Red,Vegetable,Punjab,Ludhiana,Zaid,12,RETAILER,21.51,1934.91,1469.69,0,1638.24,True
Rice,Basmati,Cereal,Gujarat,Rajkot,Zaid,10,RETAILER,28.34,3011.25,2656.82,1,2931.47,True
Soybean,Local,Oilseed,Gujarat,Rajkot,Rabi,3,WHOLESALER,80.63,956.32,904.31,0,1105.84,True
Wheat,Common,Cereal,Karnataka,Bengaluru,Zaid,4,INDIVIDUAL,22.02,2601.76,2554.58,1,1741.45,True
Green Chilli,Local,Spice,Maharashtra,Mumbai,Zaid,10,RESTAURANT,83.36,516.9,592.57,1,512.34,True
Maize,Hybrid,Cereal,Uttar Pradesh,Agra,Zaid,5,INDIVIDUAL,70.79,840.27,895.66,0,300.78,True
Potato,Local,Vegetable,Uttar Pradesh,Agra,Year-Round,9,INDIVIDUAL,33.37,1611.53,1764.6,0,767.34,True
Tomato,Desi,Vegetable,Maharashtra,Mumbai,Year-Round,3,BUSINESS,34.81,1589.58,1434.4,0,1534.62,True
Tomato,Hybrid,Vegetable,Gujarat,Rajkot,Kharif,7,BUSINESS,71.01,1438.5,1303.77,0,1294.76,True
Groundnut,Local,Oilseed,Maharashtra,Pune,Kharif,4,RETAILER,61.66,790.14,908.7,1,963.45,True
Rice,Basmati,Cereal,Punjab,Ludhiana,Rabi,10,RESTAURANT,38.24,2486.56,2886.43,1,4334.89,True
Potato,Local,Vegetable,Maharashtra,Pune,Kharif,4,INDIVIDUAL,72.57,1778.25,1519.52,1,756.23,True
Green Chilli,Local,Spice,Maharashtra,Mumbai,Rabi,8,WHOLESALER,53.61,611.8,616.44,0,790.29,True
Soybean,Local,Oilseed,Maharashtra,Pune,Rabi,3,BUSINESS,70.04,979.86,890.92,0,965.59,True
Rice,Basmati,Cereal,Tamil Nadu,Chennai,Zaid,9,RETAILER,86.9,2723.19,2438.38,0,1814.34,True
Tomato,Hybrid,Vegetable,Maharashtra,Mumbai,Rabi,8,BUSINESS,62.14,1548.41,1628.45,0,1718.71,True
Groundnut,Local,Oilseed,Punjab,Ludhiana,Kharif,8,RETAILER,12.77,825.38,763.64,0,994.73,True
Onion,Red,Vegetable,Madhya Pradesh,Indore,Rabi,11,WHOLESALER,67.8,1286.23,1371.56,1,1936.19,True
Mango,Local,Fruit,Tamil Nadu,Chennai,Zaid,11,RETAILER,72.66,700.42,661.18,1,592.49,True
Onion,Red,Vegetable,Maharashtra,Mumbai,Kharif,7,WHOLESALER,29.92,1100.68,1309.09,0,2288.93,True
Soybean,Local,Oilseed,Gujarat,Rajkot,Kharif,3,BUSINESS,43.92,759.89,807.35,0,899.98,True
Onion,Red,Vegetable,Tamil Nadu,Chennai,Year-Round,11,BUSINESS,83.03,1473.75,1388.89,1,1534.17,True
Tomato,Desi,Vegetable,Uttar Pradesh,Agra,Zaid,10,RETAILER,49.65,1308.08,1144.26,1,1084.31,True
Maize,Hybrid,Cereal,Maharashtra,Mumbai,Year-Round,6,RETAILER,73.92,979.8,1017.57,0,938.91,True
Onion,Red,Vegetable,Maharashtra,Mumbai,Rabi,9,BUSINESS,59.47,1316.99,1330.12,0,1366.94,True
Rice,Basmati,Cereal,Punjab,Ludhiana,Zaid,4,INDIVIDUAL,87.18,2130.56,2049.06,1,966.34,True
Potato,Local,Vegetable,Uttar Pradesh,Agra,Rabi,1,INDIVIDUAL,13.73,1776.5,1677.57,0,932.19,True
Maize,Hybrid,Cereal,Maharashtra,Mumbai,Rabi,4,RESTAURANT,85.56,1103.01,1039.44,1,1094.59,True
Groundnut,Local,Oilseed,Punjab,Ludhiana,Zaid,2,RETAILER,44.81,704.67,977.57,0,753.85,True
Rice,Common,Cereal,Uttar Pradesh,Agra,Zaid,3,RESTAURANT,88.96,3434.96,2998.58,0,2297.51,True
Rice,Common,Cereal,Tamil Nadu,Chennai,Rabi,1,RETAILER,68.98,2189.84,2411.52,0,1710.06,True
Rice,Common,Cereal,Maharashtra,Nashik,Kharif,10,BUSINESS,40.46,2823.5,2529.06,1,3147.33,True
Tomato,Hybrid,Vegetable,Uttar Pradesh,Agra,Year-Round,8,INDIVIDUAL,34.59,1289.22,1407.13,0,680.27,True
Rice,Basmati,Cereal,Maharashtra,Mumbai,Kharif,2,INDIVIDUAL,41.43,2411.48,2198.06,0,788.76,True
Onion,Red,Vegetable,Madhya Pradesh,Indore,Year-Round,5,INDIVIDUAL,55.51,1353.06,1332.38,0,464.92,True
Potato,Local,Vegetable,Punjab,Ludhiana,Rabi,10,INDIVIDUAL,27.02,1456.44,1924.78,1,1032.79,True
Rice,Basmati,Cereal,Uttar Pradesh,Agra,Year-Round,8,INDIVIDUAL,53.09,2206.6,2416.86,0,990.73,True
Green Chilli,Local,Spice,Punjab,Ludhiana,Rabi,4,WHOLESALER,12.41,568.8,671.1,1,1729.24,True
Green Chilli,Local,Spice,Maharashtra,Mumbai,Kharif,5,INDIVIDUAL,15.17,810.98,702.16,0,429.32,True
Mango,Local,Fruit,Maharashtra,Pune,Rabi,4,BUSINESS,44.2,822.22,766.7,1,1153.16,True
Green Chilli,Local,Spice,Gujarat,Rajkot,Rabi,11,WHOLESALER,82.32,610.04,612.52,1,782.54,True
Soybean,Local,Oilseed,Madhya Pradesh,Indore,Year-Round,4,INDIVIDUAL,59.7,983.38,851.34,1,457.67,True
Soybean,Local,Oilseed,Maharashtra,Mumbai,Year-Round,1,RETAILER,59.49,1114.8,1191.34,0,871.07,True
Rice,Common,Cereal,Maharashtra,Mumbai,Zaid,6,WHOLESALER,74.15,2881.05,2780.6,0,3091.83,True
Onion,Red,Vegetable,Gujarat,Rajkot,Kharif,5,INDIVIDUAL,77.24,1022.72,1158.38,0,476.15,True
Rice,Common,Cereal,Tamil Nadu,Chennai,Rabi,6,INDIVIDUAL,15.15,2317.13,2462.48,0,1519.78,True
Potato,Local,Vegetable,Madhya Pradesh,Indore,Rabi,11,WHOLESALER,61.92,1444.41,1476.29,1,2176.66,True
Maize,Hybrid,Cereal,Karnataka,Bengaluru,Zaid,9,RETAILER,46.42,1233.31,1088.1,0,981.76,True
Green Chilli,Local,Spice,Maharashtra,Pune,Kharif,4,RESTAURANT,38.16,793.02,684.12,1,1130.27,True
Mango,Local,Fruit,Madhya Pradesh,Indore,Rabi,5,RETAILER,70.73,916.68,971.44,0,832.44,True
Mango,Local,Fruit,Uttar Pradesh,Agra,Zaid,11,RETAILER,53.41,861.65,892.48,1,873.32,True
Onion,Red,Vegetable,Uttar Pradesh,Agra,Kharif,5,BUSINESS,71.56,1550.42,1600.36,0,1584.55,True
Tomato,Hybrid,Vegetable,Karnataka,Bengaluru,Zaid,9,WHOLESALER,57.3,1329.43,1540.38,0,1829.41,True
Groundnut,Local,Oilseed,Gujarat,Rajkot,Zaid,7,RESTAURANT,52.16,785.35,891.84,0,939.9,True
Mango,Local,Fruit,Uttar Pradesh,Agra,Year-Round,12,INDIVIDUAL,58.41,873.05,852.15,0,304.99,True
Rice,Basmati,Cereal,Gujarat,Rajkot,Zaid,3,BUSINESS,25.7,2321.42,2530.73,0,2884.47,True
Green Chilli,Local,Spice,Punjab,Ludhiana,Rabi,10,INDIVIDUAL,78.01,617.64,548.96,1,222.34,True
Rice,Basmati,Cereal,Madhya Pradesh,Indore,Kharif,5,WHOLESALER,51.76,1691.13,2271.55,0,2940.84,True
Onion,Red,Vegetable,Gujarat,Rajkot,Year-Round,11,RETAILER,23.69,1120.39,1380.09,1,1752.15,True
Soybean,Local,Oilseed,Uttar Pradesh,Agra,Zaid,10,BUSINESS,32.93,749.65,948.02,1,1232.73,True
Onion,Red,Vegetable,Karnataka,Bengaluru,Zaid,11,INDIVIDUAL,16.14,1081.82,1352.7,1,901.58,True
Mango,Local,Fruit,Maharashtra,Nashik,Rabi,8,RETAILER,73.28,770.05,740.05,0,571.02,True
Maize,Hybrid,Cereal,Gujarat,Rajkot,Year-Round,9,WHOLESALER,41.79,1282.48,1299.84,0,1793.29,True
Rice,Common,Cereal,Gujarat,Rajkot,Kharif,6,RESTAURANT,86.36,2330.34,2521.35,0,2514.19,True
Rice,Common,Cereal,Maharashtra,Nashik,Year-Round,2,BUSINESS,16.09,2708.4,2626.2,0,3718.73,True
Soybean,Local,Oilseed,Uttar Pradesh,Agra,Kharif,10,INDIVIDUAL,24.14,654.15,928.37,1,546.0,True
Onion,Red,Vegetable,Punjab,Ludhiana,Zaid,8,INDIVIDUAL,13.41,1282.52,1268.89,0,811.45,True
Green Chilli,Local,Spice,Maharashtra,Nashik,Year-Round,2,BUSINESS,45.27,687.73,609.42,0,642.87,True
Rice,Basmati,Cereal,Uttar Pradesh,Agra,Kharif,1,INDIVIDUAL,40.09,2505.63,2543.87,0,1127.98,True
Rice,Common,Cereal,Madhya Pradesh,Indore,Kharif,12,INDIVIDUAL,86.56,2826.51,2579.04,0,864.21,True
Rice,Common,Cereal,Punjab,Ludhiana,Kharif,6,WHOLESALER,50.03,3008.27,2908.32,0,5016.66,True
Green Chilli,Local,Spice,Punjab,Ludhiana,Year-Round,9,INDIVIDUAL,42.42,538.49,690.9,0,280.5,True
Onion,Red,Vegetable,Punjab,Ludhiana,Year-Round,2,BUSINESS,63.61,1316.64,1353.47,0,1240.76,True
Wheat,Common,Cereal,Gujarat,Rajkot,Zaid,4,BUSINESS,74.6,2212.22,2263.09,1,2440.44,True
Onion,Red,Vegetable,Madhya Pradesh,Indore,Kharif,9,INDIVIDUAL,44.71,1399.3,1521.38,0,670.41,True
Green Chilli,Local,Spice,Karnataka,Bengaluru,Kharif,5,RESTAURANT,27.76,638.53,595.53,0,743.37,True
Potato,Local,Vegetable,Maharashtra,Pune,Kharif,6,RESTAURANT,37.65,1446.54,1708.49,0,2281.56,True
Mango,Local,Fruit,Maharashtra,Pune,Zaid,3,RETAILER,20.26,781.21,829.69,0,913.85,True
Potato,Local,Vegetable,Maharashtra,Mumbai,Year-Round,3,BUSINESS,58.91,1748.88,2055.28,0,1767.95,True
Soybean,Local,Oilseed,Punjab,Ludhiana,Zaid,10,WHOLESALER,80.59,1138.42,1168.79,1,1564.05,True
Soybean,Local,Oilseed,Karnataka,Bengaluru,Kharif,7,INDIVIDUAL,45.04,963.19,871.05,0,412.12,True
Wheat,Common,Cereal,Uttar Pradesh,Agra,Year-Round,10,RESTAURANT,51.9,2289.49,2215.49,1,2627.54,True
Potato,Local,Vegetable,Maharashtra,Mumbai,Rabi,4,BUSINESS,59.15,2170.28,2005.56,1,2660.39,True
Rice,Common,Cereal,Gujarat,Rajkot,Zaid,6,WHOLESALER,29.28,2436.62,2576.98,0,4856.22,True
Potato,Local,Vegetable,Maharashtra,Mumbai,Rabi,11,RESTAURANT,59.13,1633.45,1690.69,1,2001.73,True
Green Chilli,Local,Spice,Karnataka,Bengaluru,Kharif,9,RETAILER,50.72,611.85,627.55,0,452.28,True
Green Chilli,Local,Spice,Maharashtra,Mumbai,Rabi,12,BUSINESS,57.54,627.0,697.04,0,593.12,True
Onion,Red,Vegetable,Madhya Pradesh,Indore,Rabi,10,INDIVIDUAL,49.84,1286.51,1467.34,1,709.06,True
Rice,Common,Cereal,Maharashtra,Pune,Zaid,7,WHOLESALER,58.33,2121.74,2203.46,0,2806.21,True
Rice,Common,Cereal,Karnataka,Bengaluru,Kharif,11,RESTAURANT,80.77,2689.14,3016.84,1,3389.96,True
Rice,Common,Cereal,Punjab,Ludhiana,Zaid,2,RETAILER,45.39,1985.91,2335.79,0,1970.9,True
Groundnut,Local,Oilseed,Uttar Pradesh,Agra,Kharif,10,RESTAURANT,16.93,916.96,836.01,1,1131.19,True
Rice,Basmati,Cereal,Uttar Pradesh,Agra,Kharif,1,BUSINESS,51.34,2365.59,2359.27,0,2722.37,True
Groundnut,Local,Oilseed,Gujarat,Rajkot,Kharif,2,BUSINESS,34.58,952.58,779.8,0,975.97,True
Green Chilli,Local,Spice,Tamil Nadu,Chennai,Year-Round,1,INDIVIDUAL,66.66,625.14,615.41,0,218.02,True
Mango,Local,Fruit,Maharashtra,Mumbai,Kharif,1,BUSINESS,28.67,891.05,729.09,0,908.36,True
Wheat,Common,Cereal,Karnataka,Bengaluru,Year-Round,9,BUSINESS,46.94,2246.54,2300.15,0,2279.44,True
Mango,Local,Fruit,Maharashtra,Mumbai,Zaid,2,INDIVIDUAL,52.29,706.0,704.64,0,257.67,True
Green Chilli,Local,Spice,Uttar Pradesh,Agra,Kharif,12,RESTAURANT,40.18,515.58,549.66,0,515.1,True
Maize,Hybrid,Cereal,Uttar Pradesh,Agra,Year-Round,7,INDIVIDUAL,74.87,906.72,1007.07,0,381.27,True
Green Chilli,Local,Spice,Punjab,Ludhiana,Rabi,9,RETAILER,82.79,606.44,608.88,0,480.23,True
Rice,Basmati,Cereal,Madhya Pradesh,Indore,Rabi,5,WHOLESALER,20.66,2484.1,2731.05,0,5550.14,True
Onion,Red,Vegetable,Punjab,Ludhiana,Kharif,3,INDIVIDUAL,21.13,1313.63,1326.77,0,670.17,True
Soybean,Local,Oilseed,Punjab,Ludhiana,Year-Round,1,WHOLESALER,67.9,636.89,756.93,0,856.13,True
Tomato,Hybrid,Vegetable,Maharashtra,Mumbai,Year-Round,8,BUSINESS,23.46,1584.59,1330.34,0,1958.13,True
Onion,Red,Vegetable,Uttar Pradesh,Agra,Rabi,5,RETAILER,15.16,1312.92,1364.97,0,1995.54,True
Mango,Local,Fruit,Maharashtra,Nashik,Kharif,12,BUSINESS,57.72,868.63,774.91,0,673.95,True
Potato,Local,Vegetable,Madhya Pradesh,Indore,Kharif,8,WHOLESALER,44.5,1394.34,1923.31,0,2812.46,True
Potato,Local,Vegetable,Gujarat,Rajkot,Zaid,6,WHOLESALER,85.6,2008.18,2007.23,0,2438.32,True
Green Chilli,Local,Spice,Gujarat,Rajkot,Rabi,5,RETAILER,39.48,496.43,631.9,0,626.93,True
Soybean,Local,Oilseed,Maharashtra,Pune,Rabi,9,INDIVIDUAL,16.78,878.05,927.91,0,649.53,True
Tomato,Hybrid,Vegetable,Tamil Nadu,Chennai,Year-Round,12,INDIVIDUAL,17.03,2036.39,1786.8,0,1094.7,True
Wheat,Common,Cereal,Uttar Pradesh,Agra,Year-Round,11,INDIVIDUAL,44.6,2965.66,2405.86,1,1233.24,True
Rice,Common,Cereal,Maharashtra,Pune,Zaid,12,WHOLESALER,12.34,2324.24,2528.01,0,4463.65,True
Tomato,Hybrid,Vegetable,Tamil Nadu,Chennai,Kharif,1,BUSINESS,65.8,1577.56,1416.75,0,1451.23,True
Onion,Red,Vegetable,Gujarat,Rajkot,Year-Round,4,WHOLESALER,25.62,1463.68,1334.87,1,2862.72,True
Wheat,Common,Cereal,Maharashtra,Nashik,Zaid,5,BUSINESS,40.48,3030.26,3011.34,0,3828.68,True
Onion,Red,Vegetable,Maharashtra,Pune,Zaid,11,INDIVIDUAL,61.04,1446.35,1440.79,1,673.21,True
Rice,Basmati,Cereal,Gujarat,Rajkot,Rabi,1,RETAILER,88.02,3163.6,2683.02,0,1933.11,True
Mango,Local,Fruit,Tamil Nadu,Chennai,Zaid,11,INDIVIDUAL,62.93,946.46,944.36,1,395.38,True
Groundnut,Local,Oilseed,Karnataka,Bengaluru,Zaid,2,WHOLESALER,62.2,757.9,934.03,0,949.27,True
Onion,Red,Vegetable,Tamil Nadu,Chennai,Zaid,6,INDIVIDUAL,79.39,1196.97,1464.51,0,630.62,True
Wheat,Common,Cereal,Maharashtra,Pune,Zaid,6,INDIVIDUAL,80.26,2281.95,2266.77,0,883.33,True
Tomato,Desi,Vegetable,Madhya Pradesh,Indore,Rabi,12,RESTAURANT,47.14,1263.56,1303.9,0,1400.83,True
Rice,Common,Cereal,Uttar Pradesh,Agra,Rabi,11,RETAILER,64.92,2488.02,3049.62,1,3104.63,True
Onion,Red,Vegetable,Maharashtra,Nashik,Kharif,12,BUSINESS,62.34,1482.3,1259.9,0,1346.8,True
Wheat,Common,Cereal,Maharashtra,Mumbai,Year-Round,2,INDIVIDUAL,57.84,2001.55,2208.06,0,729.05,True
Onion,Red,Vegetable,Madhya Pradesh,Indore,Year-Round,12,INDIVIDUAL,24.9,1687.16,1647.71,0,942.9,True
Tomato,Hybrid,Vegetable,Maharashtra,Nashik,Kharif,4,RETAILER,50.85,1082.87,1352.66,1,1614.5,True
Tomato,Hybrid,Vegetable,Tamil Nadu,Chennai,Zaid,1,RETAILER,31.77,1449.64,1311.3,0,1214.05,True
Onion,Red,Vegetable,Maharashtra,Mumbai,Rabi,11,RETAILER,51.6,1459.42,1552.24,1,1645.29,True
Rice,Common,Cereal,Maharashtra,Pune,Year-Round,10,WHOLESALER,40.38,2938.02,2555.5,1,4023.97,True
Tomato,Hybrid,Vegetable,Uttar Pradesh,Agra,Kharif,12,WHOLESALER,88.8,1508.52,1547.65,0,1534.45,True
Tomato,Desi,Vegetable,Maharashtra,Pune,Year-Round,12,RETAILER,14.34,1132.27,1474.48,0,1815.74,True
Soybean,Local,Oilseed,Madhya Pradesh,Indore,Zaid,2,RETAILER,39.91,1024.59,1009.37,0,847.13,True
Rice,Common,Cereal,Maharashtra,Mumbai,Zaid,5,BUSINESS,69.49,2573.45,2710.37,0,2984.23,True
Groundnut,Local,Oilseed,Tamil Nadu,Chennai,Zaid,2,RETAILER,70.63,895.54,836.36,0,456.38,True
Wheat,Common,Cereal,Madhya Pradesh,Indore,Rabi,12,RETAILER,27.95,1733.92,2307.48,0,2538.57,True
Soybean,Local,Oilseed,Punjab,Ludhiana,Kharif,6,INDIVIDUAL,74.59,864.05,876.37,0,348.59,True
Mango,Local,Fruit,Maharashtra,Pune,Kharif,6,WHOLESALER,66.77,890.92,886.82,0,1171.14,True
Rice,Common,Cereal,Uttar Pradesh,Agra,Year-Round,2,BUSINESS,24.33,2474.71,2535.85,0,2995.27,True
Tomato,Desi,Vegetable,Gujarat,Rajkot,Kharif,1,INDIVIDUAL,50.46,1241.0,1417.75,0,516.25,True
Tomato,Hybrid,Vegetable,Gujarat,Rajkot,Rabi,12,RESTAURANT,62.22,1296.75,1607.44,0,1511.52,True
Tomato,Hybrid,Vegetable,Madhya Pradesh,Indore,Kharif,1,INDIVIDUAL,68.1,1918.66,1756.67,0,709.49,True
Onion,Red,Vegetable,Maharashtra,Nashik,Zaid,10,WHOLESALER,73.88,1544.75,1449.78,1,1967.28,True
Soybean,Local,Oilseed,Punjab,Ludhiana,Rabi,2,INDIVIDUAL,69.25,679.85,781.83,0,224.51,True
Tomato,Desi,Vegetable,Madhya Pradesh,Indore,Kharif,10,BUSINESS,61.48,1147.55,1084.19,1,1419.61,True
Mango,Local,Fruit,Punjab,Ludhiana,Kharif,1,BUSINESS,43.34,891.09,819.61,0,832.29,True
Mango,Local,Fruit,Maharashtra,Mumbai,Kharif,10,RETAILER,53.72,807.15,902.91,1,869.66,True
Onion,Red,Vegetable,Madhya Pradesh,Indore,Rabi,5,BUSINESS,72.11,1906.79,1591.96,0,1996.33,True
Wheat,Common,Cereal,Maharashtra,Mumbai,Kharif,9,RETAILER,20.89,3057.6,2675.44,0,3149.28,True
Wheat,Common,Cereal,Maharashtra,Mumbai,Kharif,5,RETAILER,86.41,2625.41,2504.82,0,2035.0,True
Onion,Red,Vegetable,Maharashtra,Mumbai,Rabi,1,WHOLESALER,85.76,1680.56,1341.64,0,1275.72,True
Potato,Local,Vegetable,Maharashtra,Nashik,Kharif,2,RESTAURANT,65.58,2174.55,1869.59,0,1515.05,True
Groundnut,Local,Oilseed,Uttar Pradesh,Agra,Year-Round,3,RESTAURANT,31.26,847.87,794.19,0,961.74,True
Soybean,Local,Oilseed,Maharashtra,Mumbai,Year-Round,1,INDIVIDUAL,32.78,1007.9,1035.97,0,503.57,True
Soybean,Local,Oilseed,Maharashtra,Mumbai,Zaid,4,BUSINESS,29.44,923.07,883.13,1,1370.03,True
Mango,Local,Fruit,Punjab,Ludhiana,Year-Round,2,INDIVIDUAL,77.6,712.41,708.78,0,220.52,True
Green Chilli,Local,Spice,Punjab,Ludhiana,Rabi,9,RESTAURANT,15.3,426.42,507.07,0,740.1,True
Mango,Local,Fruit,Maharashtra,Mumbai,Rabi,4,RESTAURANT,89.18,653.78,728.98,1,787.96,True
Soybean,Local,Oilseed,Gujarat,Rajkot,Year-Round,1,RESTAURANT,35.12,995.77,1090.69,0,1097.57,True
Tomato,Desi,Vegetable,Gujarat,Rajkot,Kharif,7,INDIVIDUAL,75.22,1323.87,1304.81,0,524.15,True
Green Chilli,Local,Spice,Tamil Nadu,Chennai,Year-Round,10,RETAILER,69.12,751.83,658.7,1,625.66,True
Soybean,Local,Oilseed,Karnataka,Bengaluru,Rabi,2,RETAILER,56.08,1008.16,972.97,0,720.06,True
Groundnut,Local,Oilseed,Gujarat,Rajkot,Year-Round,5,WHOLESALER,50.5,680.88,702.29,0,1079.03,True
Onion,Red,Vegetable,Punjab,Ludhiana,Rabi,11,RETAILER,40.69,1291.13,1271.83,1,1271.11,True
Groundnut,Local,Oilseed,Karnataka,Bengaluru,Rabi,11,WHOLESALER,89.16,860.18,950.2,1,1186.88,True
Rice,Basmati,Cereal,Maharashtra,Mumbai,Zaid,2,RETAILER,46.41,2717.79,2303.57,0,1891.09,True
Green Chilli,Local,Spice,Uttar Pradesh,Agra,Rabi,6,RESTAURANT,64.57,602.74,526.59,0,560.8,True
Wheat,Common,Cereal,Maharashtra,Mumbai,Rabi,11,RESTAURANT,70.69,2759.14,2489.87,1,2715.85,True
Tomato,Hybrid,Vegetable,Punjab,Ludhiana,Rabi,9,BUSINESS,57.7,1547.26,1448.68,0,1375.7,True
Soybean,Local,Oilseed,Madhya Pradesh,Indore,Zaid,9,INDIVIDUAL,27.13,743.99,954.19,0,504.67,True
Soybean,Local,Oilseed,Madhya Pradesh,Indore,Year-Round,10,INDIVIDUAL,72.68,1292.52,963.53,1,403.3,True
Potato,Local,Vegetable,Maharashtra,Pune,Kharif,4,RETAILER,25.9,1735.35,1709.15,1,2411.45,True
Soybean,Local,Oilseed,Maharashtra,Pune,Zaid,5,INDIVIDUAL,57.24,911.26,969.23,0,422.88,True
Wheat,Common,Cereal,Uttar Pradesh,Agra,Zaid,9,RESTAURANT,54.09,2103.64,2418.62,0,2068.83,True
Potato,Local,Vegetable,Maharashtra,Nashik,Zaid,10,RETAILER,43.76,1771.68,1729.67,1,1597.52,True
Green Chilli,Local,Spice,Madhya Pradesh,Indore,Rabi,12,RETAILER,66.73,614.16,637.9,0,543.64,True
Rice,Basmati,Cereal,Uttar Pradesh,Agra,Kharif,7,INDIVIDUAL,28.62,2177.64,2663.07,0,1586.94,True
Maize,Hybrid,Cereal,Punjab,Ludhiana,Year-Round,11,INDIVIDUAL,77.85,1198.34,1236.09,1,483.48,True
Maize,Hybrid,Cereal,Tamil Nadu,Chennai,Zaid,6,RETAILER,32.52,1392.05,1152.29,0,1356.08,True
Mango,Local,Fruit,Uttar Pradesh,Agra,Rabi,6,WHOLESALER,67.71,786.34,802.86,0,1003.54,True
Onion,Red,Vegetable,Tamil Nadu,Chennai,Year-Round,8,RESTAURANT,39.69,1462.41,1425.89,0,1533.57,True
Green Chilli,Local,Spice,Maharashtra,Nashik,Kharif,2,WHOLESALER,63.62,370.13,481.07,0,454.92,True
Potato,Local,Vegetable,Karnataka,Bengaluru,Kharif,7,INDIVIDUAL,65.81,1700.16,1747.44,0,745.96,True
Rice,Basmati,Cereal,Punjab,Ludhiana,Year-Round,7,RESTAURANT,18.07,2528.83,2869.06,0,3987.97,True
Maize,Hybrid,Cereal,Maharashtra,Mumbai,Rabi,7,RETAILER,12.21,1170.63,1151.71,0,1300.58,True
Onion,Red,Vegetable,Karnataka,Bengaluru,Year-Round,5,INDIVIDUAL,25.98,1666.24,1327.74,0,559.22,True
Rice,Common,Cereal,Uttar Pradesh,Agra,Kharif,8,INDIVIDUAL,19.41,2746.23,2553.3,0,1460.96,True
Rice,Common,Cereal,Maharashtra,Pune,Kharif,6,RESTAURANT,24.5,3934.89,3053.66,0,4373.85,True
Tomato,Hybrid,Vegetable,Karnataka,Bengaluru,Rabi,2,RETAILER,28.96,1419.29,1430.28,0,1120.1,True
Rice,Common,Cereal,Uttar Pradesh,Agra,Kharif,10,BUSINESS,48.23,2653.79,2946.64,1,3594.52,True
Tomato,Hybrid,Vegetable,Maharashtra,Mumbai,Zaid,9,RETAILER,14.64,1183.89,1392.82,0,1734.32,True
Rice,Common,Cereal,Madhya Pradesh,Indore,Year-Round,12,WHOLESALER,15.44,1750.38,2231.55,0,4511.61,True
Potato,Local,Vegetable,Maharashtra,Nashik,Zaid,11,WHOLESALER,36.18,1481.48,1765.61,1,3104.57,True
Soybean,Local,Oilseed,Punjab,Ludhiana,Rabi,5,WHOLESALER,76.96,915.41,969.8,0,1000.09,True
Mango,Local,Fruit,Maharashtra,Nashik,Rabi,10,BUSINESS,50.7,814.27,850.98,1,1188.62,True
Groundnut,Local,Oilseed,Madhya Pradesh,Indore,Rabi,1,BUSINESS,41.65,849.12,956.27,0,974.71,True
Rice,Basmati,Cereal,Maharashtra,Mumbai,Kharif,11,INDIVIDUAL,23.97,2081.68,2276.11,1,1302.18,True
Groundnut,Local,Oilseed,Uttar Pradesh,Agra,Year-Round,6,INDIVIDUAL,51.8,819.78,882.17,0,357.5,True
Soybean,Local,Oilseed,Punjab,Ludhiana,Rabi,10,RESTAURANT,43.08,1015.24,888.45,1,1148.63,True
Tomato,Desi,Vegetable,Karnataka,Bengaluru,Zaid,4,WHOLESALER,23.9,1462.41,1286.63,1,2542.35,True
Groundnut,Local,Oilseed,Maharashtra,Nashik,Rabi,1,INDIVIDUAL,65.66,673.25,664.02,0,239.34,True
Rice,Common,Cereal,Punjab,Ludhiana,Rabi,3,RETAILER,69.85,1914.28,2191.02,0,1771.55,True
Groundnut,Local,Oilseed,Karnataka,Bengaluru,Kharif,8,RESTAURANT,77.79,753.78,871.65,0,866.02,True
Rice,Common,Cereal,Maharashtra,Mumbai,Kharif,3,INDIVIDUAL,59.03,2947.63,2749.93,0,1073.25,True
Tomato,Desi,Vegetable,Madhya Pradesh,Indore,Rabi,2,INDIVIDUAL,44.48,1211.84,1163.67,0,369.64,True
Tomato,Hybrid,Vegetable,Gujarat,Rajkot,Year-Round,10,INDIVIDUAL,83.9,1570.0,1618.18,1,629.96,True
Onion,Red,Vegetable,Maharashtra,Mumbai,Kharif,8,RETAILER,70.08,1323.73,1186.31,0,1024.65,True
Potato,Local,Vegetable,Uttar Pradesh,Agra,Kharif,3,INDIVIDUAL,62.66,1170.24,1485.12,0,546.18,True
Groundnut,Local,Oilseed,Madhya Pradesh,Indore,Year-Round,2,INDIVIDUAL,13.87,837.76,752.41,0,384.48,True
Potato,Local,Vegetable,Maharashtra,Pune,Year-Round,3,RETAILER,77.17,1892.21,1788.59,0,1412.85,True
Green Chilli,Local,Spice,Maharashtra,Mumbai,Zaid,8,BUSINESS,69.99,675.5,579.99,0,606.07,True
Tomato,Hybrid,Vegetable,Madhya Pradesh,Indore,Kharif,4,BUSINESS,64.41,1659.53,1500.69,1,2008.1,True
Tomato,Desi,Vegetable,Uttar Pradesh,Agra,Kharif,1,WHOLESALER,49.5,1185.6,1445.82,0,1794.05,True
Onion,Red,Vegetable,Madhya Pradesh,Indore,Year-Round,9,RESTAURANT,73.85,1220.89,1407.86,0,1143.02,True
Green Chilli,Local,Spice,Gujarat,Rajkot,Year-Round,9,WHOLESALER,26.52,634.72,650.5,0,1137.42,True
Green Chilli,Local,Spice,Uttar Pradesh,Agra,Zaid,2,RESTAURANT,13.43,549.99,661.9,0,904.51,True
Soybean,Local,Oilseed,Uttar Pradesh,Agra,Rabi,9,BUSINESS,38.92,1028.32,1030.82,0,1082.36,True
Mango,Local,Fruit,Maharashtra,Mumbai,Year-Round,6,BUSINESS,31.31,860.93,843.42,0,1324.79,True
Groundnut,Local,Oilseed,Gujarat,Rajkot,Zaid,6,INDIVIDUAL,88.91,983.23,922.41,0,341.83,True
Groundnut,Local,Oilseed,Maharashtra,Pune,Kharif,5,RESTAURANT,65.14,1301.14,959.0,0,893.54,True
Green Chilli,Local,Spice,Tamil Nadu,Chennai,Rabi,4,INDIVIDUAL,16.08,606.97,587.65,1,422.2,True
Green Chilli,Local,Spice,Gujarat,Rajkot,Year-Round,1,RETAILER,18.15,738.87,628.3,0,689.71,True
Onion,Red,Vegetable,Uttar Pradesh,Agra,Year-Round,1,BUSINESS,62.34,1433.82,1321.34,0,1252.56,True
Maize,Hybrid,Cereal,Gujarat,Rajkot,Year-Round,2,RETAILER,55.67,1291.38,1174.91,0,803.95,True
Tomato,Desi,Vegetable,Gujarat,Rajkot,Year-Round,11,WHOLESALER,80.47,1030.33,1311.3,1,1700.43,True
Soybean,Local,Oilseed,Punjab,Ludhiana,Rabi,6,RESTAURANT,88.44,1082.27,968.26,0,804.2,True
Tomato,Desi,Vegetable,Gujarat,Rajkot,Zaid,7,BUSINESS,24.68,1249.6,1137.54,0,1573.98,True
Potato,Local,Vegetable,Karnataka,Bengaluru,Rabi,5,BUSINESS,73.62,2159.18,2108.51,0,2217.91,True
Rice,Common,Cereal,Uttar Pradesh,Agra,Kharif,5,RETAILER,52.68,2421.25,2885.39,0,2598.91,True
Wheat,Common,Cereal,Maharashtra,Pune,Kharif,3,WHOLESALER,32.41,1728.99,1754.63,0,2672.01,True
Tomato,Hybrid,Vegetable,Gujarat,Rajkot,Rabi,6,INDIVIDUAL,28.94,1460.56,1629.3,0,994.13,True
Onion,Red,Vegetable,Madhya Pradesh,Indore,Zaid,7,INDIVIDUAL,27.63,1629.02,1509.45,0,821.29,True
Soybean,Local,Oilseed,Tamil Nadu,Chennai,Kharif,4,RETAILER,41.09,1015.62,992.85,1,1092.91,True
Maize,Hybrid,Cereal,Uttar Pradesh,Agra,Zaid,10,RETAILER,12.02,1132.64,1170.61,1,1851.47,True
Maize,Hybrid,Cereal,Maharashtra,Pune,Rabi,6,BUSINESS,28.54,1001.67,1009.29,0,1427.69,True
Green Chilli,Local,Spice,Maharashtra,Nashik,Year-Round,1,INDIVIDUAL,61.68,515.59,626.25,0,250.34,True
Onion,Red,Vegetable,Maharashtra,Nashik,Kharif,7,WHOLESALER,12.24,1428.34,1549.31,0,3358.23,True
Maize,Hybrid,Cereal,Madhya Pradesh,Indore,Year-Round,1,BUSINESS,16.2,888.35,989.93,0,1284.73,True
Mango,Local,Fruit,Maharashtra,Pune,Rabi,9,WHOLESALER,53.36,829.84,729.12,0,871.53,True
Wheat,Common,Cereal,Karnataka,Bengaluru,Zaid,10,WHOLESALER,71.02,2307.38,2122.69,1,3316.98,True
Rice,Basmati,Cereal,Maharashtra,Pune,Year-Round,6,BUSINESS,56.11,2764.08,2975.64,0,3657.51,True
Green Chilli,Local,Spice,Maharashtra,Pune,Zaid,10,RESTAURANT,76.86,605.27,601.71,1,615.49,True
Tomato,Desi,Vegetable,Punjab,Ludhiana,Rabi,7,RESTAURANT,39.6,1176.1,1458.24,0,1853.95,True
Rice,Common,Cereal,Maharashtra,Nashik,Zaid,6,RESTAURANT,37.33,2949.72,2546.03,0,3075.15,True
Rice,Basmati,Cereal,Maharashtra,Nashik,Kharif,8,RETAILER,85.84,1676.36,1997.61,0,1477.21,True
Rice,Common,Cereal,Karnataka,Bengaluru,Rabi,5,RESTAURANT,49.18,3167.47,2926.33,0,3311.45,True
Onion,Red,Vegetable,Maharashtra,Nashik,Year-Round,11,WHOLESALER,51.25,1378.1,1441.97,1,2097.46,True
Soybean,Local,Oilseed,Gujarat,Rajkot,Zaid,8,BUSINESS,12.64,934.17,884.53,0,1687.32,True
Maize,Hybrid,Cereal,Maharashtra,Nashik,Zaid,2,INDIVIDUAL,85.02,1384.92,1228.82,0,358.75,True
Wheat,Common,Cereal,Uttar Pradesh,Agra,Kharif,1,BUSINESS,12.9,2153.35,2618.24,0,3697.84,True
Potato,Local,Vegetable,Madhya Pradesh,Indore,Year-Round,3,BUSINESS,81.63,1859.77,1785.28,0,1698.32,True
Rice,Common,Cereal,Punjab,Ludhiana,Year-Round,8,BUSINESS,49.22,2886.74,2988.82,0,2890.66,True
Maize,Hybrid,Cereal,Maharashtra,Pune,Year-Round,7,INDIVIDUAL,59.47,1074.02,1131.68,0,557.46,True
Rice,Basmati,Cereal,Karnataka,Bengaluru,Kharif,4,WHOLESALER,82.19,2188.79,2290.14,1,4062.57,True
Rice,Common,Cereal,Maharashtra,Mumbai,Zaid,1,WHOLESALER,57.9,3341.66,2701.92,0,3384.89,True
Rice,Basmati,Cereal,Uttar Pradesh,Agra,Rabi,1,WHOLESALER,16.92,2333.69,2574.73,0,4031.64,True
Mango,Local,Fruit,Tamil Nadu,Chennai,Zaid,4,RETAILER,44.47,618.9,693.92,1,751.17,True
Onion,Red,Vegetable,Maharashtra,Nashik,Rabi,4,WHOLESALER,50.12,1148.74,1211.2,1,1752.86,True
Rice,Common,Cereal,Tamil Nadu,Chennai,Zaid,3,WHOLESALER,25.07,2517.03,2539.23,0,4544.07,True
Tomato,Desi,Vegetable,Madhya Pradesh,Indore,Kharif,2,RESTAURANT,19.35,1311.63,1359.69,0,1561.39,True
Wheat,Common,Cereal,Maharashtra,Pune,Rabi,8,RETAILER,65.18,2237.0,2444.52,0,2403.85,True
Onion,Red,Vegetable,Karnataka,Bengaluru,Kharif,8,BUSINESS,64.93,1307.04,1374.6,0,1507.5,True
Green Chilli,Local,Spice,Karnataka,Bengaluru,Rabi,12,WHOLESALER,52.5,563.54,585.52,0,805.63,True
Tomato,Desi,Vegetable,Madhya Pradesh,Indore,Zaid,5,BUSINESS,50.21,1118.08,1083.43,0,1183.66,True
Maize,Hybrid,Cereal,Tamil Nadu,Chennai,Zaid,4,INDIVIDUAL,60.06,630.17,882.85,1,431.94,True
Groundnut,Local,Oilseed,Gujarat,Rajkot,Zaid,1,BUSINESS,43.56,921.88,939.12,0,970.54,True
Maize,Hybrid,Cereal,Tamil Nadu,Chennai,Kharif,6,RESTAURANT,17.06,1041.91,1096.5,0,1927.54,True
Wheat,Common,Cereal,Uttar Pradesh,Agra,Year-Round,2,RESTAURANT,44.05,2068.8,2007.94,0,1808.42,True
Potato,Local,Vegetable,Maharashtra,Mumbai,Zaid,4,RETAILER,22.63,1598.78,1933.3,1,3015.08,True
Onion,Red,Vegetable,Maharashtra,Pune,Year-Round,4,INDIVIDUAL,84.48,1678.64,1533.44,1,673.63,True
Potato,Local,Vegetable,Maharashtra,Mumbai,Year-Round,4,RESTAURANT,37.07,1587.74,1672.79,1,2326.98,True
Groundnut,Local,Oilseed,Madhya Pradesh,Indore,Zaid,8,INDIVIDUAL,61.09,762.57,865.56,0,352.28,True
Rice,Basmati,Cereal,Punjab,Ludhiana,Year-Round,1,INDIVIDUAL,19.12,2892.23,2537.65,0,1396.91,True
Wheat,Common,Cereal,Gujarat,Rajkot,Rabi,5,INDIVIDUAL,48.89,3152.21,2641.12,0,1011.09,True
Green Chilli,Local,Spice,Punjab,Ludhiana,Year-Round,11,RESTAURANT,47.24,463.28,523.84,1,515.97,True
Maize,Hybrid,Cereal,Madhya Pradesh,Indore,Year-Round,10,INDIVIDUAL,51.47,1103.36,1236.1,1,536.82,True
Soybean,Local,Oilseed,Punjab,Ludhiana,Zaid,9,WHOLESALER,66.52,1028.3,952.79,0,1103.51,True
Tomato,Desi,Vegetable,Madhya Pradesh,Indore,Year-Round,6,RESTAURANT,28.62,1026.52,1179.71,0,1818.35,True
Groundnut,Local,Oilseed,Uttar Pradesh,Agra,Year-Round,3,BUSINESS,48.74,693.71,860.6,0,843.98,True
Mango,Local,Fruit,Maharashtra,Mumbai,Kharif,10,INDIVIDUAL,50.75,757.38,807.62,1,389.87,True
Rice,Basmati,Cereal,Madhya Pradesh,Indore,Kharif,10,BUSINESS,64.04,2236.79,2365.26,1,2850.53,True
Rice,Basmati,Cereal,Uttar Pradesh,Agra,Rabi,5,RESTAURANT,73.04,2242.23,2201.96,0,2280.88,True
Groundnut,Local,Oilseed,Gujarat,Rajkot,Zaid,3,WHOLESALER,32.17,818.7,775.15,0,1141.19,True
Mango,Local,Fruit,Maharashtra,Pune,Kharif,1,INDIVIDUAL,27.04,832.8,848.21,0,440.88,True
Green Chilli,Local,Spice,Maharashtra,Nashik,Zaid,6,INDIVIDUAL,31.75,438.87,474.77,0,238.12,True
Soybean,Local,Oilseed,Maharashtra,Nashik,Year-Round,9,BUSINESS,80.05,1211.31,1009.63,0,945.91,True
Mango,Local,Fruit,Tamil Nadu,Chennai,Rabi,6,BUSINESS,39.34,654.8,755.3,0,1022.77,True
Soybean,Local,Oilseed,Karnataka,Bengaluru,Year-Round,1,WHOLESALER,80.13,1132.83,1254.83,0,1278.46,True
Wheat,Common,Cereal,Tamil Nadu,Chennai,Year-Round,9,RESTAURANT,60.56,2500.33,2184.66,0,2107.0,True
Rice,Basmati,Cereal,Karnataka,Bengaluru,Zaid,8,RESTAURANT,86.7,2644.12,2790.3,0,2728.83,True
Mango,Local,Fruit,Punjab,Ludhiana,Year-Round,1,RETAILER,26.27,687.09,666.89,0,602.6,True
Potato,Local,Vegetable,Maharashtra,Pune,Kharif,4,WHOLESALER,74.05,2037.61,1657.26,1,2513.48,True
Green Chilli,Local,Spice,Madhya Pradesh,Indore,Kharif,7,RETAILER,75.13,662.8,614.97,0,518.55,True
Tomato,Desi,Vegetable,Maharashtra,Mumbai,Kharif,9,RETAILER,87.6,1319.9,1105.18,0,707.2,True
Tomato,Desi,Vegetable,Madhya Pradesh,Indore,Year-Round,6,RESTAURANT,59.59,1586.98,1513.84,0,1570.5,True
Onion,Red,Vegetable,Maharashtra,Nashik,Year-Round,4,BUSINESS,76.4,1367.33,1329.07,1,1890.47,True
Potato,Local,Vegetable,Madhya Pradesh,Indore,Rabi,3,BUSINESS,70.17,1318.36,1431.46,0,1251.02,True
Onion,Red,Vegetable,Madhya Pradesh,Indore,Rabi,4,INDIVIDUAL,35.14,1735.36,1574.25,1,856.68,True
Onion,Red,Vegetable,Madhya Pradesh,Indore,Kharif,10,RESTAURANT,78.53,1020.37,1121.56,1,1290.95,True
Wheat,Common,Cereal,Tamil Nadu,Chennai,Zaid,9,WHOLESALER,58.81,2442.06,2552.49,0,2804.84,True
Rice,Basmati,Cereal,Uttar Pradesh,Agra,Kharif,9,INDIVIDUAL,47.96,2771.29,2252.43,0,918.06,True
Wheat,Common,Cereal,Gujarat,Rajkot,Kharif,7,RESTAURANT,52.87,2742.59,2669.21,0,2830.58,True
Potato,Local,Vegetable,Uttar Pradesh,Agra,Zaid,10,RETAILER,37.49,1978.86,1848.39,1,2042.4,True
Maize,Hybrid,Cereal,Maharashtra,Mumbai,Kharif,3,INDIVIDUAL,44.35,1020.52,1120.95,0,460.99,True
Tomato,Desi,Vegetable,Maharashtra,Mumbai,Year-Round,1,BUSINESS,58.81,1295.9,1474.92,0,1564.18,True
Soybean,Local,Oilseed,Maharashtra,Pune,Kharif,6,RESTAURANT,73.6,887.19,881.66,0,947.6,True
Rice,Common,Cereal,Punjab,Ludhiana,Year-Round,8,RETAILER,55.37,2628.27,2844.54,0,2115.53,True
Rice,Common,Cereal,Maharashtra,Nashik,Kharif,5,RETAILER,54.45,3178.28,2829.42,0,2998.58,True
Rice,Basmati,Cereal,Karnataka,Bengaluru,Zaid,5,WHOLESALER,79.45,3139.64,2594.32,0,3120.24,True
Green Chilli,Local,Spice,Uttar Pradesh,Agra,Kharif,12,WHOLESALER,16.22,632.58,514.55,0,882.61,True
Maize,Hybrid,Cereal,Madhya Pradesh,Indore,Kharif,12,BUSINESS,59.77,1181.85,1070.84,0,1150.14,True
Tomato,Hybrid,Vegetable,Maharashtra,Mumbai,Zaid,5,RETAILER,35.13,1257.06,1466.19,0,1707.18,True
Groundnut,Local,Oilseed,Madhya Pradesh,Indore,Year-Round,12,RESTAURANT,67.38,695.23,691.06,0,601.25,True
Tomato,Desi,Vegetable,Karnataka,Bengaluru,Year-Round,3,WHOLESALER,85.39,1318.65,1317.73,0,1717.51,True
Rice,Basmati,Cereal,Maharashtra,Pune,Rabi,11,WHOLESALER,39.63,2923.67,2872.39,1,4538.59,True
Tomato,Hybrid,Vegetable,Madhya Pradesh,Indore,Year-Round,9,WHOLESALER,55.2,1249.43,1201.51,0,1444.38,True
Rice,Basmati,Cereal,Karnataka,Bengaluru,Zaid,5,RESTAURANT,61.89,2461.0,2579.02,0,2629.37,True
Rice,Basmati,Cereal,Karnataka,Bengaluru,Year-Round,2,WHOLESALER,48.97,2191.15,2358.93,0,2929.24,True
Tomato,Desi,Vegetable,Uttar Pradesh,Agra,Zaid,7,INDIVIDUAL,81.49,1362.38,1333.41,0,517.26,True
Green Chilli,Local,Spice,Karnataka,Bengaluru,Kharif,8,BUSINESS,80.2,574.39,588.94,0,520.39,True
Wheat,Common,Cereal,Gujarat,Rajkot,Year-Round,4,WHOLESALER,35.66,2123.02,2177.22,1,4237.21,True
Mango,Local,Fruit,Maharashtra,Pune,Year-Round,5,INDIVIDUAL,65.23,921.13,837.22,0,348.33,True
Onion,Red,Vegetable,Maharashtra,Nashik,Rabi,1,RETAILER,85.72,1486.19,1445.62,0,1090.18,True
Green Chilli,Local,Spice,Karnataka,Bengaluru,Year-Round,4,WHOLESALER,33.42,685.95,645.35,1,1371.53,True
Tomato,Desi,Vegetable,Tamil Nadu,Chennai,Zaid,10,RETAILER,44.25,1137.41,1420.61,1,1462.6,True
Wheat,Common,Cereal,Maharashtra,Nashik,Year-Round,7,RESTAURANT,70.39,2639.61,2821.98,0,2955.06,True
Rice,Basmati,Cereal,Tamil Nadu,Chennai,Kharif,11,INDIVIDUAL,31.29,2391.16,2522.54,1,1525.12,True
Rice,Basmati,Cereal,Maharashtra,Pune,Rabi,8,RETAILER,78.04,2478.96,2661.13,0,2077.23,True
Green Chilli,Local,Spice,Maharashtra,Mumbai,Zaid,2,RESTAURANT,63.65,604.48,594.28,0,452.44,True
Groundnut,Local,Oilseed,Tamil Nadu,Chennai,Rabi,2,WHOLESALER,82.03,670.12,789.08,0,804.13,True
Tomato,Desi,Vegetable,Maharashtra,Nashik,Rabi,4,WHOLESALER,32.89,1337.1,1376.84,1,2778.58,True
Groundnut,Local,Oilseed,Gujarat,Rajkot,Kharif,1,BUSINESS,55.12,822.51,856.07,0,875.73,True
Maize,Hybrid,Cereal,Maharashtra,Mumbai,Kharif,8,RESTAURANT,23.32,739.97,1053.73,0,1367.23,True
Groundnut,Local,Oilseed,Karnataka,Bengaluru,Kharif,10,INDIVIDUAL,63.2,721.05,855.3,1,410.1,True
Soybean,Local,Oilseed,Karnataka,Bengaluru,Kharif,1,RETAILER,62.43,918.15,859.26,0,614.16,True
Green Chilli,Local,Spice,Punjab,Ludhiana,Kharif,8,INDIVIDUAL,43.81,588.85,540.75,0,251.47,True
Tomato,Hybrid,Vegetable,Punjab,Ludhiana,Kharif,6,WHOLESALER,29.54,1681.26,1681.35,0,2962.42,True
Green Chilli,Local,Spice,Punjab,Ludhiana,Zaid,12,RESTAURANT,28.69,697.92,646.75,0,798.56,True
Groundnut,Local,Oilseed,Tamil Nadu,Chennai,Rabi,10,WHOLESALER,29.16,967.68,850.42,1,1469.59,True
Green Chilli,Local,Spice,Gujarat,Rajkot,Zaid,1,INDIVIDUAL,27.3,581.3,529.76,0,222.74,True
Groundnut,Local,Oilseed,Madhya Pradesh,Indore,Zaid,2,BUSINESS,24.95,1044.56,1000.31,0,1017.55,True
Onion,Red,Vegetable,Punjab,Ludhiana,Zaid,10,RETAILER,21.2,1621.44,1472.71,1,2076.34,True
Green Chilli,Local,Spice,Gujarat,Rajkot,Year-Round,4,WHOLESALER,50.54,639.82,611.2,1,1000.41,True
Rice,Basmati,Cereal,Tamil Nadu,Chennai,Year-Round,9,RESTAURANT,26.37,2677.79,2514.36,0,2482.04,True
Onion,Red,Vegetable,Gujarat,Rajkot,Rabi,8,RETAILER,74.33,2096.91,1582.82,0,1396.43,True
Rice,Basmati,Cereal,Karnataka,Bengaluru,Year-Round,7,WHOLESALER,64.65,2782.35,2789.68,0,3732.22,True
Groundnut,Local,Oilseed,Punjab,Ludhiana,Kharif,6,BUSINESS,75.5,820.43,769.8,0,852.25,True
Tomato,Hybrid,Vegetable,Tamil Nadu,Chennai,Year-Round,1,WHOLESALER,18.69,1823.23,1524.28,0,2413.38,True
Tomato,Hybrid,Vegetable,Madhya Pradesh,Indore,Year-Round,2,WHOLESALER,69.69,1591.97,1472.88,0,1499.55,True
Potato,Local,Vegetable,Uttar Pradesh,Agra,Rabi,4,INDIVIDUAL,41.21,1611.09,1764.86,1,1040.22,True
Mango,Local,Fruit,Maharashtra,Mumbai,Zaid,8,BUSINESS,30.29,890.73,1000.42,0,1421.47,True
Tomato,Desi,Vegetable,Maharashtra,Mumbai,Rabi,8,BUSINESS,23.93,1135.73,1250.06,0,2150.89,True
Rice,Common,Cereal,Karnataka,Bengaluru,Year-Round,4,BUSINESS,44.12,1893.35,2708.95,1,3810.89,True
Green Chilli,Local,Spice,Madhya Pradesh,Indore,Zaid,12,RETAILER,81.43,528.95,599.28,0,385.09,True
Tomato,Desi,Vegetable,Maharashtra,Pune,Zaid,12,INDIVIDUAL,44.33,1294.01,1394.45,0,610.11,True
Onion,Red,Vegetable,Karnataka,Bengaluru,Zaid,3,RESTAURANT,44.83,1599.5,1549.01,0,1516.83,True
Green Chilli,Local,Spice,Tamil Nadu,Chennai,Zaid,7,WHOLESALER,83.12,651.3,599.67,0,735.53,True
Groundnut,Local,Oilseed,Tamil Nadu,Chennai,Year-Round,12,RETAILER,80.24,930.29,825.95,0,630.11,True
Onion,Red,Vegetable,Maharashtra,Pune,Rabi,3,INDIVIDUAL,49.86,1808.09,1650.81,0,632.64,True
Soybean,Local,Oilseed,Maharashtra,Pune,Rabi,6,BUSINESS,27.18,986.88,1003.47,0,1587.17,True
Soybean,Local,Oilseed,Gujarat,Rajkot,Rabi,11,BUSINESS,36.72,735.07,838.45,1,1214.61,True
Maize,Hybrid,Cereal,Punjab,Ludhiana,Year-Round,12,INDIVIDUAL,43.22,1204.99,1165.84,0,495.43,True
Maize,Hybrid,Cereal,Punjab,Ludhiana,Rabi,5,RESTAURANT,59.94,976.77,984.74,0,1110.76,True
Maize,Hybrid,Cereal,Madhya Pradesh,Indore,Year-Round,8,RESTAURANT,66.5,925.8,1146.59,0,1003.59,True
Soybean,Local,Oilseed,Maharashtra,Mumbai,Zaid,11,WHOLESALER,62.04,1001.54,959.74,1,1427.65,True
Maize,Hybrid,Cereal,Karnataka,Bengaluru,Rabi,6,WHOLESALER,42.83,1208.85,1224.37,0,1707.68,True
Soybean,Local,Oilseed,Madhya Pradesh,Indore,Rabi,7,BUSINESS,82.74,622.92,959.41,0,904.96,True
Tomato,Desi,Vegetable,Karnataka,Bengaluru,Kharif,9,RETAILER,76.83,1519.99,1410.28,0,1048.7,True
Mango,Local,Fruit,Karnataka,Bengaluru,Year-Round,11,RESTAURANT,81.2,789.12,845.92,1,805.36,True
Maize,Hybrid,Cereal,Maharashtra,Pune,Zaid,9,RETAILER,15.14,751.71,945.22,0,1165.15,True
Tomato,Desi,Vegetable,Karnataka,Bengaluru,Kharif,7,INDIVIDUAL,41.04,1143.83,1185.5,0,548.57,True
Mango,Local,Fruit,Uttar Pradesh,Agra,Kharif,6,INDIVIDUAL,62.79,656.64,719.47,0,261.17,True
Mango,Local,Fruit,Maharashtra,Mumbai,Rabi,10,WHOLESALER,35.42,609.51,859.87,1,1572.37,True
Maize,Hybrid,Cereal,Madhya Pradesh,Indore,Rabi,11,BUSINESS,24.16,738.43,1135.1,1,1601.3,True
Green Chilli,Local,Spice,Gujarat,Rajkot,Zaid,2,RESTAURANT,47.13,500.98,476.82,0,436.46,True
Maize,Hybrid,Cereal,Maharashtra,Mumbai,Zaid,3,BUSINESS,57.91,1031.76,1085.35,0,1239.54,True
Mango,Local,Fruit,Maharashtra,Pune,Kharif,11,WHOLESALER,79.14,696.93,705.13,1,960.05,True
Mango,Local,Fruit,Gujarat,Rajkot,Year-Round,9,INDIVIDUAL,46.27,795.06,736.96,0,333.18,True
Green Chilli,Local,Spice,Punjab,Ludhiana,Rabi,9,RETAILER,82.37,355.4,517.36,0,379.84,True
Tomato,Desi,Vegetable,Gujarat,Rajkot,Zaid,3,WHOLESALER,64.95,1174.4,1143.49,0,1403.31,True
Wheat,Common,Cereal,Madhya Pradesh,Indore,Rabi,6,BUSINESS,28.86,2226.44,2328.22,0,3955.88,True
Mango,Local,Fruit,Maharashtra,Mumbai,Rabi,7,RETAILER,13.74,779.09,672.6,0,1037.71,True
Green Chilli,Local,Spice,Maharashtra,Pune,Kharif,4,RETAILER,17.61,642.87,581.83,1,922.04,True
Potato,Local,Vegetable,Gujarat,Rajkot,Rabi,6,RETAILER,28.28,1638.1,1643.96,0,1989.28,True
Rice,Common,Cereal,Karnataka,Bengaluru,Kharif,11,INDIVIDUAL,25.63,2449.19,2799.5,1,1509.4,True
Onion,Red,Vegetable,Punjab,Ludhiana,Zaid,6,WHOLESALER,64.36,1367.77,1227.94,0,1875.18,True
Mango,Local,Fruit,Karnataka,Bengaluru,Kharif,8,RETAILER,26.72,1108.24,929.42,0,1052.4,True
Green Chilli,Local,Spice,Maharashtra,Pune,Year-Round,2,BUSINESS,60.44,684.77,633.27,0,506.03,True
Mango,Local,Fruit,Uttar Pradesh,Agra,Kharif,12,BUSINESS,15.0,837.92,767.11,0,1126.5,True
Groundnut,Local,Oilseed,Maharashtra,Nashik,Kharif,5,WHOLESALER,45.49,779.67,788.87,0,1294.83,True
Rice,Basmati,Cereal,Gujarat,Rajkot,Zaid,10,INDIVIDUAL,77.67,1922.37,2368.28,1,930.55,True
Tomato,Hybrid,Vegetable,Madhya Pradesh,Indore,Kharif,11,INDIVIDUAL,26.57,2234.14,1972.45,1,1096.35,True
Potato,Local,Vegetable,Uttar Pradesh,Agra,Zaid,5,RETAILER,25.34,1680.65,1989.4,0,2234.27,True
Rice,Basmati,Cereal,Punjab,Ludhiana,Kharif,11,RETAILER,87.74,2598.01,2511.79,1,1755.27,True
Groundnut,Local,Oilseed,Tamil Nadu,Chennai,Year-Round,5,RESTAURANT,76.04,710.65,936.29,0,938.51,True
Onion,Red,Vegetable,Madhya Pradesh,Indore,Year-Round,11,INDIVIDUAL,27.95,1419.24,1383.68,1,704.23,True
Rice,Common,Cereal,Madhya Pradesh,Indore,Zaid,12,RESTAURANT,71.71,2848.4,2641.67,0,2379.69,True
Wheat,Common,Cereal,Madhya Pradesh,Indore,Year-Round,2,WHOLESALER,46.35,3074.38,2567.23,0,3216.98,True
Groundnut,Local,Oilseed,Maharashtra,Pune,Zaid,9,RETAILER,22.28,597.02,689.58,0,772.97,True
Onion,Red,Vegetable,Karnataka,Bengaluru,Rabi,8,WHOLESALER,62.32,1103.79,1262.36,0,1815.59,True
Wheat,Common,Cereal,Punjab,Ludhiana,Year-Round,8,WHOLESALER,23.12,2513.55,2370.34,0,4368.95,True
Onion,Red,Vegetable,Punjab,Ludhiana,Zaid,1,WHOLESALER,79.13,1319.01,1261.11,0,1300.86,True
Onion,Red,Vegetable,Maharashtra,Nashik,Kharif,12,WHOLESALER,48.12,1558.54,1504.45,0,1784.54,True
Groundnut,Local,Oilseed,Gujarat,Rajkot,Year-Round,6,BUSINESS,74.46,761.35,762.94,0,919.03,True
Rice,Basmati,Cereal,Punjab,Ludhiana,Kharif,10,RETAILER,87.22,2948.19,2446.33,1,1919.31,True
Mango,Local,Fruit,Madhya Pradesh,Indore,Zaid,11,WHOLESALER,72.0,875.44,921.8,1,1102.65,True
Rice,Basmati,Cereal,Maharashtra,Nashik,Rabi,1,INDIVIDUAL,22.85,2442.39,2332.74,0,1004.99,True
Soybean,Local,Oilseed,Punjab,Ludhiana,Rabi,12,BUSINESS,33.27,950.22,968.48,0,1234.69,True
Tomato,Desi,Vegetable,Maharashtra,Pune,Zaid,1,WHOLESALER,59.2,1170.09,1352.23,0,1714.79,True
Wheat,Common,Cereal,Karnataka,Bengaluru,Kharif,4,WHOLESALER,12.86,2204.62,2513.54,1,7271.78,True
Onion,Red,Vegetable,Madhya Pradesh,Indore,Zaid,10,RESTAURANT,33.0,1647.93,1470.5,1,1933.96,True
Rice,Common,Cereal,Gujarat,Rajkot,Year-Round,2,RETAILER,44.85,3048.48,2679.34,0,2184.74,True
Rice,Common,Cereal,Tamil Nadu,Chennai,Year-Round,10,WHOLESALER,44.5,1800.73,2262.44,1,3411.79,True
Rice,Common,Cereal,Tamil Nadu,Chennai,Zaid,3,WHOLESALER,34.69,2562.6,2830.79,0,3877.09,True
Rice,Basmati,Cereal,Maharashtra,Pune,Kharif,7,RETAILER,57.97,1833.97,2092.42,0,2136.77,True
Mango,Local,Fruit,Karnataka,Bengaluru,Kharif,7,INDIVIDUAL,48.22,932.37,802.64,0,390.21,True
Onion,Red,Vegetable,Uttar Pradesh,Agra,Kharif,11,RESTAURANT,35.35,1418.45,1398.95,1,1815.99,True
Wheat,Common,Cereal,Gujarat,Rajkot,Zaid,7,RETAILER,71.13,2557.07,2679.65,0,2135.67,True
Maize,Hybrid,Cereal,Punjab,Ludhiana,Year-Round,8,BUSINESS,40.41,973.69,994.48,0,1060.88,True
Tomato,Hybrid,Vegetable,Karnataka,Bengaluru,Zaid,12,RETAILER,42.61,1517.35,1547.28,0,1247.65,True
Soybean,Local,Oilseed,Uttar Pradesh,Agra,Year-Round,11,WHOLESALER,76.74,1072.91,1032.95,1,1319.74,True
Mango,Local,Fruit,Karnataka,Bengaluru,Year-Round,1,BUSINESS,36.53,945.01,829.26,0,1014.41,True
Groundnut,Local,Oilseed,Gujarat,Rajkot,Zaid,4,RESTAURANT,64.7,709.1,672.39,1,721.68,True
Onion,Red,Vegetable,Punjab,Ludhiana,Kharif,7,RETAILER,44.42,1682.73,1432.66,0,1345.19,True
Tomato,Hybrid,Vegetable,Maharashtra,Pune,Rabi,6,INDIVIDUAL,36.05,1572.07,1510.29,0,820.77,True
Onion,Red,Vegetable,Uttar Pradesh,Agra,Rabi,10,RETAILER,50.1,1744.58,1733.21,1,1582.92,True
Mango,Local,Fruit,Maharashtra,Mumbai,Zaid,7,BUSINESS,74.4,655.94,667.63,0,753.26,True
Rice,Common,Cereal,Maharashtra,Pune,Rabi,1,WHOLESALER,71.01,3280.13,3080.51,0,3723.56,True
Onion,Red,Vegetable,Maharashtra,Pune,Zaid,4,WHOLESALER,47.26,1050.6,1354.71,1,2335.19,True
Maize,Hybrid,Cereal,Punjab,Ludhiana,Zaid,4,WHOLESALER,86.35,1049.16,1162.8,1,1800.43,True
Rice,Common,Cereal,Tamil Nadu,Chennai,Zaid,5,WHOLESALER,38.34,2172.38,2858.55,0,4398.99,True
Green Chilli,Local,Spice,Tamil Nadu,Chennai,Kharif,3,INDIVIDUAL,79.84,655.65,679.45,0,214.06,True
Green Chilli,Local,Spice,Madhya Pradesh,Indore,Kharif,8,RESTAURANT,34.36,562.25,599.36,0,726.17,True
Maize,Hybrid,Cereal,Maharashtra,Pune,Rabi,4,RESTAURANT,20.5,1110.17,1148.84,1,2128.06,True
Onion,Red,Vegetable,Karnataka,Bengaluru,Zaid,8,INDIVIDUAL,86.99,1548.17,1591.96,0,485.09,True
Green Chilli,Local,Spice,Karnataka,Bengaluru,Year-Round,4,RESTAURANT,52.17,551.58,580.67,1,688.73,True
Wheat,Common,Cereal,Tamil Nadu,Chennai,Zaid,11,WHOLESALER,66.86,2871.06,2776.21,1,4051.05,True
Potato,Local,Vegetable,Uttar Pradesh,Agra,Zaid,3,INDIVIDUAL,77.4,1896.64,1841.68,0,606.14,True
Rice,Basmati,Cereal,Gujarat,Rajkot,Zaid,6,WHOLESALER,66.57,3088.14,2793.59,0,3666.35,True
Maize,Hybrid,Cereal,Karnataka,Bengaluru,Year-Round,10,INDIVIDUAL,47.75,843.02,1068.79,1,611.72,True
Wheat,Common,Cereal,Madhya Pradesh,Indore,Year-Round,11,RETAILER,13.75,2194.94,2085.58,1,3200.0,True
Mango,Local,Fruit,Maharashtra,Nashik,Kharif,8,RESTAURANT,81.15,768.29,794.57,0,834.96,True
Tomato,Desi,Vegetable,Tamil Nadu,Chennai,Rabi,3,INDIVIDUAL,17.77,1424.77,1338.45,0,723.41,True
Soybean,Local,Oilseed,Punjab,Ludhiana,Kharif,12,BUSINESS,54.0,916.46,1053.87,0,971.57,True
Rice,Basmati,Cereal,Madhya Pradesh,Indore,Zaid,1,RESTAURANT,53.66,1916.65,2053.68,0,1817.42,True
Soybean,Local,Oilseed,Tamil Nadu,Chennai,Rabi,4,INDIVIDUAL,85.91,877.88,883.92,1,377.74,True
Mango,Local,Fruit,Tamil Nadu,Chennai,Kharif,5,BUSINESS,79.45,731.81,895.8,0,1107.45,True
Rice,Common,Cereal,Uttar Pradesh,Agra,Rabi,7,WHOLESALER,41.8,2463.45,2419.13,0,3492.6,True
Potato,Local,Vegetable,Maharashtra,Nashik,Year-Round,2,RESTAURANT,28.08,1539.82,1687.03,0,1760.46,True
Tomato,Desi,Vegetable,Punjab,Ludhiana,Kharif,5,BUSINESS,24.82,1537.97,1405.31,0,2096.77,True
Tomato,Hybrid,Vegetable,Uttar Pradesh,Agra,Zaid,2,BUSINESS,43.77,1808.93,1691.28,0,1747.05,True
Potato,Local,Vegetable,Karnataka,Bengaluru,Kharif,2,BUSINESS,62.26,1820.65,1619.82,0,1395.09,True
Tomato,Hybrid,Vegetable,Uttar Pradesh,Agra,Zaid,4,RETAILER,14.99,1445.38,1219.99,1,1932.96,True
Tomato,Hybrid,Vegetable,Madhya Pradesh,Indore,Kharif,1,WHOLESALER,37.95,1385.37,1379.99,0,1893.54,True
Wheat,Common,Cereal,Madhya Pradesh,Indore,Kharif,3,RETAILER,67.12,2874.95,2453.06,0,1869.61,True
Soybean,Local,Oilseed,Maharashtra,Pune,Year-Round,3,WHOLESALER,27.23,772.59,826.0,0,1357.61,True
Green Chilli,Local,Spice,Gujarat,Rajkot,Year-Round,1,BUSINESS,57.16,813.01,660.54,0,600.42,True
Tomato,Hybrid,Vegetable,Maharashtra,Nashik,Year-Round,3,RESTAURANT,48.68,1528.33,1450.29,0,1277.8,True
Onion,Red,Vegetable,Maharashtra,Nashik,Kharif,12,INDIVIDUAL,89.6,1446.98,1390.24,0,445.49,True
Wheat,Common,Cereal,Karnataka,Bengaluru,Zaid,4,RESTAURANT,35.41,2731.82,2304.7,1,3736.05,True
Wheat,Common,Cereal,Tamil Nadu,Chennai,Kharif,4,BUSINESS,19.21,3020.94,2457.89,1,4146.21,True
Rice,Common,Cereal,Madhya Pradesh,Indore,Kharif,5,WHOLESALER,30.89,2618.6,2729.78,0,4734.49,True
Soybean,Local,Oilseed,Maharashtra,Pune,Rabi,10,WHOLESALER,79.92,1000.84,890.97,1,1235.93,True
Maize,Hybrid,Cereal,Gujarat,Rajkot,Year-Round,10,RETAILER,81.17,1157.39,1037.14,1,936.76,True
Wheat,Common,Cereal,Gujarat,Rajkot,Rabi,12,RESTAURANT,73.79,2869.19,2770.96,0,2448.41,True
Maize,Hybrid,Cereal,Maharashtra,Pune,Rabi,1,RESTAURANT,18.34,1082.5,1105.02,0,1216.52,True
Wheat,Common,Cereal,Tamil Nadu,Chennai,Zaid,12,RESTAURANT,74.64,2654.28,2159.5,0,1718.19,True
Tomato,Hybrid,Vegetable,Karnataka,Bengaluru,Rabi,9,BUSINESS,12.47,1332.39,1344.95,0,2143.53,True
Soybean,Local,Oilseed,Maharashtra,Pune,Zaid,5,RESTAURANT,21.67,747.95,1002.7,0,1399.79,True
Mango,Local,Fruit,Maharashtra,Mumbai,Year-Round,4,RESTAURANT,65.96,857.5,934.93,1,1209.18,True
Rice,Basmati,Cereal,Punjab,Ludhiana,Year-Round,12,INDIVIDUAL,59.06,2881.85,2677.23,0,980.7,True
Rice,Basmati,Cereal,Madhya Pradesh,Indore,Kharif,9,BUSINESS,19.99,2895.36,2413.04,0,3587.02,True
Rice,Common,Cereal,Gujarat,Rajkot,Rabi,3,RETAILER,56.11,2131.88,2489.8,0,1923.48,True
Onion,Red,Vegetable,Uttar Pradesh,Agra,Year-Round,11,RETAILER,32.38,1512.59,1302.99,1,1355.4,True
Rice,Basmati,Cereal,Maharashtra,Pune,Year-Round,11,RESTAURANT,77.86,2269.56,2400.31,1,2556.92,True
Soybean,Local,Oilseed,Karnataka,Bengaluru,Kharif,2,BUSINESS,87.49,998.02,905.88,0,756.21,True
Wheat,Common,Cereal,Gujarat,Rajkot,Kharif,5,WHOLESALER,31.2,2264.01,2069.53,0,3519.47,True
Maize,Hybrid,Cereal,Karnataka,Bengaluru,Zaid,11,RETAILER,79.13,1176.09,1190.95,1,872.95,True
Rice,Common,Cereal,Gujarat,Rajkot,Zaid,4,RESTAURANT,20.36,2970.94,2534.71,1,3781.06,True
Rice,Basmati,Cereal,Maharashtra,Mumbai,Kharif,9,BUSINESS,85.85,2618.15,2404.59,0,2130.47,True
Rice,Basmati,Cereal,Karnataka,Bengaluru,Zaid,3,INDIVIDUAL,68.16,3059.44,2603.95,0,940.25,True
Groundnut,Local,Oilseed,Maharashtra,Nashik,Rabi,10,WHOLESALER,80.19,717.83,779.84,1,1081.39,True
Tomato,Desi,Vegetable,Uttar Pradesh,Agra,Year-Round,2,INDIVIDUAL,87.99,1165.09,1269.41,0,386.95,True
Mango,Local,Fruit,Maharashtra,Pune,Year-Round,11,RESTAURANT,31.7,780.22,794.49,1,1089.23,True
Rice,Common,Cereal,Maharashtra,Pune,Zaid,2,INDIVIDUAL,47.73,3299.46,2802.67,0,1092.71,True
Tomato,Hybrid,Vegetable,Maharashtra,Mumbai,Kharif,10,INDIVIDUAL,20.44,1966.62,1554.52,1,998.71,True
Rice,Common,Cereal,Maharashtra,Nashik,Year-Round,10,RESTAURANT,56.03,3338.22,2732.29,1,3344.82,True
Potato,Local,Vegetable,Maharashtra,Nashik,Rabi,11,BUSINESS,43.31,2393.2,2160.18,1,2452.44,True
Maize,Hybrid,Cereal,Maharashtra,Mumbai,Zaid,12,BUSINESS,26.77,993.98,1046.44,0,1351.8,True
Wheat,Common,Cereal,Uttar Pradesh,Agra,Rabi,1,RETAILER,16.03,2157.95,2608.59,0,3451.33,True
Maize,Hybrid,Cereal,Uttar Pradesh,Agra,Rabi,3,INDIVIDUAL,37.32,1321.54,1229.69,0,543.93,True
Green Chilli,Local,Spice,Tamil Nadu,Chennai,Zaid,10,RETAILER,69.93,651.18,539.57,1,469.12,True
Mango,Local,Fruit,Maharashtra,Pune,Year-Round,1,RESTAURANT,45.27,874.92,877.17,0,847.38,True
Onion,Red,Vegetable,Madhya Pradesh,Indore,Rabi,7,RETAILER,30.44,1430.43,1572.75,0,1910.52,True
Onion,Red,Vegetable,Uttar Pradesh,Agra,Zaid,6,INDIVIDUAL,58.41,1332.83,1362.87,0,621.14,True
Green Chilli,Local,Spice,Maharashtra,Mumbai,Kharif,8,WHOLESALER,61.27,487.08,534.64,0,720.48,True
Maize,Hybrid,Cereal,Punjab,Ludhiana,Rabi,10,BUSINESS,64.27,1219.07,1234.67,1,1313.18,True
Green Chilli,Local,Spice,Tamil Nadu,Chennai,Rabi,1,RETAILER,69.46,674.84,557.65,0,390.49,True
Mango,Local,Fruit,Maharashtra,Pune,Zaid,2,WHOLESALER,57.53,909.87,850.02,0,945.89,True
Mango,Local,Fruit,Karnataka,Bengaluru,Kharif,6,INDIVIDUAL,46.83,729.22,756.86,0,352.71,True
Wheat,Common,Cereal,Tamil Nadu,Chennai,Rabi,11,INDIVIDUAL,45.12,2337.69,2255.47,1,867.11,True
Tomato,Hybrid,Vegetable,Gujarat,Rajkot,Zaid,4,INDIVIDUAL,81.44,1348.55,1170.37,1,555.71,True
Rice,Common,Cereal,Maharashtra,Nashik,Zaid,4,RETAILER,45.84,2073.08,2501.3,1,3051.55,True
Tomato,Hybrid,Vegetable,Uttar Pradesh,Agra,Kharif,12,BUSINESS,47.08,1502.37,1432.44,0,1683.38,True
Wheat,Common,Cereal,Gujarat,Rajkot,Kharif,5,BUSINESS,88.08,2305.44,2118.76,0,2278.02,True
Rice,Common,Cereal,Maharashtra,Mumbai,Zaid,3,RETAILER,50.35,3371.98,2740.17,0,2088.4,True
Rice,Basmati,Cereal,Maharashtra,Pune,Kharif,8,RESTAURANT,41.58,1767.84,2376.17,0,2168.53,True
Wheat,Common,Cereal,Maharashtra,Nashik,Kharif,9,BUSINESS,29.91,2010.16,2273.3,0,3162.42,True
Tomato,Hybrid,Vegetable,Maharashtra,Pune,Year-Round,4,WHOLESALER,85.01,1770.16,1712.52,1,2414.77,True
Maize,Hybrid,Cereal,Karnataka,Bengaluru,Kharif,8,RETAILER,20.15,1322.98,1223.58,0,1476.55,True
Tomato,Hybrid,Vegetable,Uttar Pradesh,Agra,Rabi,6,BUSINESS,53.61,2028.74,1727.76,0,2015.73,True
Rice,Common,Cereal,Karnataka,Bengaluru,Year-Round,12,RETAILER,15.07,2374.72,2934.29,0,3268.44,True
Wheat,Common,Cereal,Maharashtra,Nashik,Zaid,8,RETAILER,64.39,2606.16,2692.68,0,1818.37,True
Potato,Local,Vegetable,Karnataka,Bengaluru,Year-Round,6,BUSINESS,34.76,2114.15,1936.79,0,2578.35,True
Potato,Local,Vegetable,Maharashtra,Nashik,Zaid,10,WHOLESALER,60.73,1715.1,1758.37,1,2622.8,True
Wheat,Common,Cereal,Maharashtra,Nashik,Zaid,2,RESTAURANT,19.46,2489.95,2535.08,0,2572.82,True
Groundnut,Local,Oilseed,Uttar Pradesh,Agra,Zaid,12,WHOLESALER,81.33,845.12,935.86,0,892.77,True
Green Chilli,Local,Spice,Punjab,Ludhiana,Rabi,8,WHOLESALER,80.62,648.33,579.09,0,676.54,True
Rice,Common,Cereal,Punjab,Ludhiana,Zaid,2,RETAILER,87.36,2410.93,2594.0,0,1711.62,True
Potato,Local,Vegetable,Madhya Pradesh,Indore,Rabi,5,INDIVIDUAL,59.81,1853.31,1778.13,0,837.07,True
Maize,Hybrid,Cereal,Gujarat,Rajkot,Kharif,7,RESTAURANT,85.74,989.92,1100.27,0,1063.44,True
Green Chilli,Local,Spice,Tamil Nadu,Chennai,Year-Round,9,WHOLESALER,63.18,616.89,573.89,0,706.48,True
Onion,Red,Vegetable,Maharashtra,Pune,Zaid,6,WHOLESALER,23.33,1325.68,1120.84,0,2076.99,True
Maize,Hybrid,Cereal,Karnataka,Bengaluru,Year-Round,4,RETAILER,59.48,1090.8,1131.02,1,1095.46,True
Wheat,Common,Cereal,Punjab,Ludhiana,Kharif,3,INDIVIDUAL,56.3,2438.0,2187.02,0,925.74,True
Rice,Common,Cereal,Maharashtra,Pune,Rabi,9,BUSINESS,32.26,2617.47,2102.38,0,2606.77,True
Tomato,Hybrid,Vegetable,Maharashtra,Mumbai,Zaid,1,RETAILER,69.56,1554.3,1612.77,0,1094.45,True
Mango,Local,Fruit,Gujarat,Rajkot,Kharif,5,WHOLESALER,53.98,1035.92,974.85,0,1407.65,True
Mango,Local,Fruit,Maharashtra,Mumbai,Zaid,10,INDIVIDUAL,65.47,521.18,650.13,1,298.72,True
Mango,Local,Fruit,Maharashtra,Pune,Kharif,3,RESTAURANT,78.55,996.53,879.0,0,843.86,True
Green Chilli,Local,Spice,Tamil Nadu,Chennai,Year-Round,11,RETAILER,46.5,690.82,625.46,1,765.4,True
Groundnut,Local,Oilseed,Gujarat,Rajkot,Year-Round,7,WHOLESALER,16.92,822.15,826.44,0,1528.74,True
Mango,Local,Fruit,Gujarat,Rajkot,Year-Round,2,INDIVIDUAL,76.96,746.21,684.18,0,222.42,True
Tomato,Hybrid,Vegetable,Tamil Nadu,Chennai,Rabi,12,RETAILER,76.45,1390.54,1485.92,0,1233.4,True
Rice,Basmati,Cereal,Uttar Pradesh,Agra,Year-Round,2,RESTAURANT,23.67,2399.8,2451.62,0,2394.32,True
Tomato,Desi,Vegetable,Maharashtra,Mumbai,Kharif,11,INDIVIDUAL,74.2,1564.56,1456.96,1,694.31,True
Tomato,Hybrid,Vegetable,Maharashtra,Mumbai,Zaid,4,BUSINESS,59.22,1447.68,1289.15,1,1934.45,True
Tomato,Desi,Vegetable,Tamil Nadu,Chennai,Zaid,6,BUSINESS,43.27,1199.89,1214.82,0,1751.58,True
Rice,Common,Cereal,Uttar Pradesh,Agra,Rabi,2,BUSINESS,47.71,2561.87,2543.72,0,2423.04,True
Tomato,Desi,Vegetable,Maharashtra,Mumbai,Rabi,9,INDIVIDUAL,73.85,1313.02,1225.98,0,402.5,True
Rice,Common,Cereal,Karnataka,Bengaluru,Rabi,9,BUSINESS,60.88,2514.59,2499.95,0,2754.64,True
Groundnut,Local,Oilseed,Madhya Pradesh,Indore,Year-Round,5,WHOLESALER,41.31,896.16,815.7,0,1382.36,True
Rice,Common,Cereal,Punjab,Ludhiana,Year-Round,2,INDIVIDUAL,45.17,2438.48,2621.16,0,994.04,True
Potato,Local,Vegetable,Punjab,Ludhiana,Year-Round,2,BUSINESS,12.99,1601.49,1707.63,0,2392.5,True
Onion,Red,Vegetable,Punjab,Ludhiana,Kharif,5,INDIVIDUAL,31.91,1528.93,1421.88,0,717.6,True
Rice,Basmati,Cereal,Punjab,Ludhiana,Kharif,5,RETAILER,48.66,1875.41,2695.27,0,2749.2,True
Green Chilli,Local,Spice,Tamil Nadu,Chennai,Kharif,11,RESTAURANT,57.71,470.58,514.94,1,594.69,True
Green Chilli,Local,Spice,Maharashtra,Nashik,Zaid,3,BUSINESS,64.02,620.61,582.34,0,592.68,True
Wheat,Common,Cereal,Gujarat,Rajkot,Zaid,9,RESTAURANT,14.72,2106.78,2882.32,0,4297.45,True
Green Chilli,Local,Spice,Maharashtra,Mumbai,Kharif,9,BUSINESS,77.67,771.76,685.84,0,738.33,True
Wheat,Common,Cereal,Maharashtra,Mumbai,Rabi,10,WHOLESALER,17.88,3022.5,2498.73,1,4395.73,True
Mango,Local,Fruit,Maharashtra,Nashik,Year-Round,3,RESTAURANT,48.72,850.15,894.01,0,1015.56,True
Tomato,Hybrid,Vegetable,Karnataka,Bengaluru,Rabi,6,BUSINESS,23.86,1488.35,1344.78,0,2253.07,True
Tomato,Hybrid,Vegetable,Gujarat,Rajkot,Rabi,1,BUSINESS,56.96,1677.75,1557.18,0,1643.43,True
Wheat,Common,Cereal,Maharashtra,Mumbai,Year-Round,10,BUSINESS,30.75,3107.18,2870.06,1,4172.03,True
Maize,Hybrid,Cereal,Punjab,Ludhiana,Rabi,3,WHOLESALER,14.25,1010.21,1106.97,0,1889.85,True
Maize,Hybrid,Cereal,Gujarat,Rajkot,Zaid,5,RETAILER,56.29,1287.32,1177.15,0,973.03,True
Tomato,Desi,Vegetable,Maharashtra,Pune,Kharif,8,WHOLESALER,42.78,1101.6,1226.14,0,1518.81,True
Potato,Local,Vegetable,Maharashtra,Mumbai,Kharif,10,BUSINESS,43.31,1864.26,1730.41,1,2382.6,True
Groundnut,Local,Oilseed,Uttar Pradesh,Agra,Year-Round,6,INDIVIDUAL,79.26,719.74,845.03,0,355.65,True
Rice,Basmati,Cereal,Tamil Nadu,Chennai,Kharif,4,WHOLESALER,70.75,2424.07,2164.16,1,3189.31,True
Green Chilli,Local,Spice,Punjab,Ludhiana,Rabi,3,INDIVIDUAL,31.69,632.2,662.31,0,330.93,True
Mango,Local,Fruit,Maharashtra,Mumbai,Rabi,12,WHOLESALER,52.17,912.5,852.01,0,1157.62,True
Maize,Hybrid,Cereal,Karnataka,Bengaluru,Year-Round,10,BUSINESS,22.68,903.39,912.49,1,1578.62,True
Tomato,Desi,Vegetable,Maharashtra,Mumbai,Rabi,11,WHOLESALER,49.15,1445.32,1422.93,1,2045.2,True
Rice,Basmati,Cereal,Madhya Pradesh,Indore,Rabi,10,RETAILER,72.72,2303.08,2509.69,1,2065.29,True
Mango,Local,Fruit,Tamil Nadu,Chennai,Kharif,3,INDIVIDUAL,75.29,857.73,831.6,0,316.95,True
Tomato,Desi,Vegetable,Gujarat,Rajkot,Zaid,8,RESTAURANT,55.65,1313.5,1309.11,0,1340.76,True
Wheat,Common,Cereal,Punjab,Ludhiana,Zaid,5,RESTAURANT,12.44,2593.48,2574.58,0,4094.5,True
Tomato,Hybrid,Vegetable,Maharashtra,Nashik,Kharif,10,BUSINESS,41.01,1739.0,1648.18,1,2404.05,True
Wheat,Common,Cereal,Maharashtra,Pune,Year-Round,1,INDIVIDUAL,68.96,2435.06,2325.5,0,691.57,True
Mango,Local,Fruit,Karnataka,Bengaluru,Year-Round,3,BUSINESS,32.18,686.75,729.96,0,894.26,True
Potato,Local,Vegetable,Uttar Pradesh,Agra,Rabi,6,RESTAURANT,27.1,2175.05,2020.55,0,2577.48,True
Rice,Common,Cereal,Madhya Pradesh,Indore,Kharif,8,WHOLESALER,21.41,2521.94,2587.43,0,5017.87,True
Groundnut,Local,Oilseed,Maharashtra,Mumbai,Rabi,12,WHOLESALER,34.83,997.88,942.55,0,1295.79,True
Green Chilli,Local,Spice,Madhya Pradesh,Indore,Kharif,3,RETAILER,33.49,423.17,509.96,0,460.31,True
Tomato,Hybrid,Vegetable,Punjab,Ludhiana,Rabi,8,RESTAURANT,30.49,1236.6,1269.29,0,1292.64,True
Rice,Basmati,Cereal,Punjab,Ludhiana,Year-Round,2,BUSINESS,16.33,1762.85,2618.2,0,3601.52,True
Tomato,Hybrid,Vegetable,Karnataka,Bengaluru,Year-Round,9,BUSINESS,36.82,1388.45,1327.54,0,1481.3,True
Onion,Red,Vegetable,Madhya Pradesh,Indore,Year-Round,3,INDIVIDUAL,44.57,1302.61,1542.51,0,617.26,True
Potato,Local,Vegetable,Maharashtra,Nashik,Zaid,3,RETAILER,87.75,1986.26,1935.52,0,1512.12,True
Green Chilli,Local,Spice,Maharashtra,Nashik,Zaid,5,WHOLESALER,53.93,681.92,685.03,0,897.63,True
Groundnut,Local,Oilseed,Uttar Pradesh,Agra,Zaid,6,RESTAURANT,21.15,981.32,881.37,0,1339.73,True
Wheat,Common,Cereal,Punjab,Ludhiana,Rabi,3,RESTAURANT,52.67,2551.51,2241.42,0,2170.92,True
Rice,Common,Cereal,Tamil Nadu,Chennai,Kharif,1,RETAILER,17.88,2257.38,2278.69,0,2626.21,True
Tomato,Hybrid,Vegetable,Karnataka,Bengaluru,Year-Round,1,WHOLESALER,28.01,1730.11,1610.51,0,2252.42,True
Tomato,Desi,Vegetable,Maharashtra,Nashik,Rabi,10,RETAILER,36.25,1725.89,1678.83,1,2191.46,True
Rice,Common,Cereal,Uttar Pradesh,Agra,Year-Round,12,RESTAURANT,20.34,2873.93,2880.1,0,3592.25,True
Soybean,Local,Oilseed,Gujarat,Rajkot,Kharif,12,INDIVIDUAL,82.16,1050.13,1003.74,0,384.0,True
Wheat,Common,Cereal,Uttar Pradesh,Agra,Year-Round,9,BUSINESS,34.81,2568.27,2740.62,0,3394.7,True
Potato,Local,Vegetable,Uttar Pradesh,Agra,Rabi,6,INDIVIDUAL,45.26,1689.87,1712.32,0,864.47,True
Onion,Red,Vegetable,Maharashtra,Mumbai,Year-Round,4,RESTAURANT,37.35,1571.15,1539.73,1,2270.52,True
Groundnut,Local,Oilseed,Uttar Pradesh,Agra,Year-Round,11,INDIVIDUAL,16.42,909.0,971.09,1,587.66,True
Mango,Local,Fruit,Tamil Nadu,Chennai,Zaid,12,RETAILER,65.17,762.0,779.8,0,634.26,True
Wheat,Common,Cereal,Karnataka,Bengaluru,Rabi,6,INDIVIDUAL,36.33,2293.63,2613.0,0,1321.03,True
Wheat,Common,Cereal,Maharashtra,Nashik,Rabi,7,BUSINESS,53.63,2486.78,2499.15,0,2739.54,True
Rice,Common,Cereal,Maharashtra,Mumbai,Rabi,7,RETAILER,51.26,2593.39,2696.22,0,2589.51,True
Maize,Hybrid,Cereal,Karnataka,Bengaluru,Zaid,1,WHOLESALER,25.4,995.67,1089.75,0,1752.88,True
Maize,Hybrid,Cereal,Karnataka,Bengaluru,Year-Round,3,WHOLESALER,54.37,1068.56,1069.87,0,1348.23,True
Maize,Hybrid,Cereal,Madhya Pradesh,Indore,Year-Round,2,RESTAURANT,85.92,955.1,1129.04,0,945.11,True
Mango,Local,Fruit,Punjab,Ludhiana,Kharif,9,RESTAURANT,86.9,764.47,861.36,0,660.02,True
Green Chilli,Local,Spice,Maharashtra,Pune,Zaid,7,BUSINESS,54.82,531.81,567.23,0,620.98,True
Tomato,Hybrid,Vegetable,Uttar Pradesh,Agra,Zaid,1,RETAILER,15.3,1408.09,1339.51,0,1795.97,True
Onion,Red,Vegetable,Maharashtra,Pune,Year-Round,1,BUSINESS,45.36,1484.11,1460.53,0,1508.76,True
Tomato,Hybrid,Vegetable,Tamil Nadu,Chennai,Rabi,6,WHOLESALER,63.38,1299.39,1676.75,0,2473.42,True
Rice,Basmati,Cereal,Maharashtra,Mumbai,Year-Round,12,BUSINESS,14.53,2587.79,2358.3,0,3456.43,True
Onion,Red,Vegetable,Gujarat,Rajkot,Year-Round,9,WHOLESALER,30.18,1496.45,1528.16,0,2291.02,True
Mango,Local,Fruit,Gujarat,Rajkot,Kharif,5,RETAILER,53.31,730.33,777.09,0,653.99,True
Rice,Common,Cereal,Maharashtra,Mumbai,Rabi,12,INDIVIDUAL,12.32,2886.89,2819.22,0,1708.75,True
Rice,Basmati,Cereal,Uttar Pradesh,Agra,Kharif,7,BUSINESS,31.73,2498.05,2430.92,0,3157.39,True
Wheat,Common,Cereal,Maharashtra,Mumbai,Kharif,4,WHOLESALER,35.51,2755.32,2565.26,1,4691.85,True
Soybean,Local,Oilseed,Maharashtra,Nashik,Zaid,6,RESTAURANT,74.57,894.95,937.66,0,942.01,True
Soybean,Local,Oilseed,Karnataka,Bengaluru,Kharif,4,WHOLESALER,86.79,928.88,866.9,1,1165.73,True
Soybean,Local,Oilseed,Maharashtra,Mumbai,Rabi,9,RETAILER,40.22,948.37,966.92,0,912.27,True
Green Chilli,Local,Spice,Gujarat,Rajkot,Rabi,2,WHOLESALER,32.53,660.0,589.44,0,860.46,True
Rice,Common,Cereal,Maharashtra,Mumbai,Year-Round,11,INDIVIDUAL,47.98,1966.15,2055.31,1,970.8,True
Onion,Red,Vegetable,Maharashtra,Pune,Year-Round,10,RETAILER,41.03,1518.12,1424.75,1,1559.69,True
Potato,Local,Vegetable,Karnataka,Bengaluru,Year-Round,5,RETAILER,39.35,1737.94,1769.07,0,2120.26,True
Rice,Common,Cereal,Maharashtra,Mumbai,Rabi,1,INDIVIDUAL,74.73,3150.78,2846.97,0,975.63,True
Tomato,Desi,Vegetable,Maharashtra,Pune,Rabi,7,RESTAURANT,77.01,1529.17,1413.71,0,1285.98,True
Potato,Local,Vegetable,Maharashtra,Mumbai,Zaid,5,BUSINESS,26.57,1696.58,1527.24,0,1858.84,True
Wheat,Common,Cereal,Punjab,Ludhiana,Kharif,6,RETAILER,84.94,2587.11,2298.82,0,1943.52,True
Rice,Basmati,Cereal,Maharashtra,Nashik,Kharif,4,WHOLESALER,23.94,2098.49,2312.49,1,5556.08,True
Tomato,Hybrid,Vegetable,Karnataka,Bengaluru,Rabi,1,WHOLESALER,30.07,1310.51,1276.4,0,1946.28,True
Onion,Red,Vegetable,Tamil Nadu,Chennai,Kharif,9,BUSINESS,18.14,1183.57,1437.46,0,2047.48,True
Maize,Hybrid,Cereal,Maharashtra,Mumbai,Rabi,2,RETAILER,66.31,1009.25,1049.11,0,652.13,True
Wheat,Common,Cereal,Maharashtra,Mumbai,Rabi,12,WHOLESALER,33.1,2196.65,2219.83,0,3089.21,True
Tomato,Desi,Vegetable,Tamil Nadu,Chennai,Zaid,10,WHOLESALER,84.73,1223.93,1400.56,1,1799.38,True
Tomato,Hybrid,Vegetable,Maharashtra,Pune,Year-Round,5,RESTAURANT,46.03,1310.52,1466.14,0,1674.55,True
Rice,Basmati,Cereal,Madhya Pradesh,Indore,Year-Round,8,RESTAURANT,34.89,2092.06,2328.35,0,2659.18,True
Wheat,Common,Cereal,Karnataka,Bengaluru,Kharif,8,RESTAURANT,27.18,2073.88,2229.89,0,2610.25,True
Rice,Basmati,Cereal,Maharashtra,Mumbai,Zaid,3,RESTAURANT,69.61,2104.01,2375.74,0,2122.34,True
Soybean,Local,Oilseed,Maharashtra,Mumbai,Zaid,11,WHOLESALER,58.9,790.46,838.51,1,1091.92,True
Maize,Hybrid,Cereal,Karnataka,Bengaluru,Kharif,4,INDIVIDUAL,86.64,1197.27,1073.34,1,453.9,True
Tomato,Desi,Vegetable,Maharashtra,Mumbai,Year-Round,3,WHOLESALER,16.87,1296.9,1199.41,0,2141.99,True
Rice,Common,Cereal,Madhya Pradesh,Indore,Year-Round,10,INDIVIDUAL,56.47,3347.82,2950.2,1,1332.49,True
Rice,Basmati,Cereal,Karnataka,Bengaluru,Year-Round,2,INDIVIDUAL,84.69,2002.67,2609.71,0,819.04,True
Green Chilli,Local,Spice,Punjab,Ludhiana,Year-Round,1,WHOLESALER,20.06,493.59,594.29,0,980.22,True
Maize,Hybrid,Cereal,Tamil Nadu,Chennai,Zaid,9,WHOLESALER,46.9,1146.75,1206.28,0,1588.33,True
Potato,Local,Vegetable,Tamil Nadu,Chennai,Zaid,2,INDIVIDUAL,36.28,2010.9,2003.49,0,901.66,True
Wheat,Common,Cereal,Tamil Nadu,Chennai,Rabi,6,INDIVIDUAL,31.32,2120.09,2273.64,0,1202.23,True
Maize,Hybrid,Cereal,Gujarat,Rajkot,Year-Round,10,RESTAURANT,55.29,922.55,997.85,1,1265.79,True
Tomato,Desi,Vegetable,Punjab,Ludhiana,Year-Round,1,RETAILER,64.75,1246.85,1149.32,0,817.32,True
Groundnut,Local,Oilseed,Maharashtra,Pune,Zaid,10,INDIVIDUAL,43.67,954.29,874.75,1,480.34,True
Soybean,Local,Oilseed,Karnataka,Bengaluru,Rabi,9,WHOLESALER,78.85,1210.96,1118.87,0,1186.35,True
Rice,Common,Cereal,Maharashtra,Pune,Rabi,11,INDIVIDUAL,38.18,3292.69,3143.76,1,1579.11,True
Tomato,Hybrid,Vegetable,Karnataka,Bengaluru,Year-Round,10,RESTAURANT,63.15,1246.11,1375.23,1,1669.17,True
Rice,Common,Cereal,Uttar Pradesh,Agra,Year-Round,1,BUSINESS,16.29,2240.63,2650.47,0,3613.19,True
Soybean,Local,Oilseed,Karnataka,Bengaluru,Year-Round,7,RETAILER,32.79,1092.26,947.56,0,919.19,True
Rice,Common,Cereal,Uttar Pradesh,Agra,Year-Round,3,RETAILER,86.22,3116.99,2914.87,0,1891.24,True
Green Chilli,Local,Spice,Maharashtra,Pune,Kharif,5,RESTAURANT,86.86,665.08,639.3,0,612.49,True
Mango,Local,Fruit,Punjab,Ludhiana,Rabi,11,BUSINESS,67.74,844.62,906.93,1,994.97,True
Maize,Hybrid,Cereal,Uttar Pradesh,Agra,Year-Round,9,INDIVIDUAL,33.52,883.09,1053.15,0,457.07,True
Groundnut,Local,Oilseed,Gujarat,Rajkot,Rabi,6,RETAILER,42.73,839.8,777.27,0,841.47,True
Tomato,Desi,Vegetable,Punjab,Ludhiana,Year-Round,7,BUSINESS,31.79,1897.26,1473.83,0,2018.73,True
Tomato,Desi,Vegetable,Madhya Pradesh,Indore,Rabi,7,RESTAURANT,20.75,1343.11,1468.98,0,2274.76,True
Tomato,Desi,Vegetable,Karnataka,Bengaluru,Kharif,2,BUSINESS,53.12,1253.95,1535.37,0,1287.13,True
Tomato,Hybrid,Vegetable,Punjab,Ludhiana,Kharif,12,BUSINESS,56.64,1472.62,1583.24,0,1657.92,True
Tomato,Hybrid,Vegetable,Maharashtra,Mumbai,Rabi,3,RETAILER,78.78,1554.06,1658.13,0,1126.77,True
Green Chilli,Local,Spice,Madhya Pradesh,Indore,Kharif,4,RETAILER,43.54,677.43,636.01,1,769.99,True
Wheat,Common,Cereal,Madhya Pradesh,Indore,Kharif,8,RESTAURANT,16.37,2923.81,2502.15,0,3736.42,True
Rice,Basmati,Cereal,Madhya Pradesh,Indore,Year-Round,6,WHOLESALER,78.66,2270.84,2387.4,0,3133.36,True
Groundnut,Local,Oilseed,Maharashtra,Pune,Year-Round,3,RETAILER,32.07,673.34,725.98,0,600.57,True
Potato,Local,Vegetable,Uttar Pradesh,Agra,Year-Round,10,INDIVIDUAL,55.55,1880.15,1834.33,1,879.61,True
Mango,Local,Fruit,Tamil Nadu,Chennai,Year-Round,9,BUSINESS,87.6,635.86,659.61,0,636.15,True
Green Chilli,Local,Spice,Uttar Pradesh,Agra,Zaid,2,WHOLESALER,48.58,608.87,585.77,0,737.76,True
Rice,Common,Cereal,Maharashtra,Nashik,Zaid,3,WHOLESALER,39.07,3553.02,3055.89,0,4214.0,True
Rice,Basmati,Cereal,Tamil Nadu,Chennai,Zaid,7,INDIVIDUAL,26.74,2480.06,2424.27,0,1246.45,True
Green Chilli,Local,Spice,Uttar Pradesh,Agra,Kharif,10,BUSINESS,43.56,495.86,601.5,1,778.28,True
Wheat,Common,Cereal,Karnataka,Bengaluru,Rabi,11,BUSINESS,23.33,3646.47,3004.49,1,4410.51,True
Potato,Local,Vegetable,Maharashtra,Pune,Year-Round,6,BUSINESS,23.99,1916.11,1989.16,0,2981.04,True
Tomato,Desi,Vegetable,Maharashtra,Pune,Rabi,1,BUSINESS,85.65,1090.5,1200.19,0,1111.16,True
Rice,Common,Cereal,Maharashtra,Nashik,Kharif,4,RESTAURANT,59.27,2403.16,2562.47,1,3180.12,True
Rice,Basmati,Cereal,Maharashtra,Nashik,Year-Round,8,RETAILER,82.89,2408.12,2658.99,0,2100.13,True
Tomato,Desi,Vegetable,Maharashtra,Mumbai,Kharif,11,INDIVIDUAL,70.2,1645.49,1424.83,1,603.05,True
Wheat,Common,Cereal,Maharashtra,Nashik,Kharif,12,BUSINESS,14.62,1907.94,1945.3,0,3081.08,True
Rice,Common,Cereal,Madhya Pradesh,Indore,Year-Round,10,BUSINESS,89.87,2835.66,2885.89,1,3068.89,True
Green Chilli,Local,Spice,Gujarat,Rajkot,Year-Round,4,INDIVIDUAL,70.64,645.29,729.58,1,359.9,True
Rice,Basmati,Cereal,Karnataka,Bengaluru,Rabi,12,BUSINESS,39.71,2988.99,2992.43,0,2842.19,True
Tomato,Hybrid,Vegetable,Gujarat,Rajkot,Year-Round,5,WHOLESALER,34.17,2121.44,1671.91,0,3052.41,True
Soybean,Local,Oilseed,Madhya Pradesh,Indore,Zaid,11,RETAILER,26.06,1327.53,991.31,1,1308.3,True
Soybean,Local,Oilseed,Madhya Pradesh,Indore,Kharif,5,INDIVIDUAL,24.8,840.96,755.15,0,410.57,True
Soybean,Local,Oilseed,Maharashtra,Pune,Zaid,1,WHOLESALER,77.81,1228.09,1043.28,0,1136.51,True
Rice,Common,Cereal,Gujarat,Rajkot,Year-Round,8,WHOLESALER,79.32,1866.23,2059.94,0,2478.04,True
Tomato,Desi,Vegetable,Uttar Pradesh,Agra,Rabi,1,INDIVIDUAL,29.66,1461.0,1304.52,0,627.18,True
Groundnut,Local,Oilseed,Uttar Pradesh,Agra,Zaid,8,WHOLESALER,55.67,947.27,816.81,0,1127.99,True
Maize,Hybrid,Cereal,Maharashtra,Nashik,Zaid,6,RESTAURANT,73.39,974.69,1045.05,0,1037.42,True
Soybean,Local,Oilseed,Maharashtra,Nashik,Year-Round,5,INDIVIDUAL,29.15,833.78,897.83,0,421.43,True
Potato,Local,Vegetable,Maharashtra,Mumbai,Kharif,10,INDIVIDUAL,45.12,1551.15,1597.64,1,724.67,True
Wheat,Common,Cereal,Maharashtra,Pune,Zaid,2,INDIVIDUAL,54.86,2555.59,2502.77,0,789.14,True
Mango,Local,Fruit,Gujarat,Rajkot,Year-Round,11,WHOLESALER,57.03,1033.75,911.12,1,1387.25,True
Groundnut,Local,Oilseed,Maharashtra,Pune,Rabi,2,BUSINESS,75.99,702.95,837.28,0,715.91,True
Maize,Hybrid,Cereal,Maharashtra,Pune,Kharif,9,WHOLESALER,50.23,1086.57,1063.88,0,1270.26,True
Green Chilli,Local,Spice,Madhya Pradesh,Indore,Kharif,1,BUSINESS,81.72,496.41,548.93,0,452.57,True
Wheat,Common,Cereal,Karnataka,Bengaluru,Zaid,1,WHOLESALER,84.24,1927.95,2104.63,0,2082.53,True
Tomato,Desi,Vegetable,Maharashtra,Pune,Rabi,7,RETAILER,75.91,1202.23,1138.14,0,1028.14,True
Tomato,Desi,Vegetable,Maharashtra,Pune,Rabi,3,INDIVIDUAL,12.91,1184.21,1188.46,0,729.06,True
Maize,Hybrid,Cereal,Punjab,Ludhiana,Year-Round,11,WHOLESALER,33.3,1207.76,1091.52,1,2008.95,True
Rice,Basmati,Cereal,Karnataka,Bengaluru,Rabi,3,INDIVIDUAL,86.17,2334.5,2438.72,0,883.08,True
Onion,Red,Vegetable,Punjab,Ludhiana,Year-Round,8,WHOLESALER,50.26,972.83,1066.83,0,1519.54,True
Tomato,Hybrid,Vegetable,Maharashtra,Nashik,Kharif,10,RESTAURANT,76.86,1660.64,1380.33,1,1394.44,True
Mango,Local,Fruit,Maharashtra,Mumbai,Zaid,1,WHOLESALER,24.57,698.38,716.34,0,1061.53,True
Potato,Local,Vegetable,Tamil Nadu,Chennai,Zaid,7,INDIVIDUAL,57.51,2308.95,2133.14,0,896.77,True
Tomato,Hybrid,Vegetable,Gujarat,Rajkot,Zaid,2,BUSINESS,43.84,1164.93,1332.46,0,1419.07,True
Rice,Common,Cereal,Gujarat,Rajkot,Kharif,5,WHOLESALER,32.05,2282.22,2509.74,0,4844.47,True
Rice,Basmati,Cereal,Gujarat,Rajkot,Zaid,1,RESTAURANT,29.86,2008.96,2274.39,0,2280.86,True
Rice,Basmati,Cereal,Madhya Pradesh,Indore,Year-Round,5,WHOLESALER,83.68,2621.57,2435.88,0,2745.66,True
Soybean,Local,Oilseed,Maharashtra,Nashik,Rabi,11,RETAILER,84.62,1190.44,1123.92,1,866.78,True
Tomato,Desi,Vegetable,Tamil Nadu,Chennai,Year-Round,11,WHOLESALER,60.25,1341.56,1332.28,1,2070.16,True
Wheat,Common,Cereal,Maharashtra,Mumbai,Rabi,9,RESTAURANT,78.78,2402.92,2535.2,0,2183.43,True
Onion,Red,Vegetable,Maharashtra,Nashik,Zaid,9,INDIVIDUAL,71.16,1082.53,1249.76,0,391.11,True
Green Chilli,Local,Spice,Uttar Pradesh,Agra,Zaid,2,RETAILER,70.18,642.14,527.2,0,366.58,True
Maize,Hybrid,Cereal,Madhya Pradesh,Indore,Rabi,6,RETAILER,60.07,1164.03,1091.27,0,934.2,True
Maize,Hybrid,Cereal,Karnataka,Bengaluru,Year-Round,9,WHOLESALER,72.92,1057.66,1249.88,0,1412.11,True
Onion,Red,Vegetable,Maharashtra,Nashik,Year-Round,11,RESTAURANT,18.77,1508.09,1446.88,1,2089.92,True
Wheat,Common,Cereal,Maharashtra,Nashik,Rabi,9,RESTAURANT,43.35,2406.86,2080.34,0,2196.5,True
Maize,Hybrid,Cereal,Gujarat,Rajkot,Year-Round,12,RETAILER,29.38,1067.05,921.37,0,992.86,True
Green Chilli,Local,Spice,Punjab,Ludhiana,Rabi,12,RESTAURANT,54.53,640.19,621.91,0,564.29,True
Rice,Basmati,Cereal,Maharashtra,Nashik,Kharif,11,WHOLESALER,42.95,3234.7,2643.39,1,4296.18,True
Rice,Common,Cereal,Maharashtra,Mumbai,Zaid,8,RETAILER,20.02,2407.11,2642.62,0,3019.23,True
Potato,Local,Vegetable,Karnataka,Bengaluru,Kharif,2,WHOLESALER,28.5,1691.06,1596.05,0,2169.64,True
Soybean,Local,Oilseed,Maharashtra,Mumbai,Zaid,2,WHOLESALER,17.8,1111.38,1031.68,0,1766.17,True
Maize,Hybrid,Cereal,Tamil Nadu,Chennai,Zaid,11,WHOLESALER,23.64,1135.52,1219.2,1,2429.4,True
Potato,Local,Vegetable,Maharashtra,Mumbai,Rabi,12,WHOLESALER,39.15,1949.16,2028.79,0,2748.93,True
Tomato,Hybrid,Vegetable,Uttar Pradesh,Agra,Kharif,12,INDIVIDUAL,43.9,1358.16,1567.98,0,656.46,True
Maize,Hybrid,Cereal,Tamil Nadu,Chennai,Rabi,11,RETAILER,26.8,1006.67,1034.9,1,1373.68,True
Tomato,Hybrid,Vegetable,Madhya Pradesh,Indore,Zaid,6,INDIVIDUAL,55.85,1679.17,1343.6,0,582.06,True
Wheat,Common,Cereal,Maharashtra,Pune,Zaid,6,WHOLESALER,87.34,2018.71,1692.74,0,2229.69,True
Wheat,Common,Cereal,Tamil Nadu,Chennai,Zaid,1,INDIVIDUAL,26.03,2646.23,2479.16,0,1139.88,True
Tomato,Desi,Vegetable,Maharashtra,Nashik,Zaid,4,BUSINESS,36.98,1252.13,1498.21,1,2756.48,True
Wheat,Common,Cereal,Maharashtra,Mumbai,Rabi,10,WHOLESALER,31.52,2321.87,2178.26,1,4378.67,True
Tomato,Hybrid,Vegetable,Maharashtra,Nashik,Kharif,12,RETAILER,44.77,1894.82,1573.13,0,1408.82,True
Tomato,Desi,Vegetable,Karnataka,Bengaluru,Year-Round,10,RESTAURANT,68.55,1196.62,1381.13,1,1533.77,True
Green Chilli,Local,Spice,Punjab,Ludhiana,Year-Round,8,RETAILER,15.45,597.12,590.75,0,681.19,True
Tomato,Hybrid,Vegetable,Maharashtra,Mumbai,Kharif,4,BUSINESS,68.88,1357.11,1480.35,1,1994.6,True
Green Chilli,Local,Spice,Karnataka,Bengaluru,Rabi,1,RETAILER,34.28,587.16,649.11,0,575.39,True
Rice,Basmati,Cereal,Uttar Pradesh,Agra,Year-Round,4,RESTAURANT,39.26,2372.25,2280.58,1,3722.98,True
Groundnut,Local,Oilseed,Tamil Nadu,Chennai,Zaid,6,RESTAURANT,16.69,893.86,847.15,0,1293.04,True
Rice,Common,Cereal,Karnataka,Bengaluru,Rabi,9,RESTAURANT,76.93,2899.92,2530.02,0,2365.89,True
Tomato,Hybrid,Vegetable,Karnataka,Bengaluru,Year-Round,5,WHOLESALER,65.26,1579.0,1455.2,0,1788.95,True
Wheat,Common,Cereal,Madhya Pradesh,Indore,Year-Round,4,RESTAURANT,88.18,2183.31,2312.82,1,2505.7,True
Maize,Hybrid,Cereal,Punjab,Ludhiana,Year-Round,7,RETAILER,89.65,1139.15,1130.99,0,859.03,True
Rice,Common,Cereal,Madhya Pradesh,Indore,Year-Round,3,BUSINESS,35.1,1756.19,2041.83,0,2727.41,True
Tomato,Hybrid,Vegetable,Karnataka,Bengaluru,Zaid,3,RESTAURANT,17.43,1456.61,1567.51,0,2141.9,True
Tomato,Hybrid,Vegetable,Uttar Pradesh,Agra,Zaid,10,BUSINESS,32.01,1619.68,1751.59,1,2250.03,True
Maize,Hybrid,Cereal,Madhya Pradesh,Indore,Rabi,11,BUSINESS,33.62,1191.42,1068.63,1,1431.91,True
Wheat,Common,Cereal,Maharashtra,Nashik,Kharif,12,RESTAURANT,46.44,2943.9,2243.46,0,2633.8,True
Maize,Hybrid,Cereal,Maharashtra,Mumbai,Zaid,2,WHOLESALER,65.68,1126.21,987.03,0,1224.95,True
Green Chilli,Local,Spice,Maharashtra,Pune,Rabi,9,RESTAURANT,57.45,708.33,689.61,0,628.66,True
Rice,Basmati,Cereal,Madhya Pradesh,Indore,Zaid,4,BUSINESS,78.4,2746.7,2883.38,1,3505.89,True
Maize,Hybrid,Cereal,Maharashtra,Mumbai,Zaid,10,RETAILER,53.63,1259.79,1268.64,1,1272.51,True
Mango,Local,Fruit,Karnataka,Bengaluru,Rabi,12,WHOLESALER,23.83,713.33,789.48,0,1261.22,True
Onion,Red,Vegetable,Maharashtra,Nashik,Year-Round,3,RESTAURANT,86.01,1580.58,1580.3,0,1087.94,True
Rice,Basmati,Cereal,Madhya Pradesh,Indore,Kharif,1,BUSINESS,27.9,2079.77,2488.0,0,3112.76,True
Onion,Red,Vegetable,Karnataka,Bengaluru,Zaid,7,RETAILER,22.88,1897.92,1591.27,0,1996.47,True
Groundnut,Local,Oilseed,Maharashtra,Nashik,Kharif,7,RETAILER,31.13,994.92,910.2,0,1154.71,True
Groundnut,Local,Oilseed,Maharashtra,Mumbai,Rabi,9,WHOLESALER,26.14,1069.02,850.97,0,1284.35,True
Wheat,Common,Cereal,Gujarat,Rajkot,Rabi,10,RETAILER,64.92,2841.76,2461.75,1,2634.67,True
Rice,Common,Cereal,Karnataka,Bengaluru,Zaid,4,BUSINESS,80.48,2668.77,2651.89,1,3266.74,True
Onion,Red,Vegetable,Madhya Pradesh,Indore,Zaid,1,INDIVIDUAL,40.98,1214.91,1287.48,0,512.34,True
Potato,Local,Vegetable,Uttar Pradesh,Agra,Rabi,7,RETAILER,14.93,1916.06,1719.54,0,2358.92,True
Onion,Red,Vegetable,Madhya Pradesh,Indore,Year-Round,11,RESTAURANT,67.37,1834.49,1519.02,1,1501.22,True
Onion,Red,Vegetable,Maharashtra,Pune,Zaid,6,RESTAURANT,16.34,1505.28,1629.95,0,2756.53,True
Tomato,Desi,Vegetable,Punjab,Ludhiana,Zaid,10,RESTAURANT,86.26,1566.82,1380.46,1,1405.84,True
Potato,Local,Vegetable,Punjab,Ludhiana,Zaid,5,RESTAURANT,71.32,1969.96,1796.26,0,1761.73,True
Tomato,Desi,Vegetable,Maharashtra,Mumbai,Zaid,11,BUSINESS,50.41,1197.18,1370.17,1,1498.31,True
Soybean,Local,Oilseed,Gujarat,Rajkot,Year-Round,9,RESTAURANT,83.79,1090.76,973.54,0,749.31,True
Wheat,Common,Cereal,Maharashtra,Mumbai,Year-Round,7,BUSINESS,61.2,3409.36,3210.66,0,3626.26,True
Tomato,Hybrid,Vegetable,Maharashtra,Pune,Rabi,12,WHOLESALER,32.45,1249.94,1422.68,0,2058.92,True
Rice,Common,Cereal,Tamil Nadu,Chennai,Year-Round,7,INDIVIDUAL,59.82,3231.81,2961.26,0,1305.66,True
Soybean,Local,Oilseed,Madhya Pradesh,Indore,Kharif,9,INDIVIDUAL,50.44,828.57,958.39,0,393.16,True
Mango,Local,Fruit,Maharashtra,Mumbai,Rabi,12,INDIVIDUAL,50.39,572.65,755.19,0,331.39,True
Maize,Hybrid,Cereal,Maharashtra,Pune,Zaid,3,RESTAURANT,63.11,794.68,938.67,0,761.97,True
Onion,Red,Vegetable,Uttar Pradesh,Agra,Kharif,3,WHOLESALER,50.74,1491.97,1481.89,0,1935.96,True
Mango,Local,Fruit,Punjab,Ludhiana,Year-Round,2,INDIVIDUAL,20.92,879.29,797.82,0,399.91,True
Rice,Basmati,Cereal,Gujarat,Rajkot,Rabi,9,INDIVIDUAL,89.46,2684.77,2587.3,0,907.93,True
Rice,Basmati,Cereal,Tamil Nadu,Chennai,Zaid,3,WHOLESALER,54.43,3147.64,2550.77,0,3181.08,True
Tomato,Desi,Vegetable,Maharashtra,Pune,Zaid,5,BUSINESS,28.6,1188.58,1315.39,0,1839.13,True
Potato,Local,Vegetable,Punjab,Ludhiana,Zaid,9,INDIVIDUAL,67.95,1707.16,1762.1,0,616.79,True
Green Chilli,Local,Spice,Uttar Pradesh,Agra,Year-Round,2,RESTAURANT,60.1,574.46,669.12,0,570.0,True
Rice,Common,Cereal,Maharashtra,Pune,Year-Round,5,RETAILER,52.88,2714.78,2726.09,0,2414.09,True
Rice,Common,Cereal,Madhya Pradesh,Indore,Year-Round,3,RETAILER,61.19,2435.48,2539.71,0,1796.59,True
Tomato,Hybrid,Vegetable,Maharashtra,Mumbai,Year-Round,5,BUSINESS,12.98,1283.62,1444.49,0,2794.84,True
Mango,Local,Fruit,Uttar Pradesh,Agra,Kharif,5,INDIVIDUAL,39.12,569.12,665.64,0,313.9,True
Onion,Red,Vegetable,Punjab,Ludhiana,Zaid,1,RETAILER,61.77,1308.18,1578.68,0,1246.18,True
Green Chilli,Local,Spice,Tamil Nadu,Chennai,Kharif,5,WHOLESALER,39.58,801.08,746.48,0,1323.52,True
Onion,Red,Vegetable,Maharashtra,Nashik,Rabi,9,BUSINESS,32.05,1508.8,1516.07,0,1450.7,True
Rice,Common,Cereal,Uttar Pradesh,Agra,Year-Round,9,INDIVIDUAL,78.19,3215.76,2745.52,0,869.07,True
Tomato,Desi,Vegetable,Maharashtra,Mumbai,Zaid,9,RETAILER,44.1,1404.48,1231.42,0,1078.86,True
Mango,Local,Fruit,Uttar Pradesh,Agra,Zaid,8,RETAILER,22.97,648.12,792.19,0,901.72,True
Tomato,Desi,Vegetable,Punjab,Ludhiana,Rabi,4,RETAILER,15.56,1383.71,1224.26,1,1949.15,True
Rice,Basmati,Cereal,Maharashtra,Pune,Kharif,4,RESTAURANT,89.59,2954.84,2556.64,1,3127.34,True
Tomato,Desi,Vegetable,Punjab,Ludhiana,Kharif,8,RESTAURANT,35.58,1196.08,1292.52,0,1295.99,True
Rice,Common,Cereal,Uttar Pradesh,Agra,Rabi,7,WHOLESALER,77.62,3278.54,2908.1,0,4019.0,True
Groundnut,Local,Oilseed,Gujarat,Rajkot,Year-Round,3,BUSINESS,64.99,840.02,858.0,0,755.46,True
Tomato,Desi,Vegetable,Maharashtra,Nashik,Year-Round,9,RETAILER,15.52,1275.78,1128.58,0,1402.07,True
Wheat,Common,Cereal,Punjab,Ludhiana,Rabi,12,INDIVIDUAL,33.31,2574.4,2148.34,0,912.73,True
Tomato,Hybrid,Vegetable,Gujarat,Rajkot,Kharif,10,WHOLESALER,41.28,1817.53,1490.54,1,2227.77,True
Green Chilli,Local,Spice,Tamil Nadu,Chennai,Rabi,7,BUSINESS,49.11,749.43,707.84,0,922.96,True
Onion,Red,Vegetable,Gujarat,Rajkot,Year-Round,10,RETAILER,73.54,1106.55,1459.17,1,1329.9,True
Groundnut,Local,Oilseed,Maharashtra,Nashik,Year-Round,4,RESTAURANT,42.44,852.04,755.13,1,1049.39,True
Onion,Red,Vegetable,Maharashtra,Nashik,Zaid,10,WHOLESALER,14.86,1359.73,1479.78,1,3556.61,True
Soybean,Local,Oilseed,Maharashtra,Nashik,Zaid,8,WHOLESALER,73.57,873.59,925.96,0,1046.66,True
Mango,Local,Fruit,Karnataka,Bengaluru,Zaid,8,WHOLESALER,86.71,670.45,772.29,0,931.58,True
Green Chilli,Local,Spice,Gujarat,Rajkot,Rabi,4,WHOLESALER,83.9,646.15,625.49,1,841.95,True
Maize,Hybrid,Cereal,Uttar Pradesh,Agra,Rabi,5,RETAILER,51.47,1198.52,919.95,0,815.88,True
Groundnut,Local,Oilseed,Gujarat,Rajkot,Kharif,10,WHOLESALER,89.07,767.22,839.76,1,1083.66,True
Groundnut,Local,Oilseed,Maharashtra,Pune,Year-Round,7,INDIVIDUAL,59.85,754.83,827.6,0,363.79,True
Onion,Red,Vegetable,Tamil Nadu,Chennai,Rabi,7,WHOLESALER,53.72,1217.69,1374.35,0,1983.78,True
Green Chilli,Local,Spice,Tamil Nadu,Chennai,Rabi,9,INDIVIDUAL,16.83,625.42,648.25,0,392.51,True
Soybean,Local,Oilseed,Karnataka,Bengaluru,Year-Round,11,INDIVIDUAL,82.36,796.22,987.17,1,446.79,True
Wheat,Common,Cereal,Maharashtra,Nashik,Year-Round,12,RESTAURANT,46.31,2875.18,2422.87,0,2716.75,True
Rice,Common,Cereal,Maharashtra,Nashik,Kharif,6,RESTAURANT,43.6,2720.81,2791.02,0,3466.34,True
Tomato,Desi,Vegetable,Karnataka,Bengaluru,Zaid,5,RETAILER,48.82,1473.07,1463.71,0,1285.83,True
Tomato,Hybrid,Vegetable,Karnataka,Bengaluru,Year-Round,2,RESTAURANT,86.59,1676.21,1635.41,0,1331.11,True
Potato,Local,Vegetable,Maharashtra,Pune,Kharif,12,INDIVIDUAL,53.98,1300.29,1417.68,0,619.63,True
Groundnut,Local,Oilseed,Madhya Pradesh,Indore,Year-Round,5,RESTAURANT,87.99,1031.57,942.87,0,850.7,True
Maize,Hybrid,Cereal,Punjab,Ludhiana,Rabi,3,RETAILER,72.79,977.8,936.53,0,698.78,True
Rice,Basmati,Cereal,Gujarat,Rajkot,Year-Round,6,RESTAURANT,51.1,2539.58,2394.9,0,2389.08,True
Rice,Common,Cereal,Gujarat,Rajkot,Year-Round,2,RESTAURANT,29.09,2939.37,2941.76,0,3206.72,True
Tomato,Hybrid,Vegetable,Karnataka,Bengaluru,Rabi,4,WHOLESALER,51.6,1770.43,1583.95,1,3054.83,True
Green Chilli,Local,Spice,Maharashtra,Nashik,Kharif,2,WHOLESALER,64.24,458.01,563.63,0,618.57,True
Soybean,Local,Oilseed,Maharashtra,Mumbai,Zaid,2,RESTAURANT,29.49,957.64,1126.55,0,1112.77,True
Green Chilli,Local,Spice,Maharashtra,Pune,Kharif,6,INDIVIDUAL,40.43,611.19,601.54,0,325.37,True
Potato,Local,Vegetable,Maharashtra,Pune,Kharif,9,RESTAURANT,79.22,2155.93,1738.33,0,1471.8,True
Maize,Hybrid,Cereal,Maharashtra,Nashik,Zaid,8,INDIVIDUAL,21.61,1354.47,1221.6,0,678.95,True
Rice,Common,Cereal,Maharashtra,Mumbai,Zaid,12,RETAILER,44.41,2965.69,2530.31,0,2092.38,True
Tomato,Hybrid,Vegetable,Gujarat,Rajkot,Zaid,4,BUSINESS,84.62,1515.95,1424.98,1,1612.13,True
Wheat,Common,Cereal,Madhya Pradesh,Indore,Year-Round,12,RESTAURANT,27.88,3166.4,2986.98,0,3009.4,True
Wheat,Common,Cereal,Maharashtra,Nashik,Year-Round,3,BUSINESS,53.92,2085.01,2143.31,0,2307.39,True
Tomato,Desi,Vegetable,Maharashtra,Pune,Year-Round,1,BUSINESS,33.63,1041.16,1182.36,0,1378.51,True
Soybean,Local,Oilseed,Madhya Pradesh,Indore,Zaid,2,INDIVIDUAL,37.42,965.96,883.16,0,316.43,True
Maize,Hybrid,Cereal,Gujarat,Rajkot,Rabi,8,INDIVIDUAL,17.12,1294.45,1228.99,0,636.4,True
Soybean,Local,Oilseed,Uttar Pradesh,Agra,Rabi,12,RESTAURANT,21.91,1242.57,1224.99,0,1467.28,True
Tomato,Desi,Vegetable,Uttar Pradesh,Agra,Year-Round,5,INDIVIDUAL,40.62,1258.96,1272.74,0,680.03,True
Tomato,Hybrid,Vegetable,Uttar Pradesh,Agra,Year-Round,1,RETAILER,51.9,1619.28,1325.84,0,1020.6,True
Onion,Red,Vegetable,Madhya Pradesh,Indore,Kharif,5,INDIVIDUAL,22.35,1481.91,1387.62,0,849.56,True
Tomato,Desi,Vegetable,Gujarat,Rajkot,Year-Round,3,BUSINESS,59.37,1108.3,1301.01,0,1333.88,True
Soybean,Local,Oilseed,Punjab,Ludhiana,Year-Round,1,RETAILER,28.26,1237.3,1030.65,0,1166.75,True
Green Chilli,Local,Spice,Uttar Pradesh,Agra,Kharif,7,INDIVIDUAL,53.61,845.02,779.39,0,336.94,True
Groundnut,Local,Oilseed,Punjab,Ludhiana,Year-Round,7,RETAILER,57.5,1164.93,877.72,0,726.04,True
Tomato,Hybrid,Vegetable,Maharashtra,Nashik,Rabi,5,RESTAURANT,56.15,1283.96,1336.28,0,1368.54,True
Onion,Red,Vegetable,Karnataka,Bengaluru,Rabi,11,RESTAURANT,32.02,1500.85,1451.79,1,1896.79,True
Tomato,Hybrid,Vegetable,Maharashtra,Nashik,Zaid,3,BUSINESS,88.78,1646.16,1664.98,0,1470.49,True
Groundnut,Local,Oilseed,Maharashtra,Nashik,Zaid,1,RETAILER,66.44,822.34,951.9,0,682.77,True
Tomato,Desi,Vegetable,Maharashtra,Pune,Rabi,6,BUSINESS,80.73,1208.82,1434.29,0,1259.01,True
Maize,Hybrid,Cereal,Punjab,Ludhiana,Kharif,11,RESTAURANT,68.76,1158.42,1076.52,1,1134.48,True
Rice,Basmati,Cereal,Gujarat,Rajkot,Kharif,8,RETAILER,80.47,2340.84,2646.09,0,2066.75,True
Rice,Common,Cereal,Karnataka,Bengaluru,Zaid,7,BUSINESS,72.52,2890.82,2406.86,0,2559.41,True
Groundnut,Local,Oilseed,Maharashtra,Mumbai,Zaid,2,RETAILER,13.0,743.82,825.5,0,850.81,True
Wheat,Common,Cereal,Maharashtra,Nashik,Rabi,9,RETAILER,40.49,2499.13,2481.8,0,1794.54,True
Green Chilli,Local,Spice,Madhya Pradesh,Indore,Rabi,7,BUSINESS,26.06,683.07,611.11,0,891.73,True
Onion,Red,Vegetable,Maharashtra,Pune,Year-Round,4,RESTAURANT,58.44,1335.17,1554.39,1,1857.17,True
Potato,Local,Vegetable,Uttar Pradesh,Agra,Rabi,10,INDIVIDUAL,58.24,1437.68,1452.63,1,768.17,True
Rice,Basmati,Cereal,Madhya Pradesh,Indore,Kharif,9,RESTAURANT,55.72,2623.33,2666.52,0,2356.69,True
Onion,Red,Vegetable,Maharashtra,Nashik,Rabi,11,WHOLESALER,49.83,1131.55,1162.39,1,1717.78,True
Green Chilli,Local,Spice,Punjab,Ludhiana,Kharif,5,INDIVIDUAL,43.86,634.47,645.9,0,275.58,True
Tomato,Hybrid,Vegetable,Karnataka,Bengaluru,Rabi,10,RESTAURANT,28.15,1822.85,1649.93,1,2476.9,True
Tomato,Desi,Vegetable,Gujarat,Rajkot,Zaid,10,INDIVIDUAL,63.65,1040.22,1299.41,1,539.74,True
Groundnut,Local,Oilseed,Maharashtra,Pune,Rabi,12,RETAILER,83.96,814.71,870.4,0,621.4,True
Green Chilli,Local,Spice,Uttar Pradesh,Agra,Kharif,10,RETAILER,41.13,561.19,565.91,1,690.82,True
Tomato,Hybrid,Vegetable,Maharashtra,Nashik,Kharif,7,INDIVIDUAL,87.5,1507.24,1326.35,0,472.48,True
Tomato,Desi,Vegetable,Maharashtra,Mumbai,Kharif,3,INDIVIDUAL,41.46,1403.79,1455.81,0,650.96,True
Potato,Local,Vegetable,Tamil Nadu,Chennai,Zaid,4,BUSINESS,70.44,1820.03,1842.64,1,2214.01,True
Green Chilli,Local,Spice,Madhya Pradesh,Indore,Year-Round,8,RETAILER,25.72,678.31,672.03,0,833.95,True
Maize,Hybrid,Cereal,Maharashtra,Nashik,Rabi,7,INDIVIDUAL,71.97,942.73,1131.1,0,494.75,True
Maize,Hybrid,Cereal,Tamil Nadu,Chennai,Zaid,8,INDIVIDUAL,27.77,1308.09,1041.59,0,561.05,True
Onion,Red,Vegetable,Maharashtra,Pune,Zaid,11,INDIVIDUAL,50.08,1499.81,1582.6,1,702.92,True
Maize,Hybrid,Cereal,Karnataka,Bengaluru,Zaid,1,INDIVIDUAL,34.08,1063.62,1141.27,0,515.3,True
Soybean,Local,Oilseed,Karnataka,Bengaluru,Rabi,10,BUSINESS,79.54,988.5,1047.79,1,1234.61,True
Potato,Local,Vegetable,Gujarat,Rajkot,Year-Round,8,WHOLESALER,87.02,2142.57,1837.28,0,2078.47,True
Tomato,Hybrid,Vegetable,Madhya Pradesh,Indore,Zaid,5,BUSINESS,75.16,1559.31,1479.52,0,1497.27,True
Green Chilli,Local,Spice,Madhya Pradesh,Indore,Kharif,1,INDIVIDUAL,62.01,578.79,546.17,0,188.34,True
Potato,Local,Vegetable,Karnataka,Bengaluru,Zaid,5,BUSINESS,56.76,2050.2,2193.27,0,2323.99,True
Rice,Basmati,Cereal,Maharashtra,Mumbai,Rabi,10,BUSINESS,59.45,2726.07,2356.83,1,2701.47,True
Maize,Hybrid,Cereal,Gujarat,Rajkot,Rabi,1,BUSINESS,24.03,924.9,981.32,0,1337.69,True
Groundnut,Local,Oilseed,Maharashtra,Nashik,Rabi,1,INDIVIDUAL,81.47,809.37,721.3,0,230.45,True
Onion,Red,Vegetable,Maharashtra,Nashik,Zaid,10,BUSINESS,65.96,1457.02,1543.23,1,1971.85,True
Maize,Hybrid,Cereal,Maharashtra,Nashik,Kharif,9,BUSINESS,17.93,1017.35,941.28,0,1370.43,True
Tomato,Desi,Vegetable,Maharashtra,Pune,Year-Round,1,RESTAURANT,24.66,1266.53,1398.72,0,1803.75,True
Onion,Red,Vegetable,Maharashtra,Nashik,Year-Round,3,WHOLESALER,88.52,1465.57,1459.15,0,1506.56,True
Mango,Local,Fruit,Tamil Nadu,Chennai,Rabi,2,RETAILER,85.11,1015.49,934.11,0,673.39,True
Potato,Local,Vegetable,Tamil Nadu,Chennai,Year-Round,12,WHOLESALER,42.71,1989.38,1817.04,0,2559.45,True
Rice,Common,Cereal,Madhya Pradesh,Indore,Year-Round,10,RESTAURANT,61.0,2363.4,2390.47,1,2462.26,True
Wheat,Common,Cereal,Uttar Pradesh,Agra,Rabi,1,BUSINESS,84.31,2006.36,2496.2,0,2025.31,True
Mango,Local,Fruit,Madhya Pradesh,Indore,Year-Round,4,RETAILER,56.61,773.64,872.42,1,1011.25,True
Wheat,Common,Cereal,Maharashtra,Mumbai,Rabi,8,INDIVIDUAL,15.16,2501.38,2240.24,0,1422.2,True
Green Chilli,Local,Spice,Maharashtra,Pune,Zaid,4,BUSINESS,66.08,642.85,626.53,1,875.26,True
Rice,Basmati,Cereal,Maharashtra,Nashik,Zaid,12,INDIVIDUAL,61.29,2213.59,2910.43,0,1117.54,True
Wheat,Common,Cereal,Maharashtra,Pune,Zaid,4,INDIVIDUAL,30.17,2566.16,2720.41,1,1507.66,True
Potato,Local,Vegetable,Maharashtra,Nashik,Rabi,11,WHOLESALER,62.92,1712.13,1788.4,1,2193.98,True
Soybean,Local,Oilseed,Uttar Pradesh,Agra,Zaid,6,RETAILER,15.89,919.18,914.38,0,1236.66,True
Onion,Red,Vegetable,Uttar Pradesh,Agra,Kharif,10,WHOLESALER,39.29,1377.9,1294.52,1,2366.04,True
Rice,Common,Cereal,Karnataka,Bengaluru,Year-Round,2,RESTAURANT,59.69,2304.54,2808.47,0,2380.23,True
Maize,Hybrid,Cereal,Punjab,Ludhiana,Kharif,8,RETAILER,40.5,1211.96,1132.86,0,1096.68,True
Maize,Hybrid,Cereal,Karnataka,Bengaluru,Rabi,12,BUSINESS,76.69,1075.13,1094.06,0,1026.94,True
Soybean,Local,Oilseed,Uttar Pradesh,Agra,Kharif,6,WHOLESALER,79.58,824.61,971.18,0,1284.23,True
Tomato,Hybrid,Vegetable,Gujarat,Rajkot,Zaid,12,RETAILER,76.59,1669.6,1616.97,0,1333.82,True
Rice,Common,Cereal,Punjab,Ludhiana,Year-Round,5,WHOLESALER,17.94,2915.88,2791.67,0,6369.45,True
Tomato,Hybrid,Vegetable,Maharashtra,Pune,Zaid,4,BUSINESS,42.22,1845.33,1479.95,1,2209.8,True
Rice,Common,Cereal,Tamil Nadu,Chennai,Rabi,2,WHOLESALER,26.14,2529.24,2399.09,0,2869.03,True
Wheat,Common,Cereal,Maharashtra,Mumbai,Zaid,9,INDIVIDUAL,26.87,2159.15,1881.32,0,985.84,True
Green Chilli,Local,Spice,Maharashtra,Nashik,Zaid,9,RESTAURANT,57.97,553.59,574.0,0,567.83,True
Wheat,Common,Cereal,Maharashtra,Pune,Year-Round,1,RESTAURANT,26.52,2403.68,2632.06,0,3063.26,True
Groundnut,Local,Oilseed,Maharashtra,Nashik,Rabi,12,WHOLESALER,41.2,1143.71,896.18,0,1150.25,True
Maize,Hybrid,Cereal,Tamil Nadu,Chennai,Year-Round,8,RESTAURANT,16.79,1123.93,1108.91,0,1541.79,True
Potato,Local,Vegetable,Uttar Pradesh,Agra,Rabi,7,BUSINESS,73.52,1288.71,1554.36,0,1643.82,True
Rice,Basmati,Cereal,Karnataka,Bengaluru,Kharif,7,WHOLESALER,44.43,2422.26,2448.88,0,3956.64,True
Maize,Hybrid,Cereal,Tamil Nadu,Chennai,Rabi,2,WHOLESALER,50.31,1103.63,1193.76,0,1363.05,True
Tomato,Hybrid,Vegetable,Maharashtra,Nashik,Year-Round,12,RESTAURANT,83.66,1671.3,1508.98,0,1331.18,True
Maize,Hybrid,Cereal,Uttar Pradesh,Agra,Year-Round,10,BUSINESS,26.35,998.04,1032.55,1,1621.76,True
Wheat,Common,Cereal,Punjab,Ludhiana,Zaid,3,INDIVIDUAL,25.02,2731.56,2120.15,0,1114.42,True
Groundnut,Local,Oilseed,Maharashtra,Pune,Rabi,9,RETAILER,28.1,795.83,901.32,0,905.41,True
Onion,Red,Vegetable,Maharashtra,Nashik,Kharif,2,BUSINESS,20.67,1373.92,1410.0,0,2002.16,True
Maize,Hybrid,Cereal,Maharashtra,Pune,Zaid,11,BUSINESS,35.12,1459.01,1189.22,1,1744.79,True
Soybean,Local,Oilseed,Maharashtra,Mumbai,Rabi,3,WHOLESALER,18.59,886.11,954.46,0,1530.42,True
Maize,Hybrid,Cereal,Madhya Pradesh,Indore,Year-Round,5,RETAILER,33.06,1264.55,1143.81,0,1182.01,True
Tomato,Hybrid,Vegetable,Maharashtra,Mumbai,Zaid,5,WHOLESALER,45.41,1273.18,1237.1,0,1822.25,True
Potato,Local,Vegetable,Punjab,Ludhiana,Year-Round,4,INDIVIDUAL,59.48,1902.99,1943.09,1,923.54,True
Maize,Hybrid,Cereal,Uttar Pradesh,Agra,Kharif,3,INDIVIDUAL,27.16,1131.13,1054.55,0,454.4,True
Tomato,Hybrid,Vegetable,Madhya Pradesh,Indore,Zaid,12,BUSINESS,81.99,1377.54,1563.7,0,1342.74,True
Potato,Local,Vegetable,Madhya Pradesh,Indore,Kharif,2,RESTAURANT,33.2,1696.96,1717.17,0,1810.33,True
Groundnut,Local,Oilseed,Maharashtra,Pune,Rabi,11,RETAILER,42.83,732.67,890.8,1,846.27,True
Potato,Local,Vegetable,Uttar Pradesh,Agra,Year-Round,8,WHOLESALER,46.89,2042.53,1808.83,0,2617.3,True
Rice,Common,Cereal,Maharashtra,Mumbai,Year-Round,11,RETAILER,27.43,2174.11,2337.69,1,2945.34,True
Maize,Hybrid,Cereal,Maharashtra,Pune,Rabi,5,RESTAURANT,58.05,1217.78,1358.95,0,1356.37,True
Wheat,Common,Cereal,Maharashtra,Mumbai,Rabi,9,RETAILER,65.21,1983.21,2206.91,0,1713.17,True
Groundnut,Local,Oilseed,Gujarat,Rajkot,Rabi,11,RETAILER,51.09,832.16,812.03,1,785.57,True
Tomato,Desi,Vegetable,Maharashtra,Mumbai,Year-Round,1,RESTAURANT,20.52,1511.35,1392.02,0,1698.8,True
Onion,Red,Vegetable,Tamil Nadu,Chennai,Zaid,5,BUSINESS,78.68,1439.31,1586.97,0,1551.42,True
Maize,Hybrid,Cereal,Tamil Nadu,Chennai,Rabi,11,RETAILER,33.13,1140.28,1082.47,1,1345.13,True
Wheat,Common,Cereal,Karnataka,Bengaluru,Rabi,10,WHOLESALER,40.02,1639.08,2279.26,1,4182.74,True
Tomato,Desi,Vegetable,Maharashtra,Pune,Kharif,10,BUSINESS,66.98,1735.01,1551.43,1,2048.7,True
Groundnut,Local,Oilseed,Punjab,Ludhiana,Kharif,4,RESTAURANT,19.46,790.52,845.68,1,1422.21,True
Potato,Local,Vegetable,Maharashtra,Mumbai,Rabi,9,RESTAURANT,88.89,1824.5,1966.98,0,1864.8,True
Rice,Common,Cereal,Uttar Pradesh,Agra,Kharif,10,RETAILER,16.99,2454.56,2537.74,1,3939.9,True
Green Chilli,Local,Spice,Karnataka,Bengaluru,Rabi,7,WHOLESALER,19.54,717.97,692.28,0,1316.31,True
Wheat,Common,Cereal,Madhya Pradesh,Indore,Kharif,3,WHOLESALER,30.16,2587.72,2559.08,0,3459.76,True
Tomato,Desi,Vegetable,Madhya Pradesh,Indore,Kharif,11,BUSINESS,37.34,1206.92,1304.16,1,1919.37,True
Potato,Local,Vegetable,Maharashtra,Nashik,Zaid,8,WHOLESALER,47.77,1778.08,1898.84,0,2568.22,True
Groundnut,Local,Oilseed,Maharashtra,Pune,Zaid,3,RETAILER,21.53,633.57,807.28,0,857.32,True
Rice,Basmati,Cereal,Uttar Pradesh,Agra,Rabi,11,WHOLESALER,14.13,2104.45,2366.37,1,5819.79,True
Onion,Red,Vegetable,Maharashtra,Nashik,Kharif,6,WHOLESALER,41.79,1435.46,1479.04,0,2423.41,True
Maize,Hybrid,Cereal,Maharashtra,Pune,Year-Round,6,BUSINESS,56.82,1023.37,1075.71,0,1338.48,True
Rice,Common,Cereal,Uttar Pradesh,Agra,Kharif,4,INDIVIDUAL,79.3,1715.55,2137.67,1,1006.83,True
Rice,Common,Cereal,Punjab,Ludhiana,Zaid,11,RETAILER,50.65,2823.37,2782.15,1,2476.47,True
Rice,Common,Cereal,Tamil Nadu,Chennai,Zaid,3,RESTAURANT,72.33,2177.67,2227.01,0,1734.21,True
Tomato,Hybrid,Vegetable,Maharashtra,Pune,Rabi,7,RETAILER,82.52,1223.31,1386.23,0,1127.69,True
Mango,Local,Fruit,Maharashtra,Mumbai,Kharif,10,RESTAURANT,88.86,730.02,893.62,1,921.63,True
Onion,Red,Vegetable,Karnataka,Bengaluru,Rabi,12,BUSINESS,51.46,1204.51,1226.99,0,1245.97,True
Soybean,Local,Oilseed,Karnataka,Bengaluru,Rabi,8,RETAILER,61.04,1065.48,1040.43,0,905.15,True
Rice,Common,Cereal,Maharashtra,Nashik,Zaid,4,INDIVIDUAL,39.19,1859.36,1906.78,1,1102.9,True
Green Chilli,Local,Spice,Madhya Pradesh,Indore,Zaid,8,INDIVIDUAL,69.62,559.47,594.32,0,260.2,True
Mango,Local,Fruit,Gujarat,Rajkot,Year-Round,9,RESTAURANT,37.35,660.8,738.38,0,740.24,True
Tomato,Hybrid,Vegetable,Maharashtra,Pune,Zaid,1,BUSINESS,31.21,1372.4,1411.14,0,1687.31,True
Rice,Basmati,Cereal,Maharashtra,Mumbai,Rabi,7,INDIVIDUAL,60.29,2426.97,2396.04,0,970.13,True
Green Chilli,Local,Spice,Tamil Nadu,Chennai,Rabi,3,RETAILER,40.71,495.99,501.26,0,433.21,True
Soybean,Local,Oilseed,Maharashtra,Mumbai,Kharif,9,INDIVIDUAL,14.45,801.14,845.24,0,506.79,True
Potato,Local,Vegetable,Punjab,Ludhiana,Kharif,3,WHOLESALER,33.97,1649.16,1737.01,0,2398.9,True
Rice,Basmati,Cereal,Uttar Pradesh,Agra,Rabi,12,INDIVIDUAL,72.22,1888.51,2188.4,0,806.36,True
Rice,Basmati,Cereal,Gujarat,Rajkot,Rabi,4,WHOLESALER,88.47,2466.78,2402.18,1,3653.59,True
Tomato,Desi,Vegetable,Maharashtra,Pune,Rabi,5,BUSINESS,40.2,1618.16,1193.03,0,1688.04,True
Tomato,Desi,Vegetable,Karnataka,Bengaluru,Rabi,6,INDIVIDUAL,43.41,1163.65,1196.44,0,601.92,True
Green Chilli,Local,Spice,Karnataka,Bengaluru,Rabi,6,RETAILER,63.28,786.67,623.25,0,621.9,True
Potato,Local,Vegetable,Tamil Nadu,Chennai,Zaid,5,WHOLESALER,76.17,1850.76,1648.93,0,2408.97,True
Maize,Hybrid,Cereal,Punjab,Ludhiana,Zaid,3,BUSINESS,12.34,886.06,1083.57,0,1729.37,True
Onion,Red,Vegetable,Maharashtra,Nashik,Zaid,9,WHOLESALER,34.75,941.03,1299.5,0,1684.81,True
Maize,Hybrid,Cereal,Tamil Nadu,Chennai,Kharif,6,WHOLESALER,66.32,958.39,1083.96,0,1494.99,True
Rice,Basmati,Cereal,Madhya Pradesh,Indore,Rabi,11,RESTAURANT,31.95,2806.44,2846.74,1,3479.23,True
Onion,Red,Vegetable,Maharashtra,Nashik,Rabi,4,WHOLESALER,57.59,1238.71,1276.57,1,2073.08,True
Wheat,Common,Cereal,Maharashtra,Mumbai,Zaid,11,BUSINESS,68.84,2850.39,2624.1,1,2881.02,True
Wheat,Common,Cereal,Maharashtra,Nashik,Kharif,3,INDIVIDUAL,39.61,2331.36,2386.62,0,992.97,True
Maize,Hybrid,Cereal,Maharashtra,Pune,Zaid,2,BUSINESS,16.93,1158.61,1092.75,0,1277.01,True
Tomato,Desi,Vegetable,Maharashtra,Pune,Zaid,12,INDIVIDUAL,25.73,1233.56,1259.62,0,537.38,True
Green Chilli,Local,Spice,Maharashtra,Nashik,Kharif,5,INDIVIDUAL,56.61,647.32,621.39,0,285.16,True
Mango,Local,Fruit,Gujarat,Rajkot,Rabi,11,WHOLESALER,80.62,838.5,799.58,1,984.94,True
Rice,Common,Cereal,Gujarat,Rajkot,Zaid,1,RETAILER,72.73,1906.78,1985.57,0,1205.44,True
Soybean,Local,Oilseed,Maharashtra,Mumbai,Year-Round,3,BUSINESS,55.72,908.55,966.94,0,814.33,True
Onion,Red,Vegetable,Punjab,Ludhiana,Kharif,7,RETAILER,30.26,1146.45,1080.25,0,1290.86,True
Rice,Basmati,Cereal,Maharashtra,Mumbai,Year-Round,4,BUSINESS,55.14,3051.86,2945.47,1,3965.85,True
Rice,Common,Cereal,Maharashtra,Mumbai,Kharif,8,INDIVIDUAL,16.44,2455.47,2489.4,0,1317.1,True
Soybean,Local,Oilseed,Madhya Pradesh,Indore,Rabi,8,RETAILER,20.77,799.83,820.8,0,892.27,True
Maize,Hybrid,Cereal,Tamil Nadu,Chennai,Year-Round,11,WHOLESALER,88.11,1354.53,1094.31,1,1571.94,True
Tomato,Desi,Vegetable,Karnataka,Bengaluru,Zaid,11,RESTAURANT,35.57,1278.01,1292.88,1,1648.21,True
Onion,Red,Vegetable,Madhya Pradesh,Indore,Year-Round,12,WHOLESALER,44.86,1192.08,1205.06,0,1767.86,True
Groundnut,Local,Oilseed,Uttar Pradesh,Agra,Rabi,10,INDIVIDUAL,35.41,710.49,776.73,1,423.93,True
Rice,Common,Cereal,Karnataka,Bengaluru,Year-Round,10,RETAILER,24.28,2310.31,2920.32,1,3559.12,True
Maize,Hybrid,Cereal,Karnataka,Bengaluru,Kharif,5,RESTAURANT,21.61,1164.55,1222.11,0,1671.92,True
Green Chilli,Local,Spice,Tamil Nadu,Chennai,Year-Round,4,WHOLESALER,53.91,577.33,594.7,1,1023.65,True
Tomato,Hybrid,Vegetable,Madhya Pradesh,Indore,Rabi,8,BUSINESS,89.62,1429.0,1651.25,0,1608.23,True
Maize,Hybrid,Cereal,Uttar Pradesh,Agra,Year-Round,11,BUSINESS,15.08,966.87,1092.77,1,1976.52,True
Rice,Basmati,Cereal,Tamil Nadu,Chennai,Zaid,5,INDIVIDUAL,60.16,2262.18,2185.08,0,779.4,True
Tomato,Desi,Vegetable,Maharashtra,Mumbai,Rabi,12,RESTAURANT,76.16,1054.25,1194.17,0,1110.26,True
Rice,Basmati,Cereal,Tamil Nadu,Chennai,Year-Round,12,WHOLESALER,61.84,2996.34,2780.25,0,3355.89,True
Tomato,Hybrid,Vegetable,Maharashtra,Mumbai,Kharif,10,BUSINESS,42.41,1796.56,1518.56,1,1938.05,True
Tomato,Desi,Vegetable,Maharashtra,Nashik,Year-Round,6,RETAILER,37.32,1304.25,1446.53,0,1678.36,True
Onion,Red,Vegetable,Maharashtra,Nashik,Year-Round,7,WHOLESALER,73.01,1212.62,1198.76,0,1629.83,True
Wheat,Common,Cereal,Punjab,Ludhiana,Rabi,10,WHOLESALER,69.3,2635.04,2446.48,1,3282.17,True
Wheat,Common,Cereal,Punjab,Ludhiana,Zaid,11,INDIVIDUAL,60.07,2595.93,2515.59,1,1148.47,True
Rice,Common,Cereal,Punjab,Ludhiana,Rabi,2,INDIVIDUAL,74.69,2530.57,2410.55,0,813.72,True
Mango,Local,Fruit,Maharashtra,Nashik,Year-Round,10,RETAILER,82.85,1085.43,862.23,1,753.33,True
Potato,Local,Vegetable,Maharashtra,Pune,Kharif,4,RETAILER,61.49,1636.31,1506.2,1,1569.1,True
Green Chilli,Local,Spice,Tamil Nadu,Chennai,Zaid,7,BUSINESS,77.99,543.39,539.58,0,479.82,True
Green Chilli,Local,Spice,Gujarat,Rajkot,Kharif,10,RESTAURANT,50.66,603.08,565.83,1,728.2,True
Groundnut,Local,Oilseed,Karnataka,Bengaluru,Rabi,5,RETAILER,26.58,929.64,802.25,0,964.05,True
Mango,Local,Fruit,Punjab,Ludhiana,Kharif,6,BUSINESS,38.88,636.59,847.56,0,1215.47,True
Onion,Red,Vegetable,Maharashtra,Pune,Kharif,7,WHOLESALER,70.49,1841.75,1516.81,0,1854.74,True
Potato,Local,Vegetable,Maharashtra,Nashik,Year-Round,8,BUSINESS,83.45,1406.47,1520.95,0,1499.82,True
Mango,Local,Fruit,Maharashtra,Nashik,Rabi,12,RETAILER,41.22,787.6,791.62,0,698.31,True
Tomato,Hybrid,Vegetable,Maharashtra,Pune,Year-Round,6,RESTAURANT,16.42,1827.16,1722.03,0,2377.55,True
Soybean,Local,Oilseed,Punjab,Ludhiana,Rabi,1,RESTAURANT,49.57,842.75,781.9,0,738.56,True
Tomato,Desi,Vegetable,Tamil Nadu,Chennai,Year-Round,5,RESTAURANT,52.82,1619.36,1349.3,0,1359.22,True
Soybean,Local,Oilseed,Uttar Pradesh,Agra,Zaid,10,INDIVIDUAL,49.06,811.83,829.82,1,427.17,True
Rice,Basmati,Cereal,Karnataka,Bengaluru,Rabi,4,BUSINESS,35.61,2853.89,2521.71,1,3593.19,True
Tomato,Hybrid,Vegetable,Uttar Pradesh,Agra,Kharif,10,WHOLESALER,59.42,1399.82,1382.11,1,1650.37,True
Rice,Basmati,Cereal,Maharashtra,Nashik,Zaid,11,BUSINESS,68.83,2422.83,2825.5,1,2955.86,True
Tomato,Desi,Vegetable,Uttar Pradesh,Agra,Zaid,4,RETAILER,31.22,1202.63,1193.74,1,1480.02,True
Tomato,Hybrid,Vegetable,Tamil Nadu,Chennai,Kharif,5,WHOLESALER,74.86,1194.95,1368.41,0,1914.35,True
Rice,Common,Cereal,Uttar Pradesh,Agra,Zaid,5,BUSINESS,17.53,3244.21,2872.59,0,4665.78,True
Green Chilli,Local,Spice,Gujarat,Rajkot,Year-Round,12,BUSINESS,78.89,647.59,588.78,0,538.12,True
Onion,Red,Vegetable,Punjab,Ludhiana,Zaid,11,WHOLESALER,83.79,1204.04,1432.42,1,1955.3,True
Potato,Local,Vegetable,Maharashtra,Mumbai,Year-Round,5,RESTAURANT,57.87,1323.12,1523.51,0,1682.97,True
Mango,Local,Fruit,Madhya Pradesh,Indore,Year-Round,7,WHOLESALER,41.48,948.22,1003.96,0,1605.85,True
Potato,Local,Vegetable,Maharashtra,Nashik,Rabi,3,RESTAURANT,49.8,1891.27,1762.46,0,1563.43,True
Onion,Red,Vegetable,Maharashtra,Pune,Rabi,4,RESTAURANT,88.98,1483.37,1549.75,1,1568.26,True
Maize,Hybrid,Cereal,Maharashtra,Nashik,Rabi,12,RESTAURANT,64.5,921.56,1096.63,0,955.39,True
Rice,Basmati,Cereal,Karnataka,Bengaluru,Kharif,5,INDIVIDUAL,82.63,2127.13,1942.72,0,748.15,True
Tomato,Hybrid,Vegetable,Maharashtra,Pune,Zaid,12,RETAILER,56.91,1214.72,1477.46,0,1413.14,True
Rice,Basmati,Cereal,Gujarat,Rajkot,Year-Round,6,RETAILER,20.7,2459.67,2317.79,0,2828.53,True
Groundnut,Local,Oilseed,Karnataka,Bengaluru,Zaid,12,BUSINESS,87.03,1227.55,1080.54,0,1067.02,True
Soybean,Local,Oilseed,Maharashtra,Nashik,Zaid,10,BUSINESS,87.95,712.72,997.85,1,1024.84,True
Mango,Local,Fruit,Uttar Pradesh,Agra,Kharif,7,WHOLESALER,71.17,1036.42,964.12,0,1290.9,True
Maize,Hybrid,Cereal,Madhya Pradesh,Indore,Kharif,2,RETAILER,52.85,1169.78,1100.94,0,847.96,True
Potato,Local,Vegetable,Gujarat,Rajkot,Year-Round,9,RESTAURANT,75.62,2134.7,1940.67,0,1783.66,True
Tomato,Desi,Vegetable,Gujarat,Rajkot,Zaid,8,RESTAURANT,42.86,1218.74,1302.91,0,1379.91,True
Groundnut,Local,Oilseed,Punjab,Ludhiana,Kharif,7,RETAILER,52.89,856.13,915.0,0,803.33,True
Onion,Red,Vegetable,Tamil Nadu,Chennai,Zaid,6,RETAILER,61.9,1482.9,1430.16,0,1542.52,True
Potato,Local,Vegetable,Karnataka,Bengaluru,Year-Round,3,INDIVIDUAL,60.9,2177.01,2022.39,0,840.83,True
Rice,Basmati,Cereal,Maharashtra,Mumbai,Zaid,10,RESTAURANT,61.21,2164.93,2330.19,1,2461.32,True
Soybean,Local,Oilseed,Madhya Pradesh,Indore,Year-Round,6,RETAILER,44.28,849.93,801.6,0,738.86,True
Mango,Local,Fruit,Tamil Nadu,Chennai,Year-Round,10,RESTAURANT,86.13,866.14,751.53,1,768.92,True
Potato,Local,Vegetable,Maharashtra,Mumbai,Year-Round,3,RETAILER,50.36,2253.84,1884.11,0,1470.25,True
Tomato,Hybrid,Vegetable,Maharashtra,Mumbai,Kharif,4,BUSINESS,73.53,1484.58,1432.93,1,1792.09,True
Rice,Basmati,Cereal,Tamil Nadu,Chennai,Year-Round,7,BUSINESS,77.94,1166.43,2253.07,0,2201.45,True
Tomato,Hybrid,Vegetable,Madhya Pradesh,Indore,Kharif,8,RESTAURANT,59.22,1248.67,1444.18,0,1483.92,True
Maize,Hybrid,Cereal,Karnataka,Bengaluru,Zaid,9,BUSINESS,13.93,1087.49,1034.04,0,1648.04,True
Groundnut,Local,Oilseed,Gujarat,Rajkot,Year-Round,2,RESTAURANT,42.78,909.03,926.57,0,963.94,True
Mango,Local,Fruit,Maharashtra,Nashik,Rabi,1,BUSINESS,59.92,811.09,951.01,0,911.88,True
Rice,Common,Cereal,Maharashtra,Nashik,Year-Round,11,BUSINESS,68.07,2527.55,2587.24,1,2738.87,True
Groundnut,Local,Oilseed,Karnataka,Bengaluru,Zaid,1,WHOLESALER,57.0,773.65,821.02,0,892.09,True
Rice,Basmati,Cereal,Tamil Nadu,Chennai,Year-Round,2,RETAILER,34.65,2323.94,2358.27,0,1788.03,True
Potato,Local,Vegetable,Punjab,Ludhiana,Kharif,6,RESTAURANT,17.95,2226.68,1722.22,0,2483.25,True
Mango,Local,Fruit,Maharashtra,Pune,Year-Round,3,RETAILER,84.31,801.49,894.35,0,594.17,True
Tomato,Hybrid,Vegetable,Uttar Pradesh,Agra,Year-Round,2,WHOLESALER,71.48,1732.22,1617.9,0,1726.99,True
Mango,Local,Fruit,Karnataka,Bengaluru,Kharif,12,INDIVIDUAL,36.98,747.67,916.85,0,394.6,True
Onion,Red,Vegetable,Maharashtra,Pune,Rabi,2,RESTAURANT,27.39,1568.08,1368.42,0,1483.15,True
Rice,Basmati,Cereal,Maharashtra,Mumbai,Zaid,11,WHOLESALER,50.17,2424.71,2565.95,1,3640.77,True
Tomato,Desi,Vegetable,Maharashtra,Mumbai,Kharif,6,INDIVIDUAL,53.21,1315.63,1223.78,0,486.81,True
Tomato,Hybrid,Vegetable,Punjab,Ludhiana,Rabi,3,WHOLESALER,28.0,1430.99,1525.41,0,2342.78,True
Mango,Local,Fruit,Maharashtra,Pune,Zaid,11,RESTAURANT,82.85,599.91,661.58,1,584.3,True
Rice,Common,Cereal,Maharashtra,Pune,Year-Round,6,INDIVIDUAL,59.82,1944.04,2076.1,0,921.89,True
Wheat,Common,Cereal,Madhya Pradesh,Indore,Rabi,7,BUSINESS,36.2,3113.45,3037.14,0,4103.21,True
Mango,Local,Fruit,Tamil Nadu,Chennai,Kharif,12,BUSINESS,38.69,774.19,755.84,0,782.6,True
Rice,Basmati,Cereal,Karnataka,Bengaluru,Kharif,10,INDIVIDUAL,41.09,2461.31,2451.35,1,1201.1,True
Potato,Local,Vegetable,Maharashtra,Nashik,Rabi,5,BUSINESS,27.91,1773.76,1767.3,0,2287.04,True
Green Chilli,Local,Spice,Gujarat,Rajkot,Year-Round,10,BUSINESS,17.29,618.68,584.21,1,1045.62,True
Rice,Basmati,Cereal,Karnataka,Bengaluru,Kharif,9,RESTAURANT,58.21,2510.44,2575.21,0,2398.03,True
Tomato,Desi,Vegetable,Maharashtra,Mumbai,Rabi,5,BUSINESS,82.44,1176.96,1275.84,0,1309.85,True
Wheat,Common,Cereal,Gujarat,Rajkot,Rabi,1,RETAILER,81.97,2381.8,2373.33,0,1668.02,True
Rice,Common,Cereal,Tamil Nadu,Chennai,Zaid,1,RETAILER,76.51,1964.66,2486.17,0,1616.02,True
Tomato,Desi,Vegetable,Maharashtra,Pune,Year-Round,1,RESTAURANT,67.93,1192.63,1182.15,0,965.02,True
Rice,Common,Cereal,Madhya Pradesh,Indore,Zaid,12,RESTAURANT,55.75,2182.2,2508.87,0,2464.81,True
Rice,Common,Cereal,Madhya Pradesh,Indore,Zaid,4,INDIVIDUAL,58.1,1897.62,2646.67,1,1509.96,True
Tomato,Desi,Vegetable,Madhya Pradesh,Indore,Rabi,10,WHOLESALER,87.65,1341.39,1444.36,1,1942.51,True
Tomato,Hybrid,Vegetable,Karnataka,Bengaluru,Year-Round,11,WHOLESALER,40.24,1498.68,1653.62,1,2534.02,True
Tomato,Desi,Vegetable,Maharashtra,Pune,Kharif,1,INDIVIDUAL,40.31,1386.84,1359.18,0,425.85,True
Rice,Common,Cereal,Punjab,Ludhiana,Year-Round,11,RESTAURANT,63.6,2564.33,2417.35,1,2400.52,True
Tomato,Hybrid,Vegetable,Maharashtra,Pune,Year-Round,8,RESTAURANT,88.36,1319.17,1404.58,0,1142.35,True
Maize,Hybrid,Cereal,Karnataka,Bengaluru,Rabi,7,WHOLESALER,41.25,901.08,1048.8,0,1555.91,True
Tomato,Desi,Vegetable,Punjab,Ludhiana,Rabi,11,INDIVIDUAL,68.88,1232.34,1286.71,1,483.01,True
Potato,Local,Vegetable,Madhya Pradesh,Indore,Year-Round,9,INDIVIDUAL,39.22,1830.28,1783.74,0,764.24,True
Tomato,Hybrid,Vegetable,Maharashtra,Pune,Year-Round,3,RESTAURANT,50.79,1933.63,1607.57,0,1350.99,True
Tomato,Desi,Vegetable,Gujarat,Rajkot,Year-Round,6,BUSINESS,70.02,981.37,1263.94,0,1389.31,True
Rice,Basmati,Cereal,Maharashtra,Pune,Year-Round,11,BUSINESS,62.64,2519.09,2590.0,1,3060.82,True
Soybean,Local,Oilseed,Karnataka,Bengaluru,Year-Round,12,WHOLESALER,28.63,1005.29,881.18,0,1394.24,True
Tomato,Desi,Vegetable,Uttar Pradesh,Agra,Zaid,2,RETAILER,31.19,1513.45,1355.31,0,1188.72,True
Tomato,Desi,Vegetable,Madhya Pradesh,Indore,Zaid,2,RETAILER,47.05,1013.01,1341.05,0,960.55,True
Maize,Hybrid,Cereal,Karnataka,Bengaluru,Zaid,9,RESTAURANT,19.54,1157.12,1101.16,0,1579.8,True
Rice,Basmati,Cereal,Karnataka,Bengaluru,Year-Round,8,BUSINESS,42.2,3183.03,2778.01,0,3539.05,True
Onion,Red,Vegetable,Uttar Pradesh,Agra,Rabi,1,WHOLESALER,78.59,1673.44,1480.9,0,1624.68,True
Mango,Local,Fruit,Tamil Nadu,Chennai,Year-Round,11,INDIVIDUAL,49.71,659.44,637.16,1,357.93,True
Rice,Common,Cereal,Uttar Pradesh,Agra,Zaid,5,BUSINESS,66.24,2100.33,2380.0,0,2385.16,True
Mango,Local,Fruit,Tamil Nadu,Chennai,Year-Round,9,WHOLESALER,56.19,784.15,835.01,0,1034.63,True
Mango,Local,Fruit,Maharashtra,Nashik,Rabi,9,BUSINESS,14.57,950.63,820.85,0,1313.23,True
Rice,Basmati,Cereal,Karnataka,Bengaluru,Kharif,2,RESTAURANT,55.24,2045.71,2514.44,0,2345.31,True
Onion,Red,Vegetable,Punjab,Ludhiana,Year-Round,3,BUSINESS,35.74,1283.69,1299.81,0,1521.34,True
Onion,Red,Vegetable,Tamil Nadu,Chennai,Year-Round,1,BUSINESS,76.09,1178.11,1477.51,0,1269.25,True
Tomato,Desi,Vegetable,Maharashtra,Pune,Kharif,7,WHOLESALER,62.32,1600.38,1600.67,0,2112.93,True
Onion,Red,Vegetable,Madhya Pradesh,Indore,Year-Round,3,RESTAURANT,14.72,1261.02,1300.37,0,1698.07,True
Soybean,Local,Oilseed,Maharashtra,Mumbai,Year-Round,11,WHOLESALER,82.37,1012.1,843.32,1,1064.14,True
Potato,Local,Vegetable,Maharashtra,Mumbai,Year-Round,8,INDIVIDUAL,29.38,1854.76,1714.84,0,928.12,True
Rice,Common,Cereal,Karnataka,Bengaluru,Year-Round,5,RETAILER,28.17,2753.76,2641.4,0,2925.41,True
Green Chilli,Local,Spice,Punjab,Ludhiana,Rabi,11,RESTAURANT,20.76,640.41,588.62,1,861.45,True
Mango,Local,Fruit,Punjab,Ludhiana,Zaid,1,INDIVIDUAL,40.96,687.93,801.54,0,329.04,True
Tomato,Desi,Vegetable,Gujarat,Rajkot,Zaid,11,INDIVIDUAL,76.86,1537.49,1299.04,1,567.31,True
Rice,Common,Cereal,Maharashtra,Nashik,Rabi,5,BUSINESS,15.09,2742.26,2626.21,0,4356.52,True
Rice,Basmati,Cereal,Maharashtra,Mumbai,Zaid,5,RESTAURANT,45.8,2391.96,2421.76,0,2797.15,True
Rice,Basmati,Cereal,Maharashtra,Pune,Zaid,3,INDIVIDUAL,66.49,1742.8,2407.22,0,908.67,True
Rice,Common,Cereal,Uttar Pradesh,Agra,Zaid,6,BUSINESS,28.61,2503.87,2335.81,0,3188.64,True
Groundnut,Local,Oilseed,Karnataka,Bengaluru,Zaid,5,WHOLESALER,21.18,655.24,715.23,0,1302.79,True
Tomato,Desi,Vegetable,Maharashtra,Nashik,Kharif,12,BUSINESS,19.66,1621.67,1338.27,0,2329.16,True
Green Chilli,Local,Spice,Maharashtra,Nashik,Year-Round,10,RETAILER,70.56,545.66,620.73,1,578.08,True
Potato,Local,Vegetable,Maharashtra,Pune,Rabi,4,WHOLESALER,30.63,1529.29,1708.95,1,3232.18,True
Rice,Basmati,Cereal,Maharashtra,Pune,Year-Round,5,RESTAURANT,18.03,2700.03,2531.81,0,3674.96,True
Wheat,Common,Cereal,Maharashtra,Nashik,Zaid,1,RESTAURANT,13.25,2733.81,2599.7,0,4129.58,True
Soybean,Local,Oilseed,Maharashtra,Nashik,Rabi,9,WHOLESALER,69.73,900.61,1031.02,0,1288.57,True
Rice,Common,Cereal,Uttar Pradesh,Agra,Rabi,7,WHOLESALER,69.15,2408.47,2594.16,0,3258.99,True
Soybean,Local,Oilseed,Maharashtra,Pune,Zaid,1,BUSINESS,50.93,1237.24,1073.84,0,1140.0,True
Rice,Common,Cereal,Maharashtra,Nashik,Rabi,4,RESTAURANT,45.09,3306.11,2901.13,1,3952.54,True
Tomato,Hybrid,Vegetable,Maharashtra,Pune,Zaid,11,BUSINESS,70.2,1386.2,1455.99,1,1429.24,True
Mango,Local,Fruit,Madhya Pradesh,Indore,Year-Round,4,RESTAURANT,45.81,722.7,695.64,1,944.92,True
Wheat,Common,Cereal,Maharashtra,Pune,Rabi,10,WHOLESALER,30.99,2729.01,2438.03,1,4686.4,True
Soybean,Local,Oilseed,Maharashtra,Nashik,Rabi,1,WHOLESALER,49.22,1171.15,976.38,0,1165.88,True
Mango,Local,Fruit,Maharashtra,Mumbai,Rabi,10,RESTAURANT,81.4,840.87,922.9,1,949.02,True
Tomato,Desi,Vegetable,Maharashtra,Nashik,Rabi,7,RETAILER,57.62,1440.1,1366.4,0,1171.81,True
Soybean,Local,Oilseed,Punjab,Ludhiana,Zaid,2,RETAILER,33.03,975.62,883.85,0,811.77,True
Green Chilli,Local,Spice,Gujarat,Rajkot,Year-Round,6,INDIVIDUAL,32.55,763.24,688.28,0,395.77,True
Green Chilli,Local,Spice,Maharashtra,Nashik,Rabi,12,INDIVIDUAL,63.41,661.31,707.98,0,245.91,True
Rice,Common,Cereal,Karnataka,Bengaluru,Rabi,5,BUSINESS,24.1,2456.78,2677.01,0,3481.44,True
Soybean,Local,Oilseed,Punjab,Ludhiana,Year-Round,11,RETAILER,15.34,1131.65,940.9,1,1226.19,True
Potato,Local,Vegetable,Maharashtra,Pune,Kharif,1,BUSINESS,62.78,1590.85,1724.83,0,1568.64,True
Tomato,Hybrid,Vegetable,Karnataka,Bengaluru,Zaid,2,WHOLESALER,38.68,1301.77,1367.89,0,1583.61,True
Green Chilli,Local,Spice,Maharashtra,Nashik,Zaid,4,BUSINESS,49.13,565.13,617.25,1,949.05,True
Maize,Hybrid,Cereal,Maharashtra,Pune,Kharif,4,BUSINESS,23.6,968.28,973.41,1,1624.96,True
Onion,Red,Vegetable,Uttar Pradesh,Agra,Year-Round,9,WHOLESALER,17.13,1502.96,1378.25,0,2567.06,True
Maize,Hybrid,Cereal,Maharashtra,Mumbai,Kharif,12,BUSINESS,48.78,867.5,1019.5,0,1054.49,True
Maize,Hybrid,Cereal,Uttar Pradesh,Agra,Zaid,5,INDIVIDUAL,39.41,919.63,1034.37,0,508.67,True
Tomato,Desi,Vegetable,Maharashtra,Mumbai,Year-Round,1,WHOLESALER,14.05,1258.73,1245.27,0,2248.98,True
Wheat,Common,Cereal,Maharashtra,Mumbai,Year-Round,3,RETAILER,66.11,2103.21,2198.15,0,1640.59,True
Onion,Red,Vegetable,Madhya Pradesh,Indore,Rabi,7,RETAILER,17.66,1365.93,1401.75,0,2028.1,True
Wheat,Common,Cereal,Maharashtra,Nashik,Kharif,9,INDIVIDUAL,17.06,2021.93,2310.1,0,1230.67,True
Maize,Hybrid,Cereal,Tamil Nadu,Chennai,Year-Round,4,RESTAURANT,59.54,1058.39,1065.0,1,1263.97,True
Groundnut,Local,Oilseed,Tamil Nadu,Chennai,Zaid,8,BUSINESS,40.08,980.9,943.35,0,1214.68,True
Green Chilli,Local,Spice,Uttar Pradesh,Agra,Zaid,3,RETAILER,80.16,475.64,474.96,0,377.23,True
Maize,Hybrid,Cereal,Gujarat,Rajkot,Rabi,4,WHOLESALER,12.62,1080.83,1066.61,1,2421.76,True
Tomato,Hybrid,Vegetable,Maharashtra,Pune,Zaid,11,RESTAURANT,84.88,1226.9,1379.54,1,1503.35,True
Wheat,Common,Cereal,Gujarat,Rajkot,Year-Round,9,WHOLESALER,22.92,2402.32,2629.43,0,4185.36,True
Green Chilli,Local,Spice,Karnataka,Bengaluru,Rabi,5,WHOLESALER,43.74,552.56,558.72,0,813.42,True
Soybean,Local,Oilseed,Maharashtra,Pune,Rabi,4,WHOLESALER,66.22,793.29,853.02,1,1428.02,True
Groundnut,Local,Oilseed,Maharashtra,Pune,Zaid,5,WHOLESALER,73.57,839.15,767.46,0,1090.33,True
Onion,Red,Vegetable,Tamil Nadu,Chennai,Year-Round,7,RETAILER,86.26,1391.32,1584.96,0,1202.01,True
Mango,Local,Fruit,Uttar Pradesh,Agra,Zaid,6,WHOLESALER,60.39,583.86,707.2,0,1027.68,True
Tomato,Desi,Vegetable,Punjab,Ludhiana,Year-Round,11,WHOLESALER,15.2,1590.0,1560.38,1,3671.11,True
Onion,Red,Vegetable,Maharashtra,Nashik,Year-Round,9,WHOLESALER,55.17,1360.05,1433.21,0,2012.42,True
Maize,Hybrid,Cereal,Maharashtra,Mumbai,Zaid,9,WHOLESALER,82.57,1076.41,1215.29,0,1364.55,True
Soybean,Local,Oilseed,Maharashtra,Pune,Rabi,10,WHOLESALER,68.78,1008.82,956.43,1,1409.08,True
Green Chilli,Local,Spice,Punjab,Ludhiana,Kharif,6,BUSINESS,24.74,546.92,572.31,0,915.09,True
Mango,Local,Fruit,Tamil Nadu,Chennai,Kharif,7,RETAILER,67.22,784.45,792.16,0,718.73,True
Rice,Common,Cereal,Maharashtra,Mumbai,Kharif,8,RETAILER,23.43,2520.11,2747.68,0,3313.69,True
Maize,Hybrid,Cereal,Tamil Nadu,Chennai,Kharif,7,BUSINESS,57.23,1105.85,946.15,0,1093.89,True
Soybean,Local,Oilseed,Maharashtra,Nashik,Zaid,3,INDIVIDUAL,45.01,1196.46,1115.25,0,454.53,True
Tomato,Desi,Vegetable,Uttar Pradesh,Agra,Rabi,5,INDIVIDUAL,27.64,1237.19,1416.4,0,755.7,True
Soybean,Local,Oilseed,Punjab,Ludhiana,Year-Round,6,INDIVIDUAL,48.03,883.34,960.6,0,528.48,True
Tomato,Desi,Vegetable,Maharashtra,Mumbai,Year-Round,2,WHOLESALER,15.83,1318.4,1254.26,0,1889.67,True
Green Chilli,Local,Spice,Maharashtra,Pune,Rabi,12,RETAILER,18.12,547.99,614.46,0,777.31,True
Rice,Common,Cereal,Punjab,Ludhiana,Zaid,9,WHOLESALER,30.51,2666.69,2656.39,0,3881.46,True
Tomato,Desi,Vegetable,Maharashtra,Mumbai,Zaid,8,RETAILER,89.25,1082.26,1207.86,0,944.16,True
Onion,Red,Vegetable,Maharashtra,Nashik,Kharif,11,INDIVIDUAL,71.44,1804.69,1464.41,1,635.8,True
Onion,Red,Vegetable,Punjab,Ludhiana,Rabi,11,RESTAURANT,28.76,1660.74,1554.42,1,2076.92,True
Tomato,Hybrid,Vegetable,Punjab,Ludhiana,Rabi,2,BUSINESS,86.11,1862.05,1513.88,0,1229.36,True
Maize,Hybrid,Cereal,Uttar Pradesh,Agra,Year-Round,6,WHOLESALER,89.9,1100.18,1082.69,0,1403.18,True
Wheat,Common,Cereal,Gujarat,Rajkot,Year-Round,10,RETAILER,24.3,2502.74,2545.1,1,2960.68,True
Green Chilli,Local,Spice,Maharashtra,Nashik,Kharif,6,WHOLESALER,22.96,617.83,574.14,0,1121.87,True
Soybean,Local,Oilseed,Karnataka,Bengaluru,Year-Round,4,RESTAURANT,72.36,977.9,917.01,1,1059.61,True
Green Chilli,Local,Spice,Madhya Pradesh,Indore,Kharif,12,RETAILER,54.23,650.0,683.85,0,671.41,True
Tomato,Hybrid,Vegetable,Maharashtra,Mumbai,Rabi,9,INDIVIDUAL,45.75,1749.12,1421.69,0,521.01,True
Rice,Basmati,Cereal,Maharashtra,Nashik,Year-Round,2,RESTAURANT,39.66,2077.17,2236.63,0,2068.62,True
Mango,Local,Fruit,Punjab,Ludhiana,Kharif,6,INDIVIDUAL,37.76,1012.31,859.18,0,473.47,True
Mango,Local,Fruit,Karnataka,Bengaluru,Rabi,12,RESTAURANT,50.41,820.04,840.15,0,842.6,True
Green Chilli,Local,Spice,Tamil Nadu,Chennai,Kharif,3,WHOLESALER,26.44,614.57,677.63,0,1047.11,True
Soybean,Local,Oilseed,Maharashtra,Mumbai,Rabi,3,INDIVIDUAL,76.31,950.38,875.66,0,313.51,True
Groundnut,Local,Oilseed,Karnataka,Bengaluru,Kharif,7,INDIVIDUAL,87.74,821.61,837.95,0,328.42,True
Groundnut,Local,Oilseed,Maharashtra,Pune,Zaid,10,RESTAURANT,85.59,670.93,749.23,1,703.81,True
Soybean,Local,Oilseed,Maharashtra,Nashik,Year-Round,10,WHOLESALER,24.59,1119.84,1047.92,1,1994.52,True
Tomato,Hybrid,Vegetable,Maharashtra,Nashik,Year-Round,4,RETAILER,29.93,1450.94,1555.23,1,2184.38,True
Onion,Red,Vegetable,Maharashtra,Pune,Zaid,3,RETAILER,67.71,1236.34,1317.58,0,1105.48,True
Wheat,Common,Cereal,Madhya Pradesh,Indore,Zaid,12,INDIVIDUAL,48.79,1720.52,2095.5,0,817.97,True
Rice,Common,Cereal,Tamil Nadu,Chennai,Rabi,9,INDIVIDUAL,54.57,2257.85,2934.81,0,1275.66,True
Tomato,Hybrid,Vegetable,Gujarat,Rajkot,Year-Round,1,BUSINESS,48.54,1754.59,1706.17,0,1541.67,True
Maize,Hybrid,Cereal,Uttar Pradesh,Agra,Year-Round,2,WHOLESALER,34.81,1078.74,1143.77,0,1511.05,True
Green Chilli,Local,Spice,Madhya Pradesh,Indore,Kharif,2,RETAILER,20.03,474.79,486.04,0,437.59,True
Onion,Red,Vegetable,Punjab,Ludhiana,Zaid,5,RETAILER,21.29,1180.31,1333.7,0,1626.39,True
Rice,Common,Cereal,Tamil Nadu,Chennai,Year-Round,8,RESTAURANT,32.03,2844.73,2625.82,0,3156.57,True
Tomato,Desi,Vegetable,Uttar Pradesh,Agra,Kharif,2,WHOLESALER,52.3,1203.16,1225.12,0,1507.81,True
Groundnut,Local,Oilseed,Uttar Pradesh,Agra,Rabi,5,RESTAURANT,43.02,813.02,829.94,0,971.27,True
Onion,Red,Vegetable,Madhya Pradesh,Indore,Kharif,6,BUSINESS,28.45,1471.37,1563.41,0,2401.84,True
Wheat,Common,Cereal,Tamil Nadu,Chennai,Zaid,1,RETAILER,63.38,2662.6,2316.38,0,1667.62,True
Rice,Common,Cereal,Maharashtra,Pune,Zaid,1,INDIVIDUAL,22.44,2833.29,2487.63,0,1168.14,True
Potato,Local,Vegetable,Maharashtra,Nashik,Year-Round,9,BUSINESS,87.23,1875.66,1805.1,0,1724.47,True
Soybean,Local,Oilseed,Punjab,Ludhiana,Zaid,6,BUSINESS,42.75,700.31,874.24,0,976.94,True
Tomato,Desi,Vegetable,Maharashtra,Pune,Year-Round,1,BUSINESS,17.28,1692.46,1534.24,0,2110.66,True
Tomato,Hybrid,Vegetable,Punjab,Ludhiana,Zaid,4,BUSINESS,20.99,1251.0,1368.13,1,2560.33,True
Onion,Red,Vegetable,Uttar Pradesh,Agra,Zaid,9,RETAILER,43.3,1131.97,1309.56,0,1123.18,True
Groundnut,Local,Oilseed,Maharashtra,Mumbai,Zaid,6,RETAILER,69.24,746.98,731.06,0,581.69,True
Maize,Hybrid,Cereal,Gujarat,Rajkot,Rabi,8,WHOLESALER,23.6,1006.58,1118.22,0,2026.41,True
Groundnut,Local,Oilseed,Uttar Pradesh,Agra,Kharif,11,RESTAURANT,37.02,753.95,832.69,1,892.76,True
Groundnut,Local,Oilseed,Maharashtra,Pune,Year-Round,5,RETAILER,30.51,1005.81,956.41,0,939.96,True
Mango,Local,Fruit,Gujarat,Rajkot,Year-Round,5,INDIVIDUAL,55.31,832.76,784.24,0,336.04,True
Maize,Hybrid,Cereal,Gujarat,Rajkot,Rabi,11,RESTAURANT,53.86,1212.75,1131.3,1,1222.98,True
Maize,Hybrid,Cereal,Gujarat,Rajkot,Rabi,11,RESTAURANT,33.28,1420.72,1296.31,1,1859.16,True
Wheat,Common,Cereal,Tamil Nadu,Chennai,Rabi,9,RESTAURANT,75.15,2654.26,2669.98,0,2405.0,True
Onion,Red,Vegetable,Gujarat,Rajkot,Kharif,10,RETAILER,73.96,1434.93,1456.88,1,1286.99,True
Onion,Red,Vegetable,Karnataka,Bengaluru,Rabi,7,INDIVIDUAL,56.66,1159.7,1313.37,0,570.64,True
Wheat,Common,Cereal,Karnataka,Bengaluru,Year-Round,6,RESTAURANT,45.19,1548.62,2068.08,0,2715.4,True
Green Chilli,Local,Spice,Karnataka,Bengaluru,Kharif,1,INDIVIDUAL,66.47,754.53,630.68,0,211.22,True
Maize,Hybrid,Cereal,Maharashtra,Mumbai,Year-Round,2,BUSINESS,59.38,1019.23,1038.12,0,867.43,True
Mango,Local,Fruit,Tamil Nadu,Chennai,Rabi,12,BUSINESS,44.75,869.7,896.55,0,1043.3,True
Groundnut,Local,Oilseed,Punjab,Ludhiana,Year-Round,5,INDIVIDUAL,56.77,734.12,820.51,0,398.68,True
Green Chilli,Local,Spice,Punjab,Ludhiana,Kharif,8,RETAILER,36.49,616.82,744.7,0,738.46,True
Tomato,Desi,Vegetable,Karnataka,Bengaluru,Zaid,12,WHOLESALER,60.58,1151.52,1256.48,0,1388.04,True
Groundnut,Local,Oilseed,Maharashtra,Pune,Zaid,2,WHOLESALER,19.44,906.49,826.2,0,1270.92,True
Rice,Basmati,Cereal,Tamil Nadu,Chennai,Year-Round,8,INDIVIDUAL,71.53,2424.34,2098.65,0,843.88,True
Tomato,Desi,Vegetable,Karnataka,Bengaluru,Kharif,2,WHOLESALER,50.62,901.79,1176.4,0,1212.02,True
Tomato,Hybrid,Vegetable,Punjab,Ludhiana,Year-Round,7,RETAILER,80.19,1527.69,1456.63,0,1179.92,True
Wheat,Common,Cereal,Uttar Pradesh,Agra,Year-Round,5,INDIVIDUAL,50.71,2803.76,2577.77,0,1344.41,True
Wheat,Common,Cereal,Maharashtra,Pune,Rabi,3,INDIVIDUAL,82.81,2009.15,2169.37,0,692.51,True
Green Chilli,Local,Spice,Madhya Pradesh,Indore,Kharif,2,BUSINESS,46.29,706.28,702.64,0,714.65,True
Onion,Red,Vegetable,Maharashtra,Mumbai,Year-Round,4,RETAILER,84.13,1066.91,1289.49,1,1132.74,True
Tomato,Desi,Vegetable,Uttar Pradesh,Agra,Zaid,1,RESTAURANT,20.81,1708.82,1455.5,0,1618.15,True
Tomato,Hybrid,Vegetable,Maharashtra,Nashik,Year-Round,8,RESTAURANT,55.73,1764.34,1612.73,0,1559.58,True
Onion,Red,Vegetable,Karnataka,Bengaluru,Zaid,10,INDIVIDUAL,39.68,1773.14,1672.63,1,827.54,True
Mango,Local,Fruit,Maharashtra,Mumbai,Year-Round,1,INDIVIDUAL,28.74,993.02,965.35,0,416.17,True
Potato,Local,Vegetable,Tamil Nadu,Chennai,Rabi,6,BUSINESS,38.95,1979.7,1922.32,0,2342.35,True
Maize,Hybrid,Cereal,Punjab,Ludhiana,Kharif,8,RESTAURANT,49.93,1302.48,1195.79,0,1185.59,True
Rice,Basmati,Cereal,Karnataka,Bengaluru,Rabi,12,RETAILER,20.17,2360.28,2676.87,0,3223.68,True
Tomato,Hybrid,Vegetable,Maharashtra,Pune,Year-Round,11,INDIVIDUAL,39.96,1394.17,1645.6,1,825.03,True
Groundnut,Local,Oilseed,Tamil Nadu,Chennai,Year-Round,4,RETAILER,76.61,860.85,773.31,1,706.57,True
Rice,Basmati,Cereal,Tamil Nadu,Chennai,Zaid,5,WHOLESALER,43.86,2310.61,2376.96,0,3564.93,True
Groundnut,Local,Oilseed,Gujarat,Rajkot,Year-Round,2,WHOLESALER,62.13,878.49,909.27,0,908.19,True
Green Chilli,Local,Spice,Uttar Pradesh,Agra,Rabi,3,RESTAURANT,16.76,750.86,712.69,0,1010.3,True
Soybean,Local,Oilseed,Karnataka,Bengaluru,Kharif,6,INDIVIDUAL,16.43,993.67,867.4,0,546.84,True
Rice,Basmati,Cereal,Karnataka,Bengaluru,Rabi,1,INDIVIDUAL,47.15,1718.12,2333.05,0,946.44,True
Rice,Common,Cereal,Maharashtra,Nashik,Year-Round,7,RESTAURANT,61.13,3314.93,2856.84,0,3030.02,True
Onion,Red,Vegetable,Maharashtra,Mumbai,Zaid,6,WHOLESALER,44.74,1773.93,1407.99,0,2153.01,True
Rice,Common,Cereal,Maharashtra,Pune,Zaid,2,RETAILER,37.32,2986.23,3058.51,0,2374.93,True
Mango,Local,Fruit,Gujarat,Rajkot,Kharif,4,RETAILER,71.17,817.54,883.3,1,819.28,True
Tomato,Hybrid,Vegetable,Gujarat,Rajkot,Zaid,6,BUSINESS,18.65,1560.03,1378.86,0,2060.82,True
Mango,Local,Fruit,Maharashtra,Mumbai,Kharif,6,RETAILER,42.3,644.17,759.76,0,923.34,True
Wheat,Common,Cereal,Maharashtra,Nashik,Zaid,9,RESTAURANT,21.32,2799.82,2607.37,0,3537.26,True
Tomato,Hybrid,Vegetable,Gujarat,Rajkot,Rabi,3,INDIVIDUAL,38.33,1699.68,1787.6,0,787.75,True
Maize,Hybrid,Cereal,Maharashtra,Nashik,Kharif,8,INDIVIDUAL,50.65,1143.96,1116.81,0,506.16,True
Maize,Hybrid,Cereal,Punjab,Ludhiana,Rabi,11,RETAILER,67.83,1474.01,1304.88,1,1158.14,True
Potato,Local,Vegetable,Maharashtra,Nashik,Zaid,11,INDIVIDUAL,12.9,1418.91,1599.14,1,1116.9,True
Potato,Local,Vegetable,Punjab,Ludhiana,Rabi,6,BUSINESS,13.03,2177.39,1961.93,0,3574.4,True
Mango,Local,Fruit,Uttar Pradesh,Agra,Zaid,1,BUSINESS,65.64,519.66,679.31,0,696.65,True
Mango,Local,Fruit,Maharashtra,Mumbai,Zaid,1,BUSINESS,78.65,1051.96,956.01,0,788.4,True
Groundnut,Local,Oilseed,Karnataka,Bengaluru,Rabi,4,RESTAURANT,86.1,718.93,725.71,1,823.3,True
Rice,Basmati,Cereal,Uttar Pradesh,Agra,Year-Round,6,RETAILER,56.56,2307.86,2545.7,0,2206.29,True
Potato,Local,Vegetable,Punjab,Ludhiana,Rabi,4,BUSINESS,68.67,2179.92,1925.86,1,2405.07,True
Groundnut,Local,Oilseed,Madhya Pradesh,Indore,Year-Round,1,INDIVIDUAL,69.7,970.03,767.01,0,258.47,True
Rice,Common,Cereal,Tamil Nadu,Chennai,Rabi,2,BUSINESS,83.41,3212.15,2973.27,0,2416.36,True
Rice,Common,Cereal,Punjab,Ludhiana,Kharif,5,BUSINESS,47.1,2275.17,2653.12,0,3078.58,True
Rice,Basmati,Cereal,Punjab,Ludhiana,Year-Round,3,RESTAURANT,86.03,2917.96,2545.65,0,1895.71,True
Onion,Red,Vegetable,Karnataka,Bengaluru,Year-Round,8,RESTAURANT,41.17,1667.79,1440.53,0,1564.88,True
Maize,Hybrid,Cereal,Tamil Nadu,Chennai,Rabi,11,INDIVIDUAL,46.03,1113.45,1007.66,1,473.47,True
Maize,Hybrid,Cereal,Uttar Pradesh,Agra,Zaid,11,BUSINESS,56.92,1205.54,1136.43,1,1120.95,True
Tomato,Desi,Vegetable,Punjab,Ludhiana,Kharif,8,BUSINESS,80.82,1578.27,1572.97,0,1409.19,True
Rice,Common,Cereal,Uttar Pradesh,Agra,Rabi,7,INDIVIDUAL,89.19,2444.29,2700.89,0,1142.95,True
Rice,Common,Cereal,Karnataka,Bengaluru,Kharif,7,RETAILER,43.58,2072.44,2401.99,0,2535.81,True
Green Chilli,Local,Spice,Maharashtra,Nashik,Zaid,2,RESTAURANT,74.83,517.97,531.33,0,468.77,True
Tomato,Hybrid,Vegetable,Uttar Pradesh,Agra,Year-Round,11,BUSINESS,77.9,1499.91,1409.48,1,1655.5,True
Green Chilli,Local,Spice,Maharashtra,Nashik,Year-Round,3,RETAILER,88.43,507.82,582.72,0,417.9,True
Groundnut,Local,Oilseed,Gujarat,Rajkot,Year-Round,2,RETAILER,50.88,716.75,881.83,0,732.92,True
Tomato,Hybrid,Vegetable,Punjab,Ludhiana,Zaid,6,INDIVIDUAL,15.91,1269.06,1012.45,0,675.14,True
Groundnut,Local,Oilseed,Gujarat,Rajkot,Year-Round,3,BUSINESS,41.15,848.04,771.41,0,910.26,True
Wheat,Common,Cereal,Maharashtra,Pune,Zaid,11,RETAILER,79.62,3267.9,2706.32,1,2790.94,True
Maize,Hybrid,Cereal,Maharashtra,Pune,Kharif,11,WHOLESALER,35.05,1044.53,1106.85,1,1861.53,True
Groundnut,Local,Oilseed,Maharashtra,Pune,Year-Round,4,RESTAURANT,39.66,773.64,845.44,1,1231.94,True
Mango,Local,Fruit,Gujarat,Rajkot,Kharif,12,WHOLESALER,66.53,830.21,934.0,0,996.8,True
Rice,Common,Cereal,Maharashtra,Pune,Rabi,4,RETAILER,37.36,3024.2,2877.67,1,3822.11,True
Tomato,Desi,Vegetable,Punjab,Ludhiana,Rabi,5,INDIVIDUAL,50.57,1273.12,1307.64,0,613.91,True
Tomato,Desi,Vegetable,Karnataka,Bengaluru,Kharif,11,RETAILER,86.85,1277.63,1230.37,1,1054.45,True
Maize,Hybrid,Cereal,Uttar Pradesh,Agra,Zaid,10,RESTAURANT,54.96,1078.86,1124.92,1,1519.94,True
Soybean,Local,Oilseed,Gujarat,Rajkot,Rabi,9,RESTAURANT,41.75,1091.94,946.4,0,971.34,True
Rice,Common,Cereal,Maharashtra,Nashik,Zaid,6,INDIVIDUAL,86.61,2350.29,2171.91,0,901.68,True
Potato,Local,Vegetable,Karnataka,Bengaluru,Kharif,3,RESTAURANT,85.58,1366.58,1925.45,0,1585.07,True
Soybean,Local,Oilseed,Maharashtra,Nashik,Rabi,3,WHOLESALER,87.38,969.45,850.73,0,898.64,True
Tomato,Hybrid,Vegetable,Uttar Pradesh,Agra,Zaid,7,RESTAURANT,65.33,1503.65,1420.91,0,1542.26,True
Potato,Local,Vegetable,Punjab,Ludhiana,Year-Round,4,INDIVIDUAL,33.37,2135.32,2063.68,1,1278.07,True
Potato,Local,Vegetable,Maharashtra,Mumbai,Year-Round,6,RETAILER,38.54,1746.05,1941.61,0,2374.38,True
Mango,Local,Fruit,Punjab,Ludhiana,Kharif,10,RESTAURANT,42.07,849.88,754.29,1,893.39,True
Maize,Hybrid,Cereal,Uttar Pradesh,Agra,Zaid,1,RESTAURANT,66.58,1066.85,1123.22,0,940.75,True
Soybean,Local,Oilseed,Punjab,Ludhiana,Zaid,8,INDIVIDUAL,74.91,954.63,952.44,0,317.7,True
Rice,Common,Cereal,Karnataka,Bengaluru,Zaid,2,WHOLESALER,84.4,2860.55,2860.49,0,2467.95,True
Rice,Common,Cereal,Punjab,Ludhiana,Kharif,2,WHOLESALER,70.89,2545.38,2506.8,0,2694.66,True
Mango,Local,Fruit,Punjab,Ludhiana,Kharif,3,RESTAURANT,47.03,951.37,770.25,0,759.85,True
Onion,Red,Vegetable,Tamil Nadu,Chennai,Rabi,12,WHOLESALER,72.21,1743.12,1472.03,0,1779.77,True
Tomato,Hybrid,Vegetable,Maharashtra,Pune,Rabi,3,RETAILER,86.07,1418.35,1587.76,0,1215.85,True
Green Chilli,Local,Spice,Karnataka,Bengaluru,Zaid,11,RESTAURANT,72.8,597.72,563.62,1,592.51,True
Rice,Common,Cereal,Punjab,Ludhiana,Zaid,9,RETAILER,14.25,2242.68,2561.14,0,3258.35,True
Mango,Local,Fruit,Maharashtra,Mumbai,Rabi,4,WHOLESALER,80.89,860.18,850.73,1,1194.07,True
Soybean,Local,Oilseed,Karnataka,Bengaluru,Year-Round,2,RETAILER,18.27,810.68,892.53,0,991.5,True
Groundnut,Local,Oilseed,Gujarat,Rajkot,Zaid,10,BUSINESS,88.89,776.45,736.99,1,868.42,True
Green Chilli,Local,Spice,Punjab,Ludhiana,Zaid,4,RESTAURANT,45.13,512.49,529.36,1,736.78,True
Mango,Local,Fruit,Maharashtra,Nashik,Year-Round,1,BUSINESS,82.09,885.58,788.69,0,781.87,True
Maize,Hybrid,Cereal,Tamil Nadu,Chennai,Rabi,1,WHOLESALER,62.13,1240.95,1109.83,0,1350.23,True
Mango,Local,Fruit,Uttar Pradesh,Agra,Kharif,1,INDIVIDUAL,43.01,786.57,771.21,0,334.63,True
Maize,Hybrid,Cereal,Maharashtra,Nashik,Rabi,3,INDIVIDUAL,61.15,938.47,1083.5,0,441.69,True
Green Chilli,Local,Spice,Maharashtra,Mumbai,Zaid,4,WHOLESALER,85.93,533.36,568.21,1,845.45,True
Tomato,Desi,Vegetable,Uttar Pradesh,Agra,Kharif,8,WHOLESALER,30.37,1241.61,1249.28,0,2214.45,True
Mango,Local,Fruit,Maharashtra,Mumbai,Year-Round,9,RESTAURANT,59.67,825.32,719.0,0,724.28,True
Groundnut,Local,Oilseed,Madhya Pradesh,Indore,Zaid,7,INDIVIDUAL,37.91,978.36,893.36,0,484.97,True
Maize,Hybrid,Cereal,Uttar Pradesh,Agra,Rabi,6,WHOLESALER,17.0,1014.07,1009.23,0,2271.73,True
Tomato,Hybrid,Vegetable,Maharashtra,Nashik,Rabi,4,BUSINESS,45.68,1706.13,1600.98,1,2355.17,True
Tomato,Desi,Vegetable,Maharashtra,Nashik,Kharif,10,RESTAURANT,85.99,1679.42,1568.19,1,1497.21,True
Rice,Basmati,Cereal,Madhya Pradesh,Indore,Rabi,6,RETAILER,89.99,3188.47,2842.1,0,1924.19,True
Rice,Common,Cereal,Gujarat,Rajkot,Rabi,3,RESTAURANT,47.66,2626.81,2566.15,0,2402.8,True
Rice,Basmati,Cereal,Madhya Pradesh,Indore,Zaid,10,RETAILER,50.55,2420.25,2520.55,1,2700.2,True
Mango,Local,Fruit,Maharashtra,Pune,Zaid,1,WHOLESALER,78.05,776.62,787.33,0,784.3,True
Tomato,Hybrid,Vegetable,Uttar Pradesh,Agra,Year-Round,3,RETAILER,16.43,1904.9,1591.54,0,1912.26,True
Wheat,Common,Cereal,Uttar Pradesh,Agra,Rabi,4,RETAILER,45.49,2277.79,2400.13,1,3093.27,True
Green Chilli,Local,Spice,Gujarat,Rajkot,Zaid,8,INDIVIDUAL,26.92,508.12,528.35,0,241.44,True
Potato,Local,Vegetable,Gujarat,Rajkot,Zaid,12,RESTAURANT,33.13,2083.66,2308.35,0,2380.96,True
Wheat,Common,Cereal,Maharashtra,Mumbai,Year-Round,6,WHOLESALER,33.91,1956.42,1881.75,0,2881.46,True
Onion,Red,Vegetable,Tamil Nadu,Chennai,Kharif,2,INDIVIDUAL,21.72,1155.28,1288.2,0,600.03,True
Green Chilli,Local,Spice,Maharashtra,Pune,Year-Round,5,INDIVIDUAL,74.62,691.38,658.64,0,281.31,True
Tomato,Desi,Vegetable,Maharashtra,Mumbai,Kharif,1,RESTAURANT,71.28,1229.56,1021.36,0,833.64,True
Rice,Common,Cereal,Madhya Pradesh,Indore,Year-Round,11,INDIVIDUAL,25.61,3441.21,2975.45,1,1707.63,True
Groundnut,Local,Oilseed,Maharashtra,Pune,Zaid,5,BUSINESS,57.67,777.66,795.86,0,943.23,True
Mango,Local,Fruit,Maharashtra,Mumbai,Kharif,4,BUSINESS,52.26,739.92,867.48,1,1228.61,True
Onion,Red,Vegetable,Uttar Pradesh,Agra,Zaid,8,INDIVIDUAL,43.25,1592.24,1492.48,0,761.33,True
Mango,Local,Fruit,Maharashtra,Nashik,Kharif,8,WHOLESALER,72.33,940.81,828.88,0,1101.32,True
Tomato,Desi,Vegetable,Karnataka,Bengaluru,Kharif,7,INDIVIDUAL,17.37,1310.19,1164.82,0,747.23,True
Rice,Common,Cereal,Punjab,Ludhiana,Year-Round,8,BUSINESS,26.69,2287.0,2350.44,0,3190.87,True
Groundnut,Local,Oilseed,Maharashtra,Nashik,Zaid,10,WHOLESALER,20.41,886.63,744.86,1,1512.39,True
Soybean,Local,Oilseed,Maharashtra,Pune,Rabi,10,INDIVIDUAL,61.57,1107.32,1013.13,1,443.54,True
Green Chilli,Local,Spice,Karnataka,Bengaluru,Year-Round,4,BUSINESS,86.42,507.66,571.18,1,603.98,True
Tomato,Desi,Vegetable,Uttar Pradesh,Agra,Year-Round,9,BUSINESS,51.25,1314.18,1323.41,0,1224.5,True
Rice,Common,Cereal,Karnataka,Bengaluru,Year-Round,11,INDIVIDUAL,43.88,2549.1,2494.26,1,1325.7,True
Green Chilli,Local,Spice,Maharashtra,Pune,Rabi,5,WHOLESALER,26.04,687.28,671.44,0,1202.55,True
Tomato,Hybrid,Vegetable,Karnataka,Bengaluru,Rabi,7,RESTAURANT,48.2,1889.25,1677.18,0,1735.08,True
Wheat,Common,Cereal,Maharashtra,Pune,Kharif,4,RESTAURANT,52.31,3187.0,2989.17,1,3675.24,True
Tomato,Desi,Vegetable,Maharashtra,Nashik,Year-Round,11,RETAILER,37.98,1208.48,1111.86,1,1180.9,True
Groundnut,Local,Oilseed,Karnataka,Bengaluru,Zaid,5,WHOLESALER,20.6,676.09,772.84,0,1407.64,True
Tomato,Desi,Vegetable,Gujarat,Rajkot,Zaid,9,RESTAURANT,55.19,1300.26,1265.62,0,1162.96,True
Potato,Local,Vegetable,Tamil Nadu,Chennai,Year-Round,4,RESTAURANT,61.83,2143.15,1919.18,1,2552.47,True
Groundnut,Local,Oilseed,Punjab,Ludhiana,Zaid,4,BUSINESS,46.68,732.62,771.23,1,950.46,True
Groundnut,Local,Oilseed,Maharashtra,Nashik,Rabi,2,BUSINESS,83.71,964.7,903.72,0,672.82,True
Wheat,Common,Cereal,Maharashtra,Mumbai,Kharif,7,RESTAURANT,69.07,2610.83,2474.63,0,2692.97,True
Green Chilli,Local,Spice,Madhya Pradesh,Indore,Rabi,11,RESTAURANT,86.77,620.55,742.5,1,709.65,True
Rice,Basmati,Cereal,Madhya Pradesh,Indore,Year-Round,11,INDIVIDUAL,53.07,2531.86,2509.37,1,1083.13,True
Potato,Local,Vegetable,Uttar Pradesh,Agra,Year-Round,8,INDIVIDUAL,47.06,2124.28,1826.38,0,717.74,True
Rice,Basmati,Cereal,Tamil Nadu,Chennai,Rabi,11,RETAILER,89.37,1975.04,2196.38,1,1732.41,True
Potato,Local,Vegetable,Maharashtra,Nashik,Year-Round,12,WHOLESALER,58.65,2176.86,1948.08,0,2337.29,True
Green Chilli,Local,Spice,Maharashtra,Mumbai,Kharif,8,WHOLESALER,14.02,670.48,657.45,0,1554.42,True
Green Chilli,Local,Spice,Punjab,Ludhiana,Kharif,7,INDIVIDUAL,74.47,446.63,498.65,0,181.72,True
Maize,Hybrid,Cereal,Madhya Pradesh,Indore,Kharif,9,RESTAURANT,21.76,1050.0,1086.67,0,1322.95,True
Onion,Red,Vegetable,Tamil Nadu,Chennai,Year-Round,1,BUSINESS,70.63,1698.44,1567.64,0,1478.18,True
Potato,Local,Vegetable,Punjab,Ludhiana,Year-Round,8,INDIVIDUAL,46.6,1419.24,1799.47,0,734.31,True
Mango,Local,Fruit,Karnataka,Bengaluru,Rabi,11,RETAILER,61.58,956.48,876.76,1,723.05,True
Groundnut,Local,Oilseed,Uttar Pradesh,Agra,Zaid,9,WHOLESALER,25.19,1100.57,906.35,0,1421.03,True
Rice,Common,Cereal,Maharashtra,Nashik,Zaid,11,WHOLESALER,32.42,2844.7,2381.7,1,3528.48,True
Rice,Common,Cereal,Tamil Nadu,Chennai,Rabi,4,BUSINESS,24.53,2497.45,2435.38,1,4660.28,True
Green Chilli,Local,Spice,Punjab,Ludhiana,Kharif,11,RETAILER,38.33,612.76,618.49,1,684.17,True
Onion,Red,Vegetable,Maharashtra,Mumbai,Zaid,2,RETAILER,34.03,1336.54,1396.16,0,1292.05,True
Tomato,Hybrid,Vegetable,Gujarat,Rajkot,Kharif,9,BUSINESS,82.36,1873.96,1838.51,0,1598.84,True
Potato,Local,Vegetable,Gujarat,Rajkot,Year-Round,8,INDIVIDUAL,62.71,2381.31,2280.72,0,816.49,True
Tomato,Desi,Vegetable,Punjab,Ludhiana,Zaid,4,INDIVIDUAL,26.22,1309.03,1202.48,1,818.62,True
Green Chilli,Local,Spice,Madhya Pradesh,Indore,Rabi,7,INDIVIDUAL,80.4,571.29,586.53,0,212.46,True
Groundnut,Local,Oilseed,Maharashtra,Nashik,Year-Round,9,BUSINESS,72.35,838.09,842.01,0,743.56,True
Potato,Local,Vegetable,Gujarat,Rajkot,Year-Round,2,WHOLESALER,28.45,1862.2,2014.05,0,2897.9,True
Rice,Basmati,Cereal,Gujarat,Rajkot,Rabi,7,BUSINESS,70.44,2555.15,2240.34,0,2602.62,True
Rice,Common,Cereal,Tamil Nadu,Chennai,Year-Round,9,WHOLESALER,75.88,2365.52,2492.84,0,2823.23,True
Mango,Local,Fruit,Tamil Nadu,Chennai,Rabi,12,RESTAURANT,56.25,729.28,854.16,0,791.05,True
Potato,Local,Vegetable,Maharashtra,Nashik,Year-Round,3,RESTAURANT,51.59,1661.31,1512.32,0,1218.51,True
Groundnut,Local,Oilseed,Karnataka,Bengaluru,Rabi,2,RESTAURANT,83.09,1005.46,1123.36,0,894.05,True
Potato,Local,Vegetable,Tamil Nadu,Chennai,Kharif,6,WHOLESALER,48.35,1907.37,1872.4,0,2830.87,True
Tomato,Hybrid,Vegetable,Tamil Nadu,Chennai,Zaid,1,INDIVIDUAL,67.39,1690.07,1505.54,0,479.0,True
Wheat,Common,Cereal,Karnataka,Bengaluru,Year-Round,7,BUSINESS,52.7,2286.31,2467.96,0,2744.2,True
Maize,Hybrid,Cereal,Uttar Pradesh,Agra,Zaid,10,RETAILER,15.19,1083.0,1247.66,1,1860.07,True
Mango,Local,Fruit,Maharashtra,Mumbai,Zaid,10,WHOLESALER,65.2,810.49,804.44,1,1370.69,True
Soybean,Local,Oilseed,Tamil Nadu,Chennai,Kharif,1,INDIVIDUAL,43.14,642.6,800.71,0,311.43,True
Maize,Hybrid,Cereal,Punjab,Ludhiana,Kharif,9,WHOLESALER,15.5,1088.81,1002.22,0,1759.05,True
Maize,Hybrid,Cereal,Maharashtra,Mumbai,Kharif,2,BUSINESS,89.73,901.58,1015.39,0,720.1,True
Tomato,Desi,Vegetable,Tamil Nadu,Chennai,Rabi,1,BUSINESS,43.47,1376.39,1309.03,0,1366.72,True
Soybean,Local,Oilseed,Maharashtra,Mumbai,Zaid,4,RESTAURANT,45.93,974.51,821.9,1,1131.06,True
Rice,Common,Cereal,Tamil Nadu,Chennai,Rabi,8,RETAILER,89.95,3173.94,2634.76,0,2134.01,True
Rice,Basmati,Cereal,Karnataka,Bengaluru,Kharif,11,RETAILER,29.18,2779.0,2681.27,1,2887.56,True
Mango,Local,Fruit,Karnataka,Bengaluru,Year-Round,12,INDIVIDUAL,52.43,1023.12,937.08,0,391.5,True
Groundnut,Local,Oilseed,Karnataka,Bengaluru,Rabi,2,INDIVIDUAL,62.3,832.4,805.24,0,253.55,True
Mango,Local,Fruit,Gujarat,Rajkot,Rabi,3,RESTAURANT,27.06,659.89,785.86,0,1039.69,True
Mango,Local,Fruit,Madhya Pradesh,Indore,Rabi,11,WHOLESALER,22.35,897.76,852.64,1,1573.24,True
Mango,Local,Fruit,Maharashtra,Mumbai,Rabi,6,RESTAURANT,70.12,690.86,809.99,0,742.94,True
Tomato,Desi,Vegetable,Madhya Pradesh,Indore,Rabi,5,RETAILER,32.38,1119.41,1295.13,0,1348.9,True
Onion,Red,Vegetable,Maharashtra,Nashik,Rabi,4,BUSINESS,63.93,1297.7,1456.37,1,1831.64,True
Tomato,Desi,Vegetable,Tamil Nadu,Chennai,Year-Round,10,INDIVIDUAL,18.92,1308.78,1355.98,1,798.41,True
Onion,Red,Vegetable,Uttar Pradesh,Agra,Zaid,5,BUSINESS,31.63,1343.2,1320.49,0,1929.89,True
Groundnut,Local,Oilseed,Tamil Nadu,Chennai,Kharif,9,INDIVIDUAL,68.65,825.5,766.13,0,277.62,True
Wheat,Common,Cereal,Punjab,Ludhiana,Zaid,1,INDIVIDUAL,88.61,1901.29,2235.28,0,718.11,True
Potato,Local,Vegetable,Gujarat,Rajkot,Zaid,5,WHOLESALER,85.85,1397.64,1609.04,0,2092.55,True
Green Chilli,Local,Spice,Tamil Nadu,Chennai,Year-Round,8,RETAILER,52.94,660.28,597.73,0,505.82,True
Mango,Local,Fruit,Gujarat,Rajkot,Kharif,12,WHOLESALER,65.53,875.78,720.47,0,679.86,True
Groundnut,Local,Oilseed,Maharashtra,Pune,Kharif,11,WHOLESALER,35.81,981.73,868.24,1,1213.23,True
Groundnut,Local,Oilseed,Karnataka,Bengaluru,Rabi,4,WHOLESALER,23.4,646.57,836.04,1,1674.78,True
Mango,Local,Fruit,Uttar Pradesh,Agra,Rabi,7,RESTAURANT,79.32,854.62,863.59,0,905.03,True
Mango,Local,Fruit,Madhya Pradesh,Indore,Rabi,5,BUSINESS,81.02,724.65,682.99,0,643.86,True
Onion,Red,Vegetable,Uttar Pradesh,Agra,Kharif,6,RETAILER,12.26,1292.31,1308.58,0,1919.42,True
Onion,Red,Vegetable,Maharashtra,Nashik,Rabi,12,RETAILER,77.17,1704.75,1375.84,0,1105.62,True
Wheat,Common,Cereal,Karnataka,Bengaluru,Kharif,7,BUSINESS,25.26,2302.25,2280.37,0,3374.17,True
Groundnut,Local,Oilseed,Gujarat,Rajkot,Zaid,7,WHOLESALER,65.42,641.38,675.42,0,926.59,True
Tomato,Desi,Vegetable,Tamil Nadu,Chennai,Rabi,7,BUSINESS,58.8,1348.73,1307.74,0,1797.74,True
Mango,Local,Fruit,Maharashtra,Pune,Year-Round,4,BUSINESS,20.25,684.02,659.41,1,963.26,True
Green Chilli,Local,Spice,Karnataka,Bengaluru,Rabi,9,RESTAURANT,16.14,632.72,582.63,0,865.5,True
Groundnut,Local,Oilseed,Maharashtra,Nashik,Kharif,9,INDIVIDUAL,35.02,550.1,810.7,0,314.99,True
Tomato,Hybrid,Vegetable,Punjab,Ludhiana,Zaid,8,BUSINESS,20.79,1320.52,1584.33,0,2139.73,True
Green Chilli,Local,Spice,Tamil Nadu,Chennai,Rabi,1,BUSINESS,36.26,447.43,512.87,0,492.47,True
Maize,Hybrid,Cereal,Punjab,Ludhiana,Zaid,11,WHOLESALER,37.48,844.01,1004.55,1,1424.07,True
Wheat,Common,Cereal,Punjab,Ludhiana,Rabi,7,WHOLESALER,13.91,1920.28,1823.22,0,3270.9,True
Soybean,Local,Oilseed,Maharashtra,Mumbai,Kharif,9,RESTAURANT,55.11,773.03,970.37,0,1045.09,True
Onion,Red,Vegetable,Gujarat,Rajkot,Year-Round,11,BUSINESS,25.07,1206.11,1412.29,1,2441.79,True
Potato,Local,Vegetable,Punjab,Ludhiana,Zaid,3,RESTAURANT,26.67,2035.43,2023.89,0,2657.55,True
Maize,Hybrid,Cereal,Punjab,Ludhiana,Year-Round,2,BUSINESS,77.3,1050.02,1046.35,0,850.02,True
Green Chilli,Local,Spice,Gujarat,Rajkot,Zaid,7,RESTAURANT,78.94,645.9,707.69,0,611.53,True
Green Chilli,Local,Spice,Maharashtra,Nashik,Zaid,8,BUSINESS,81.75,643.52,541.4,0,555.49,True
Onion,Red,Vegetable,Madhya Pradesh,Indore,Rabi,3,RETAILER,68.24,1295.73,1425.97,0,939.75,True
Rice,Common,Cereal,Gujarat,Rajkot,Zaid,3,RESTAURANT,56.35,2857.57,2731.12,0,2503.83,True
Tomato,Desi,Vegetable,Maharashtra,Nashik,Rabi,3,INDIVIDUAL,35.87,1086.19,1306.33,0,539.6,True
Rice,Common,Cereal,Madhya Pradesh,Indore,Zaid,3,RETAILER,37.69,3603.75,3078.77,0,2561.68,True
Groundnut,Local,Oilseed,Madhya Pradesh,Indore,Rabi,5,INDIVIDUAL,71.92,800.1,868.73,0,356.09,True
Groundnut,Local,Oilseed,Karnataka,Bengaluru,Zaid,10,INDIVIDUAL,39.74,674.84,712.89,1,359.76,True
Potato,Local,Vegetable,Uttar Pradesh,Agra,Rabi,5,RESTAURANT,67.69,1931.91,1761.35,0,1749.07,True
Potato,Local,Vegetable,Maharashtra,Nashik,Rabi,2,RESTAURANT,82.31,1741.66,1824.06,0,1372.13,True
Green Chilli,Local,Spice,Punjab,Ludhiana,Year-Round,3,RETAILER,20.31,579.02,588.75,0,596.05,True
Rice,Common,Cereal,Maharashtra,Mumbai,Year-Round,8,RESTAURANT,88.58,2415.73,2538.27,0,2198.66,True
Tomato,Desi,Vegetable,Karnataka,Bengaluru,Kharif,11,WHOLESALER,82.37,1062.19,1245.1,1,1427.63,True
Soybean,Local,Oilseed,Madhya Pradesh,Indore,Rabi,3,INDIVIDUAL,58.28,933.73,1036.22,0,412.8,True
Soybean,Local,Oilseed,Uttar Pradesh,Agra,Zaid,12,WHOLESALER,75.34,757.89,867.11,0,953.64,True
Tomato,Desi,Vegetable,Karnataka,Bengaluru,Rabi,3,RESTAURANT,76.19,1052.15,1478.23,0,1171.17,True
Rice,Common,Cereal,Punjab,Ludhiana,Year-Round,2,RESTAURANT,66.79,2548.83,2467.51,0,1847.55,True
Groundnut,Local,Oilseed,Maharashtra,Nashik,Kharif,12,RETAILER,80.42,583.0,855.6,0,557.01,True
Rice,Basmati,Cereal,Uttar Pradesh,Agra,Year-Round,5,WHOLESALER,18.73,2254.73,2525.17,0,5222.95,True
Green Chilli,Local,Spice,Karnataka,Bengaluru,Rabi,3,BUSINESS,75.58,676.18,664.56,0,639.15,True
Soybean,Local,Oilseed,Karnataka,Bengaluru,Year-Round,1,WHOLESALER,53.64,885.8,984.72,0,1291.1,True
Tomato,Desi,Vegetable,Tamil Nadu,Chennai,Rabi,4,BUSINESS,73.6,1574.19,1496.24,1,1921.18,True
Green Chilli,Local,Spice,Maharashtra,Nashik,Rabi,9,RESTAURANT,88.34,506.04,546.73,0,447.59,True
Onion,Red,Vegetable,Uttar Pradesh,Agra,Rabi,4,INDIVIDUAL,39.04,1712.07,1367.79,1,820.05,True
Tomato,Hybrid,Vegetable,Maharashtra,Pune,Zaid,3,INDIVIDUAL,38.67,1448.91,1403.38,0,615.77,True
Rice,Basmati,Cereal,Maharashtra,Pune,Kharif,3,RETAILER,37.56,1893.2,2211.35,0,2052.3,True
Rice,Basmati,Cereal,Tamil Nadu,Chennai,Year-Round,10,RETAILER,30.21,3048.48,3003.42,1,4135.18,True
Rice,Basmati,Cereal,Maharashtra,Pune,Kharif,9,RETAILER,17.72,2978.95,2581.64,0,3036.82,True
Onion,Red,Vegetable,Gujarat,Rajkot,Kharif,6,WHOLESALER,19.76,1560.75,1364.7,0,2706.14,True
Maize,Hybrid,Cereal,Uttar Pradesh,Agra,Year-Round,7,RETAILER,52.25,1349.3,1144.68,0,1215.52,True
Soybean,Local,Oilseed,Maharashtra,Mumbai,Kharif,5,BUSINESS,72.56,971.9,904.48,0,890.04,True
Tomato,Desi,Vegetable,Gujarat,Rajkot,Year-Round,2,INDIVIDUAL,67.63,1202.46,1178.43,0,452.13,True
Rice,Basmati,Cereal,Maharashtra,Mumbai,Year-Round,5,RESTAURANT,50.48,2587.0,2683.72,0,2635.14,True
Groundnut,Local,Oilseed,Tamil Nadu,Chennai,Rabi,1,INDIVIDUAL,30.82,736.73,725.85,0,322.5,True
Rice,Common,Cereal,Karnataka,Bengaluru,Year-Round,10,WHOLESALER,68.77,2910.42,2402.68,1,3051.44,True
Rice,Common,Cereal,Maharashtra,Mumbai,Zaid,10,RETAILER,85.82,3161.74,2754.36,1,2851.6,True
Onion,Red,Vegetable,Maharashtra,Pune,Rabi,9,BUSINESS,62.86,1507.57,1384.12,0,1357.69,True
Green Chilli,Local,Spice,Gujarat,Rajkot,Zaid,8,BUSINESS,57.86,434.82,572.96,0,615.86,True
Onion,Red,Vegetable,Tamil Nadu,Chennai,Zaid,10,BUSINESS,22.4,1271.69,1309.75,1,2283.83,True
Groundnut,Local,Oilseed,Maharashtra,Nashik,Zaid,8,BUSINESS,86.19,858.52,813.41,0,779.9,True
Maize,Hybrid,Cereal,Tamil Nadu,Chennai,Rabi,8,BUSINESS,25.89,796.06,870.19,0,1317.52,True
Onion,Red,Vegetable,Gujarat,Rajkot,Kharif,1,WHOLESALER,65.67,1867.7,1555.69,0,1920.09,True
Maize,Hybrid,Cereal,Gujarat,Rajkot,Zaid,5,RESTAURANT,61.38,995.36,1098.15,0,1068.38,True
Groundnut,Local,Oilseed,Uttar Pradesh,Agra,Kharif,11,WHOLESALER,67.59,775.77,925.26,1,1321.13,True
Groundnut,Local,Oilseed,Maharashtra,Pune,Kharif,2,RETAILER,47.59,619.4,646.19,0,461.64,True
Rice,Common,Cereal,Maharashtra,Mumbai,Rabi,6,RESTAURANT,54.47,1707.63,2082.22,0,2253.51,True
Soybean,Local,Oilseed,Maharashtra,Mumbai,Kharif,10,INDIVIDUAL,67.27,1229.51,1029.92,1,496.89,True
Green Chilli,Local,Spice,Gujarat,Rajkot,Zaid,11,WHOLESALER,53.62,595.08,608.01,1,869.56,True
Potato,Local,Vegetable,Madhya Pradesh,Indore,Year-Round,8,RESTAURANT,70.43,1434.31,1359.07,0,1251.6,True
Potato,Local,Vegetable,Madhya Pradesh,Indore,Zaid,11,INDIVIDUAL,15.69,1424.63,1669.06,1,1058.16,True
Tomato,Desi,Vegetable,Madhya Pradesh,Indore,Rabi,10,BUSINESS,88.15,1533.71,1438.93,1,1505.21,True
Tomato,Desi,Vegetable,Uttar Pradesh,Agra,Rabi,7,BUSINESS,45.07,1336.74,1333.73,0,1547.86,True
Rice,Common,Cereal,Maharashtra,Mumbai,Rabi,10,RESTAURANT,80.52,3135.31,2906.68,1,3002.14,True
Mango,Local,Fruit,Tamil Nadu,Chennai,Year-Round,10,WHOLESALER,85.14,976.22,840.66,1,1123.01,True
Potato,Local,Vegetable,Uttar Pradesh,Agra,Kharif,8,RETAILER,77.03,1716.32,1509.15,0,1159.36,True
Onion,Red,Vegetable,Tamil Nadu,Chennai,Year-Round,8,RETAILER,31.85,1596.26,1404.59,0,1620.07,True
Tomato,Desi,Vegetable,Uttar Pradesh,Agra,Kharif,11,WHOLESALER,57.78,1141.07,1090.87,1,1308.18,True
Green Chilli,Local,Spice,Madhya Pradesh,Indore,Year-Round,7,INDIVIDUAL,89.79,617.3,558.38,0,197.69,True
Wheat,Common,Cereal,Maharashtra,Mumbai,Zaid,5,WHOLESALER,61.91,1927.67,2106.67,0,2675.71,True
Mango,Local,Fruit,Tamil Nadu,Chennai,Kharif,5,BUSINESS,77.1,910.19,852.38,0,950.24,True
Rice,Common,Cereal,Tamil Nadu,Chennai,Kharif,6,RESTAURANT,54.07,2458.61,2610.22,0,3084.6,True
Maize,Hybrid,Cereal,Karnataka,Bengaluru,Year-Round,12,RESTAURANT,67.95,897.27,963.46,0,946.27,True
Tomato,Desi,Vegetable,Maharashtra,Pune,Kharif,7,BUSINESS,86.03,1429.74,1318.44,0,1460.59,True
Tomato,Hybrid,Vegetable,Uttar Pradesh,Agra,Zaid,9,BUSINESS,51.24,1781.93,1453.29,0,1535.61,True
Onion,Red,Vegetable,Tamil Nadu,Chennai,Rabi,1,INDIVIDUAL,46.24,1254.33,1206.65,0,495.14,True
Tomato,Desi,Vegetable,Maharashtra,Pune,Kharif,5,INDIVIDUAL,75.43,1098.03,1450.1,0,553.93,True
Tomato,Desi,Vegetable,Tamil Nadu,Chennai,Zaid,1,WHOLESALER,12.32,1351.71,1324.34,0,2349.17,True
Wheat,Common,Cereal,Uttar Pradesh,Agra,Rabi,9,INDIVIDUAL,20.92,2415.09,2024.03,0,1024.08,True
Green Chilli,Local,Spice,Maharashtra,Pune,Kharif,11,BUSINESS,22.45,510.22,518.82,1,815.93,True
Potato,Local,Vegetable,Madhya Pradesh,Indore,Rabi,3,RETAILER,33.23,1786.77,2196.54,0,1987.47,True
Tomato,Desi,Vegetable,Uttar Pradesh,Agra,Rabi,12,BUSINESS,40.07,1200.03,1322.68,0,1440.71,True
Rice,Common,Cereal,Maharashtra,Nashik,Zaid,5,RESTAURANT,38.72,2294.68,2341.35,0,3004.65,True
Green Chilli,Local,Spice,Punjab,Ludhiana,Rabi,10,RETAILER,86.31,538.7,582.84,1,525.28,True
Onion,Red,Vegetable,Tamil Nadu,Chennai,Year-Round,10,RESTAURANT,37.75,1339.74,1229.21,1,1461.44,True
Potato,Local,Vegetable,Gujarat,Rajkot,Rabi,8,INDIVIDUAL,45.78,2106.6,2044.33,0,897.61,True
Mango,Local,Fruit,Gujarat,Rajkot,Zaid,6,RESTAURANT,61.42,901.8,791.21,0,756.78,True
Potato,Local,Vegetable,Tamil Nadu,Chennai,Year-Round,10,BUSINESS,35.13,1935.07,2016.65,1,2947.89,True
Onion,Red,Vegetable,Madhya Pradesh,Indore,Kharif,3,WHOLESALER,64.3,1300.84,1494.76,0,1867.15,True
Wheat,Common,Cereal,Maharashtra,Pune,Year-Round,3,WHOLESALER,64.71,2818.14,2404.13,0,3140.71,True
Maize,Hybrid,Cereal,Maharashtra,Mumbai,Year-Round,5,WHOLESALER,46.52,988.9,980.8,0,1372.07,True
Onion,Red,Vegetable,Gujarat,Rajkot,Zaid,5,RETAILER,81.52,1189.71,1374.78,0,1110.04,True
Tomato,Hybrid,Vegetable,Uttar Pradesh,Agra,Rabi,1,BUSINESS,30.56,1741.55,1566.75,0,2031.6,True
Rice,Common,Cereal,Gujarat,Rajkot,Kharif,7,WHOLESALER,47.18,2581.41,2670.39,0,3680.33,True
Rice,Basmati,Cereal,Punjab,Ludhiana,Year-Round,6,BUSINESS,76.76,2487.45,2393.14,0,2486.94,True
Rice,Basmati,Cereal,Karnataka,Bengaluru,Rabi,9,BUSINESS,20.18,2929.63,2999.95,0,3921.74,True
Rice,Common,Cereal,Uttar Pradesh,Agra,Year-Round,9,INDIVIDUAL,52.66,2028.96,2101.31,0,843.56,True
Maize,Hybrid,Cereal,Maharashtra,Pune,Zaid,12,RETAILER,88.06,1000.65,1159.79,0,852.8,True
Maize,Hybrid,Cereal,Madhya Pradesh,Indore,Zaid,11,RETAILER,53.5,977.02,1024.74,1,907.17,True
Onion,Red,Vegetable,Maharashtra,Pune,Kharif,6,RESTAURANT,17.53,1316.73,1210.24,0,2079.82,True
Green Chilli,Local,Spice,Maharashtra,Mumbai,Rabi,1,RETAILER,12.11,702.13,676.21,0,900.77,True
Tomato,Hybrid,Vegetable,Madhya Pradesh,Indore,Rabi,12,WHOLESALER,31.33,1526.69,1670.8,0,2364.03,True
Mango,Local,Fruit,Karnataka,Bengaluru,Kharif,10,RETAILER,67.74,686.98,719.74,1,579.11,True
Mango,Local,Fruit,Madhya Pradesh,Indore,Kharif,11,BUSINESS,38.49,713.4,858.56,1,1052.1,True
Tomato,Hybrid,Vegetable,Maharashtra,Nashik,Kharif,3,BUSINESS,52.62,1480.66,1463.28,0,1231.63,True
Onion,Red,Vegetable,Gujarat,Rajkot,Kharif,3,WHOLESALER,43.36,1394.84,1169.8,0,1551.77,True
Groundnut,Local,Oilseed,Tamil Nadu,Chennai,Kharif,1,RESTAURANT,52.2,958.52,945.93,0,1017.7,True
Green Chilli,Local,Spice,Madhya Pradesh,Indore,Zaid,9,INDIVIDUAL,43.86,629.51,593.71,0,237.53,True
Tomato,Hybrid,Vegetable,Maharashtra,Nashik,Kharif,10,RETAILER,64.6,1372.83,1436.6,1,1280.57,True
Rice,Basmati,Cereal,Punjab,Ludhiana,Kharif,6,WHOLESALER,85.01,2298.99,2141.03,0,2360.67,True
Onion,Red,Vegetable,Punjab,Ludhiana,Rabi,7,WHOLESALER,19.3,1176.27,1277.94,0,2440.9,True
Potato,Local,Vegetable,Tamil Nadu,Chennai,Zaid,5,INDIVIDUAL,46.66,2000.02,1673.12,0,761.02,True
Maize,Hybrid,Cereal,Tamil Nadu,Chennai,Rabi,12,INDIVIDUAL,80.33,1190.01,1260.3,0,479.69,True
Maize,Hybrid,Cereal,Karnataka,Bengaluru,Rabi,9,RESTAURANT,75.27,997.24,1002.23,0,780.51,True
Tomato,Hybrid,Vegetable,Tamil Nadu,Chennai,Zaid,7,RETAILER,26.83,1272.84,1518.25,0,1758.99,True
Rice,Basmati,Cereal,Punjab,Ludhiana,Year-Round,10,BUSINESS,75.6,2264.75,2589.86,1,3038.74,True
Groundnut,Local,Oilseed,Madhya Pradesh,Indore,Year-Round,4,RETAILER,40.64,731.24,828.84,1,964.38,True
Soybean,Local,Oilseed,Punjab,Ludhiana,Year-Round,11,INDIVIDUAL,78.11,624.04,715.78,1,300.12,True
Onion,Red,Vegetable,Gujarat,Rajkot,Kharif,12,BUSINESS,77.92,1080.74,1196.65,0,1197.43,True
Tomato,Hybrid,Vegetable,Maharashtra,Pune,Kharif,8,INDIVIDUAL,45.97,1530.31,1544.13,0,652.78,True
Rice,Basmati,Cereal,Madhya Pradesh,Indore,Kharif,10,INDIVIDUAL,36.32,1880.57,2455.87,1,1287.98,True
Onion,Red,Vegetable,Maharashtra,Mumbai,Rabi,7,INDIVIDUAL,14.98,1461.72,1400.41,0,949.68,True
Tomato,Desi,Vegetable,Madhya Pradesh,Indore,Kharif,7,WHOLESALER,33.08,1409.97,1200.8,0,1689.29,True
Tomato,Desi,Vegetable,Uttar Pradesh,Agra,Rabi,5,INDIVIDUAL,71.57,1345.89,1326.06,0,546.37,True
Rice,Common,Cereal,Tamil Nadu,Chennai,Zaid,7,WHOLESALER,78.01,2863.84,2831.92,0,3471.67,True
Rice,Basmati,Cereal,Maharashtra,Nashik,Zaid,4,BUSINESS,57.77,2032.3,2230.1,1,3028.9,True
Onion,Red,Vegetable,Gujarat,Rajkot,Zaid,3,WHOLESALER,30.36,1323.02,1268.65,0,1728.67,True
Green Chilli,Local,Spice,Gujarat,Rajkot,Kharif,1,BUSINESS,47.39,638.93,616.26,0,649.1,True
Wheat,Common,Cereal,Madhya Pradesh,Indore,Rabi,2,INDIVIDUAL,65.73,2080.69,2401.5,0,761.38,True
Rice,Basmati,Cereal,Punjab,Ludhiana,Zaid,4,INDIVIDUAL,60.03,3034.23,2669.3,1,1263.75,True
Onion,Red,Vegetable,Uttar Pradesh,Agra,Rabi,3,RETAILER,83.17,1818.84,1472.79,0,966.31,True
Tomato,Desi,Vegetable,Uttar Pradesh,Agra,Kharif,8,INDIVIDUAL,50.58,928.42,1256.99,0,527.43,True
Tomato,Hybrid,Vegetable,Uttar Pradesh,Agra,Zaid,6,RETAILER,55.57,1413.14,1562.9,0,1259.57,True
Green Chilli,Local,Spice,Maharashtra,Mumbai,Year-Round,10,BUSINESS,16.21,590.34,587.89,1,1149.79,True
Soybean,Local,Oilseed,Karnataka,Bengaluru,Rabi,2,INDIVIDUAL,34.39,910.23,959.52,0,350.58,True
Tomato,Hybrid,Vegetable,Punjab,Ludhiana,Kharif,6,WHOLESALER,57.57,1231.95,1321.54,0,1993.58,True
Tomato,Hybrid,Vegetable,Karnataka,Bengaluru,Zaid,4,RETAILER,44.08,1455.44,1338.33,1,1573.86,True
Mango,Local,Fruit,Maharashtra,Pune,Year-Round,2,BUSINESS,46.85,912.86,857.88,0,843.29,True
Onion,Red,Vegetable,Maharashtra,Nashik,Zaid,6,RETAILER,51.86,1854.06,1506.69,0,1480.91,True
Tomato,Desi,Vegetable,Maharashtra,Mumbai,Zaid,5,WHOLESALER,40.47,1364.11,1210.14,0,1682.26,True
Mango,Local,Fruit,Tamil Nadu,Chennai,Year-Round,6,RETAILER,80.81,800.54,818.05,0,759.7,True
Mango,Local,Fruit,Karnataka,Bengaluru,Zaid,1,RETAILER,31.04,774.29,772.41,0,634.09,True
Rice,Common,Cereal,Tamil Nadu,Chennai,Zaid,7,RETAILER,84.97,3148.59,2762.56,0,2078.81,True
Potato,Local,Vegetable,Punjab,Ludhiana,Zaid,12,WHOLESALER,50.71,2098.26,1770.29,0,2443.48,True
Groundnut,Local,Oilseed,Karnataka,Bengaluru,Rabi,5,BUSINESS,66.34,680.57,785.9,0,823.7,True
Rice,Basmati,Cereal,Gujarat,Rajkot,Year-Round,9,INDIVIDUAL,63.82,2864.18,2475.55,0,913.7,True
Groundnut,Local,Oilseed,Maharashtra,Nashik,Zaid,7,INDIVIDUAL,86.85,864.51,862.52,0,333.63,True
Wheat,Common,Cereal,Maharashtra,Pune,Rabi,6,INDIVIDUAL,50.26,2906.74,2774.77,0,1331.97,True
Onion,Red,Vegetable,Maharashtra,Nashik,Zaid,8,WHOLESALER,87.71,1467.05,1443.42,0,1532.42,True
Onion,Red,Vegetable,Punjab,Ludhiana,Year-Round,4,WHOLESALER,42.81,1211.88,1226.03,1,2397.59,True
Wheat,Common,Cereal,Madhya Pradesh,Indore,Rabi,12,RESTAURANT,65.98,2420.77,2484.48,0,2076.01,True
Mango,Local,Fruit,Gujarat,Rajkot,Zaid,10,INDIVIDUAL,44.6,668.97,684.57,1,328.05,True
Maize,Hybrid,Cereal,Tamil Nadu,Chennai,Kharif,6,BUSINESS,54.7,1362.38,1090.34,0,1192.24,True
Tomato,Hybrid,Vegetable,Punjab,Ludhiana,Zaid,4,WHOLESALER,49.53,1517.45,1477.41,1,2305.23,True
Green Chilli,Local,Spice,Punjab,Ludhiana,Year-Round,7,INDIVIDUAL,24.21,634.2,528.17,0,282.55,True
Tomato,Hybrid,Vegetable,Uttar Pradesh,Agra,Year-Round,8,RETAILER,67.89,1527.31,1358.56,0,1082.0,True
Maize,Hybrid,Cereal,Punjab,Ludhiana,Zaid,5,WHOLESALER,88.59,1261.62,1168.32,0,1554.57,True
Maize,Hybrid,Cereal,Punjab,Ludhiana,Zaid,6,RETAILER,30.83,1036.84,962.88,0,1240.33,True
Tomato,Hybrid,Vegetable,Gujarat,Rajkot,Zaid,12,WHOLESALER,23.31,2023.61,1719.09,0,2833.53,True
Groundnut,Local,Oilseed,Uttar Pradesh,Agra,Year-Round,11,INDIVIDUAL,36.95,801.79,938.72,1,379.65,True
Onion,Red,Vegetable,Karnataka,Bengaluru,Rabi,9,INDIVIDUAL,43.52,1785.47,1522.25,0,648.94,True
Rice,Basmati,Cereal,Punjab,Ludhiana,Year-Round,9,INDIVIDUAL,88.06,2454.91,2279.88,0,682.01,True
Soybean,Local,Oilseed,Punjab,Ludhiana,Zaid,11,RETAILER,32.21,954.81,920.31,1,968.45,True
Tomato,Desi,Vegetable,Maharashtra,Pune,Year-Round,5,BUSINESS,21.09,1431.54,1316.48,0,2149.79,True
Mango,Local,Fruit,Maharashtra,Mumbai,Zaid,12,WHOLESALER,61.75,784.53,769.77,0,1060.94,True
Soybean,Local,Oilseed,Punjab,Ludhiana,Zaid,12,BUSINESS,57.58,866.47,790.42,0,751.98,True
Maize,Hybrid,Cereal,Karnataka,Bengaluru,Rabi,5,RETAILER,57.36,931.95,1036.99,0,860.28,True
Rice,Common,Cereal,Uttar Pradesh,Agra,Zaid,1,WHOLESALER,74.2,2777.13,2683.79,0,3016.44,True
Tomato,Desi,Vegetable,Uttar Pradesh,Agra,Zaid,4,BUSINESS,69.6,1408.21,1557.83,1,1892.89,True
Groundnut,Local,Oilseed,Maharashtra,Pune,Year-Round,4,RESTAURANT,13.6,921.18,896.72,1,1600.85,True
Tomato,Desi,Vegetable,Maharashtra,Mumbai,Kharif,9,BUSINESS,15.97,1024.63,1028.16,0,1476.34,True
Onion,Red,Vegetable,Punjab,Ludhiana,Year-Round,1,RESTAURANT,53.74,1720.33,1417.59,0,1360.5,True
Wheat,Common,Cereal,Tamil Nadu,Chennai,Rabi,1,WHOLESALER,57.76,1919.78,2271.64,0,2302.12,True
Tomato,Desi,Vegetable,Karnataka,Bengaluru,Rabi,9,WHOLESALER,79.41,1355.66,1469.69,0,1708.53,True
Tomato,Desi,Vegetable,Punjab,Ludhiana,Year-Round,12,INDIVIDUAL,89.15,1447.07,1207.25,0,378.87,True
Soybean,Local,Oilseed,Tamil Nadu,Chennai,Zaid,2,RESTAURANT,51.64,884.93,905.34,0,825.01,True
Wheat,Common,Cereal,Punjab,Ludhiana,Kharif,11,INDIVIDUAL,75.08,2398.16,2466.86,1,1078.21,True
Potato,Local,Vegetable,Maharashtra,Pune,Kharif,11,RETAILER,79.32,1643.75,1968.84,1,1732.53,True
Maize,Hybrid,Cereal,Maharashtra,Mumbai,Zaid,1,RETAILER,25.46,1040.55,1091.66,0,1228.94,True
Onion,Red,Vegetable,Maharashtra,Pune,Rabi,11,RETAILER,28.33,1484.54,1494.02,1,1811.85,True
Tomato,Desi,Vegetable,Gujarat,Rajkot,Year-Round,10,BUSINESS,14.22,1686.83,1406.84,1,2581.88,True
Maize,Hybrid,Cereal,Tamil Nadu,Chennai,Rabi,10,RESTAURANT,16.61,1130.93,1075.02,1,1798.52,True
Tomato,Desi,Vegetable,Maharashtra,Pune,Rabi,11,WHOLESALER,35.8,1388.6,1448.55,1,2389.38,True
Rice,Common,Cereal,Uttar Pradesh,Agra,Rabi,1,BUSINESS,25.99,1945.09,2025.72,0,2683.83,True
Groundnut,Local,Oilseed,Punjab,Ludhiana,Kharif,8,RETAILER,31.31,756.26,828.71,0,868.92,True
Onion,Red,Vegetable,Maharashtra,Pune,Kharif,10,RESTAURANT,42.75,1076.84,1150.84,1,1445.03,True
Groundnut,Local,Oilseed,Maharashtra,Mumbai,Kharif,4,BUSINESS,50.88,769.4,891.51,1,1459.88,True
Tomato,Hybrid,Vegetable,Punjab,Ludhiana,Rabi,10,WHOLESALER,28.19,1522.25,1656.45,1,2829.24,True
Soybean,Local,Oilseed,Punjab,Ludhiana,Rabi,3,INDIVIDUAL,72.57,1023.5,891.96,0,285.43,True
Groundnut,Local,Oilseed,Tamil Nadu,Chennai,Year-Round,3,RESTAURANT,44.32,567.32,742.61,0,651.35,True
Tomato,Desi,Vegetable,Gujarat,Rajkot,Kharif,4,RESTAURANT,23.75,1263.33,1315.51,1,2171.8,True
Soybean,Local,Oilseed,Maharashtra,Mumbai,Kharif,8,WHOLESALER,30.11,1095.81,1033.07,0,1574.92,True
Maize,Hybrid,Cereal,Karnataka,Bengaluru,Zaid,5,INDIVIDUAL,48.01,1293.05,1216.11,0,529.77,True
Rice,Common,Cereal,Madhya Pradesh,Indore,Year-Round,12,BUSINESS,30.15,2580.45,2576.13,0,3743.65,True
Tomato,Hybrid,Vegetable,Tamil Nadu,Chennai,Rabi,6,RESTAURANT,61.34,2113.19,1824.73,0,2104.29,True
Rice,Common,Cereal,Madhya Pradesh,Indore,Rabi,10,BUSINESS,65.15,2063.86,2238.49,1,2551.66,True
Green Chilli,Local,Spice,Madhya Pradesh,Indore,Zaid,10,RESTAURANT,13.45,791.63,619.41,1,1140.78,True
Tomato,Desi,Vegetable,Uttar Pradesh,Agra,Year-Round,6,WHOLESALER,64.61,1295.99,1256.82,0,1484.6,True
Potato,Local,Vegetable,Tamil Nadu,Chennai,Zaid,10,RESTAURANT,61.85,1737.5,1922.88,1,2223.65,True
Rice,Common,Cereal,Uttar Pradesh,Agra,Zaid,6,BUSINESS,56.09,1971.94,2656.37,0,3436.3,True
Tomato,Desi,Vegetable,Maharashtra,Mumbai,Kharif,9,RESTAURANT,69.99,1394.32,1341.77,0,1210.98,True
Maize,Hybrid,Cereal,Madhya Pradesh,Indore,Year-Round,7,INDIVIDUAL,68.99,995.13,987.54,0,376.59,True
Green Chilli,Local,Spice,Punjab,Ludhiana,Kharif,3,WHOLESALER,69.2,626.92,588.46,0,658.81,True
Tomato,Hybrid,Vegetable,Uttar Pradesh,Agra,Kharif,4,RETAILER,41.27,1533.2,1600.65,1,1870.11,True
Rice,Basmati,Cereal,Madhya Pradesh,Indore,Zaid,1,INDIVIDUAL,59.38,2439.54,2613.96,0,879.29,True
Maize,Hybrid,Cereal,Madhya Pradesh,Indore,Zaid,4,INDIVIDUAL,78.28,1058.37,1025.61,1,524.8,True
Groundnut,Local,Oilseed,Madhya Pradesh,Indore,Zaid,12,BUSINESS,36.24,702.09,840.76,0,1003.4,True
Tomato,Hybrid,Vegetable,Punjab,Ludhiana,Rabi,11,WHOLESALER,40.66,1166.12,1439.27,1,2295.85,True
Tomato,Desi,Vegetable,Maharashtra,Mumbai,Year-Round,11,RETAILER,21.74,1379.58,1183.66,1,1492.33,True
Maize,Hybrid,Cereal,Maharashtra,Pune,Kharif,7,INDIVIDUAL,63.44,979.19,932.45,0,439.74,True
Green Chilli,Local,Spice,Karnataka,Bengaluru,Kharif,5,RESTAURANT,28.61,635.4,552.89,0,731.66,True
Wheat,Common,Cereal,Maharashtra,Pune,Zaid,5,RESTAURANT,79.2,2480.68,2453.86,0,2219.12,True
Onion,Red,Vegetable,Maharashtra,Nashik,Kharif,12,INDIVIDUAL,55.63,1500.61,1468.18,0,548.36,True
Wheat,Common,Cereal,Tamil Nadu,Chennai,Zaid,12,WHOLESALER,72.79,2819.55,2549.96,0,3193.85,True
Potato,Local,Vegetable,Punjab,Ludhiana,Rabi,10,INDIVIDUAL,44.32,1525.21,1651.61,1,854.9,True
Tomato,Desi,Vegetable,Gujarat,Rajkot,Rabi,1,BUSINESS,65.94,1214.74,1411.24,0,1482.78,True
Groundnut,Local,Oilseed,Maharashtra,Mumbai,Zaid,4,RETAILER,58.83,722.13,729.44,1,805.84,True
Mango,Local,Fruit,Uttar Pradesh,Agra,Zaid,1,WHOLESALER,42.77,694.86,724.7,0,912.87,True
Groundnut,Local,Oilseed,Gujarat,Rajkot,Year-Round,5,INDIVIDUAL,39.78,1094.49,1075.79,0,513.72,True
Tomato,Desi,Vegetable,Maharashtra,Mumbai,Year-Round,12,RETAILER,21.39,1461.42,1322.38,0,1507.9,True
Soybean,Local,Oilseed,Madhya Pradesh,Indore,Kharif,7,RETAILER,40.98,1071.12,997.59,0,1041.85,True
Groundnut,Local,Oilseed,Maharashtra,Nashik,Year-Round,10,BUSINESS,85.81,915.81,829.97,1,818.51,True
Rice,Basmati,Cereal,Tamil Nadu,Chennai,Year-Round,7,RETAILER,49.01,2516.15,2447.95,0,2234.82,True
Mango,Local,Fruit,Gujarat,Rajkot,Year-Round,1,RETAILER,60.8,1018.61,988.07,0,676.96,True
Mango,Local,Fruit,Uttar Pradesh,Agra,Zaid,12,WHOLESALER,62.58,727.26,699.34,0,803.13,True
Soybean,Local,Oilseed,Uttar Pradesh,Agra,Kharif,2,BUSINESS,81.85,923.91,963.19,0,817.96,True
Soybean,Local,Oilseed,Karnataka,Bengaluru,Rabi,6,BUSINESS,70.14,694.32,797.58,0,971.5,True
Maize,Hybrid,Cereal,Punjab,Ludhiana,Kharif,1,INDIVIDUAL,28.26,948.02,1107.67,0,507.96,True
Rice,Basmati,Cereal,Tamil Nadu,Chennai,Year-Round,12,INDIVIDUAL,21.12,2925.39,2625.29,0,1401.3,True
Rice,Basmati,Cereal,Punjab,Ludhiana,Year-Round,3,RETAILER,17.21,2708.02,2816.88,0,3332.85,True
Rice,Basmati,Cereal,Maharashtra,Nashik,Zaid,8,INDIVIDUAL,36.91,2139.33,2230.02,0,1164.25,True
Groundnut,Local,Oilseed,Maharashtra,Pune,Rabi,2,BUSINESS,62.46,1076.78,993.08,0,846.35,True
Wheat,Common,Cereal,Maharashtra,Pune,Zaid,1,BUSINESS,70.52,1943.29,2580.94,0,2460.24,True
Tomato,Hybrid,Vegetable,Maharashtra,Mumbai,Year-Round,2,BUSINESS,39.4,1709.17,1445.11,0,1483.78,True
Wheat,Common,Cereal,Gujarat,Rajkot,Year-Round,12,RETAILER,34.51,2103.24,2093.22,0,1843.67,True
Maize,Hybrid,Cereal,Maharashtra,Nashik,Kharif,6,BUSINESS,34.2,967.49,1133.68,0,1513.33,True
Soybean,Local,Oilseed,Karnataka,Bengaluru,Year-Round,3,WHOLESALER,39.03,988.94,1068.82,0,1500.52,True
Wheat,Common,Cereal,Gujarat,Rajkot,Kharif,3,BUSINESS,43.32,2590.49,2459.08,0,2678.16,True
Wheat,Common,Cereal,Madhya Pradesh,Indore,Zaid,12,INDIVIDUAL,47.08,3531.25,3063.96,0,1149.7,True
Green Chilli,Local,Spice,Tamil Nadu,Chennai,Zaid,5,INDIVIDUAL,34.53,522.88,569.12,0,299.38,True
Mango,Local,Fruit,Uttar Pradesh,Agra,Rabi,3,INDIVIDUAL,36.63,771.28,758.87,0,350.62,True
Rice,Common,Cereal,Uttar Pradesh,Agra,Year-Round,4,RETAILER,43.08,2331.13,2346.05,1,2708.47,True
Rice,Basmati,Cereal,Punjab,Ludhiana,Zaid,6,RETAILER,88.76,1873.42,2375.25,0,1918.08,True
Maize,Hybrid,Cereal,Uttar Pradesh,Agra,Kharif,3,INDIVIDUAL,27.27,1105.2,1048.02,0,514.77,True
Tomato,Hybrid,Vegetable,Punjab,Ludhiana,Kharif,7,RESTAURANT,42.58,1228.98,1173.48,0,1396.87,True
Tomato,Hybrid,Vegetable,Karnataka,Bengaluru,Year-Round,4,WHOLESALER,62.33,1735.74,1509.32,1,2134.1,True
Green Chilli,Local,Spice,Uttar Pradesh,Agra,Kharif,5,RETAILER,52.8,621.96,639.53,0,610.84,True
Tomato,Hybrid,Vegetable,Karnataka,Bengaluru,Zaid,3,WHOLESALER,44.67,1585.32,1751.5,0,2354.39,True
Potato,Local,Vegetable,Maharashtra,Nashik,Year-Round,3,BUSINESS,13.45,2379.07,1966.23,0,2710.65,True
Green Chilli,Local,Spice,Maharashtra,Pune,Kharif,9,INDIVIDUAL,12.21,576.79,641.62,0,374.29,True
Soybean,Local,Oilseed,Karnataka,Bengaluru,Zaid,11,WHOLESALER,14.46,1321.85,1069.25,1,2354.93,True
Mango,Local,Fruit,Karnataka,Bengaluru,Rabi,9,INDIVIDUAL,73.25,706.45,732.35,0,218.71,True
Potato,Local,Vegetable,Madhya Pradesh,Indore,Kharif,12,RETAILER,44.47,2023.63,1937.85,0,1681.11,True
Potato,Local,Vegetable,Madhya Pradesh,Indore,Zaid,12,BUSINESS,63.8,2026.51,1754.86,0,1756.53,True
Rice,Basmati,Cereal,Punjab,Ludhiana,Kharif,12,BUSINESS,66.9,2868.71,2658.9,0,2537.52,True
Mango,Local,Fruit,Punjab,Ludhiana,Year-Round,4,INDIVIDUAL,14.28,616.48,756.47,1,638.72,True
Tomato,Hybrid,Vegetable,Maharashtra,Mumbai,Zaid,4,WHOLESALER,26.1,1664.74,1623.37,1,3197.89,True
Wheat,Common,Cereal,Maharashtra,Nashik,Year-Round,3,WHOLESALER,66.49,2109.95,1950.65,0,2361.6,True
Potato,Local,Vegetable,Punjab,Ludhiana,Year-Round,1,RETAILER,45.13,2317.52,2406.93,0,2002.29,True
Maize,Hybrid,Cereal,Maharashtra,Mumbai,Zaid,5,RESTAURANT,14.63,1411.97,1082.52,0,1760.2,True
Wheat,Common,Cereal,Karnataka,Bengaluru,Zaid,5,INDIVIDUAL,17.67,2174.71,2423.58,0,1526.75,True
Rice,Common,Cereal,Gujarat,Rajkot,Year-Round,2,BUSINESS,30.97,2840.77,2505.77,0,2674.51,True
Green Chilli,Local,Spice,Madhya Pradesh,Indore,Kharif,3,RESTAURANT,42.45,555.86,600.88,0,662.76,True
Rice,Common,Cereal,Madhya Pradesh,Indore,Year-Round,1,RETAILER,34.76,2070.26,2644.02,0,2364.47,True
Groundnut,Local,Oilseed,Maharashtra,Nashik,Zaid,3,INDIVIDUAL,65.65,851.55,789.03,0,264.97,True
Mango,Local,Fruit,Punjab,Ludhiana,Zaid,6,INDIVIDUAL,29.01,886.1,798.21,0,395.31,True
Onion,Red,Vegetable,Maharashtra,Nashik,Year-Round,2,RETAILER,41.56,1273.53,1382.79,0,1207.89,True
Tomato,Hybrid,Vegetable,Maharashtra,Pune,Rabi,10,INDIVIDUAL,88.87,1729.0,1755.97,1,666.29,True
Rice,Common,Cereal,Maharashtra,Pune,Zaid,7,INDIVIDUAL,87.37,2896.55,2979.29,0,1163.6,True
Tomato,Hybrid,Vegetable,Madhya Pradesh,Indore,Kharif,10,RESTAURANT,89.03,1740.4,1583.78,1,1601.35,True
Maize,Hybrid,Cereal,Punjab,Ludhiana,Zaid,3,BUSINESS,77.84,1201.83,1097.44,0,876.64,True
Green Chilli,Local,Spice,Maharashtra,Nashik,Zaid,8,RETAILER,85.84,646.83,626.35,0,497.04,True
Rice,Common,Cereal,Karnataka,Bengaluru,Year-Round,3,BUSINESS,65.54,3060.2,2816.28,0,3003.11,True
Soybean,Local,Oilseed,Punjab,Ludhiana,Kharif,4,RESTAURANT,61.14,1123.32,890.53,1,1074.87,True
Onion,Red,Vegetable,Karnataka,Bengaluru,Kharif,7,BUSINESS,88.5,1791.41,1485.65,0,1498.61,True
Soybean,Local,Oilseed,Maharashtra,Pune,Year-Round,10,RETAILER,86.88,1013.73,912.24,1,729.23,True
Rice,Common,Cereal,Tamil Nadu,Chennai,Rabi,6,RESTAURANT,19.55,4033.45,3292.8,0,5010.34,True
Green Chilli,Local,Spice,Maharashtra,Nashik,Rabi,1,WHOLESALER,52.7,538.17,563.51,0,626.41,True
Tomato,Desi,Vegetable,Maharashtra,Mumbai,Zaid,2,INDIVIDUAL,68.75,1245.0,1275.48,0,415.59,True
Groundnut,Local,Oilseed,Madhya Pradesh,Indore,Year-Round,6,WHOLESALER,47.78,898.09,716.8,0,989.29,True
Green Chilli,Local,Spice,Uttar Pradesh,Agra,Rabi,12,RETAILER,40.59,594.8,597.78,0,534.15,True
Rice,Common,Cereal,Karnataka,Bengaluru,Zaid,3,RETAILER,35.4,3033.88,2812.14,0,2606.97,True
Groundnut,Local,Oilseed,Maharashtra,Pune,Kharif,12,RESTAURANT,18.69,982.27,878.25,0,1070.29,True
Mango,Local,Fruit,Tamil Nadu,Chennai,Kharif,11,RETAILER,46.86,784.12,785.82,1,840.05,True
Green Chilli,Local,Spice,Madhya Pradesh,Indore,Zaid,10,RETAILER,84.97,461.1,566.33,1,500.55,True
Potato,Local,Vegetable,Karnataka,Bengaluru,Year-Round,4,INDIVIDUAL,42.05,1598.84,1866.26,1,1052.44,True
Maize,Hybrid,Cereal,Maharashtra,Mumbai,Year-Round,8,RETAILER,50.86,1403.75,1186.05,0,1137.84,True
Tomato,Desi,Vegetable,Maharashtra,Nashik,Rabi,10,BUSINESS,75.57,1507.29,1286.99,1,1507.61,True
Rice,Basmati,Cereal,Tamil Nadu,Chennai,Kharif,5,RETAILER,55.61,2283.35,2403.71,0,1873.99,True
Green Chilli,Local,Spice,Madhya Pradesh,Indore,Rabi,6,RETAILER,22.27,404.74,482.25,0,553.95,True
Potato,Local,Vegetable,Maharashtra,Pune,Rabi,10,RESTAURANT,61.95,1984.47,1803.18,1,1852.85,True
Groundnut,Local,Oilseed,Madhya Pradesh,Indore,Zaid,9,RETAILER,18.1,642.82,808.19,0,948.48,True
Onion,Red,Vegetable,Gujarat,Rajkot,Kharif,7,INDIVIDUAL,86.93,1470.27,1611.18,0,593.3,True
Potato,Local,Vegetable,Madhya Pradesh,Indore,Rabi,2,RETAILER,50.13,1896.86,2290.02,0,1772.7,True
Groundnut,Local,Oilseed,Maharashtra,Mumbai,Kharif,10,INDIVIDUAL,83.2,1215.06,920.67,1,378.89,True
Soybean,Local,Oilseed,Maharashtra,Pune,Rabi,5,RETAILER,37.64,841.86,815.38,0,846.98,True
Rice,Basmati,Cereal,Tamil Nadu,Chennai,Kharif,11,WHOLESALER,80.39,1731.44,2188.29,1,3012.69,True
Tomato,Desi,Vegetable,Tamil Nadu,Chennai,Year-Round,8,INDIVIDUAL,42.38,1074.71,1283.92,0,552.52,True
Maize,Hybrid,Cereal,Maharashtra,Mumbai,Zaid,12,RETAILER,46.5,1265.37,1132.46,0,979.32,True
Soybean,Local,Oilseed,Tamil Nadu,Chennai,Rabi,3,BUSINESS,33.73,994.3,911.59,0,1295.0,True
Green Chilli,Local,Spice,Karnataka,Bengaluru,Kharif,4,RESTAURANT,45.54,644.7,647.67,1,926.62,True
Onion,Red,Vegetable,Maharashtra,Nashik,Year-Round,12,INDIVIDUAL,47.13,1599.5,1637.46,0,714.38,True
Tomato,Desi,Vegetable,Gujarat,Rajkot,Zaid,8,RESTAURANT,15.49,1561.34,1425.13,0,2063.41,True
Tomato,Hybrid,Vegetable,Maharashtra,Nashik,Kharif,4,RETAILER,25.74,1347.28,1447.91,1,2152.64,True
Tomato,Hybrid,Vegetable,Tamil Nadu,Chennai,Rabi,5,INDIVIDUAL,57.46,1585.78,1540.95,0,663.64,True
Maize,Hybrid,Cereal,Gujarat,Rajkot,Kharif,5,BUSINESS,15.9,990.93,1047.66,0,1504.87,True
Green Chilli,Local,Spice,Uttar Pradesh,Agra,Kharif,11,WHOLESALER,75.73,583.36,646.96,1,877.13,True
Tomato,Desi,Vegetable,Gujarat,Rajkot,Rabi,12,INDIVIDUAL,56.62,1260.35,1405.12,0,615.36,True
Maize,Hybrid,Cereal,Maharashtra,Mumbai,Rabi,3,RETAILER,49.63,1187.36,1140.02,0,987.98,True
Soybean,Local,Oilseed,Karnataka,Bengaluru,Year-Round,4,RESTAURANT,50.86,1086.54,1026.86,1,1280.92,True
Rice,Common,Cereal,Gujarat,Rajkot,Rabi,1,INDIVIDUAL,87.56,1933.02,2246.46,0,685.82,True
Groundnut,Local,Oilseed,Madhya Pradesh,Indore,Zaid,10,RETAILER,88.03,742.21,829.66,1,819.17,True
Green Chilli,Local,Spice,Karnataka,Bengaluru,Year-Round,5,RETAILER,88.84,574.64,646.88,0,590.24,True
Groundnut,Local,Oilseed,Maharashtra,Pune,Zaid,1,BUSINESS,67.92,716.08,779.92,0,741.55,True
Green Chilli,Local,Spice,Karnataka,Bengaluru,Zaid,11,RESTAURANT,13.14,431.73,551.81,1,934.15,True
Green Chilli,Local,Spice,Gujarat,Rajkot,Year-Round,12,RETAILER,64.26,644.27,653.08,0,492.77,True
Green Chilli,Local,Spice,Uttar Pradesh,Agra,Rabi,11,BUSINESS,32.35,468.77,496.91,1,678.68,True
Soybean,Local,Oilseed,Maharashtra,Nashik,Kharif,5,RETAILER,60.25,953.76,974.51,0,820.85,True
Green Chilli,Local,Spice,Maharashtra,Mumbai,Rabi,10,RETAILER,48.0,570.0,629.48,1,644.27,True
Maize,Hybrid,Cereal,Madhya Pradesh,Indore,Kharif,6,RETAILER,15.13,1009.31,1011.89,0,1516.68,True
Mango,Local,Fruit,Gujarat,Rajkot,Kharif,4,RESTAURANT,80.29,880.87,792.15,1,817.37,True
Rice,Common,Cereal,Punjab,Ludhiana,Year-Round,6,WHOLESALER,27.38,2985.21,2539.24,0,4793.35,True
Tomato,Hybrid,Vegetable,Punjab,Ludhiana,Rabi,12,RESTAURANT,50.57,1597.11,1638.06,0,1465.15,True
Maize,Hybrid,Cereal,Gujarat,Rajkot,Zaid,3,INDIVIDUAL,35.49,1241.35,1140.67,0,446.31,True
Green Chilli,Local,Spice,Karnataka,Bengaluru,Year-Round,2,RETAILER,13.13,722.33,602.3,0,700.23,True
Groundnut,Local,Oilseed,Uttar Pradesh,Agra,Zaid,3,RETAILER,34.03,906.67,924.49,0,794.46,True
Potato,Local,Vegetable,Maharashtra,Pune,Year-Round,9,INDIVIDUAL,56.78,2277.94,1995.29,0,741.72,True
Soybean,Local,Oilseed,Tamil Nadu,Chennai,Rabi,12,RETAILER,27.76,1140.74,1150.22,0,1201.07,True
Rice,Basmati,Cereal,Maharashtra,Nashik,Year-Round,5,RETAILER,69.59,2540.38,2449.21,0,2173.17,True
Tomato,Desi,Vegetable,Maharashtra,Mumbai,Zaid,4,WHOLESALER,44.76,1330.66,1183.05,1,2075.25,True
Rice,Common,Cereal,Karnataka,Bengaluru,Rabi,11,RESTAURANT,85.16,2670.52,2650.42,1,2815.89,True
Potato,Local,Vegetable,Karnataka,Bengaluru,Rabi,5,WHOLESALER,71.96,1838.21,1855.95,0,2428.53,True
Green Chilli,Local,Spice,Karnataka,Bengaluru,Zaid,5,WHOLESALER,59.04,630.78,565.98,0,748.42,True
Potato,Local,Vegetable,Tamil Nadu,Chennai,Kharif,5,INDIVIDUAL,74.05,1549.75,1534.51,0,595.57,True
Maize,Hybrid,Cereal,Uttar Pradesh,Agra,Zaid,3,BUSINESS,64.65,1120.9,1177.04,0,1096.52,True
Rice,Common,Cereal,Punjab,Ludhiana,Year-Round,9,INDIVIDUAL,42.71,3116.52,3003.54,0,1202.49,True
Rice,Common,Cereal,Madhya Pradesh,Indore,Kharif,11,INDIVIDUAL,69.89,2855.37,2427.39,1,986.46,True
Tomato,Hybrid,Vegetable,Maharashtra,Mumbai,Year-Round,8,RESTAURANT,80.58,1573.11,1380.46,0,1191.2,True
Mango,Local,Fruit,Madhya Pradesh,Indore,Rabi,3,RETAILER,60.76,722.98,760.65,0,690.82,True
Groundnut,Local,Oilseed,Maharashtra,Pune,Kharif,7,BUSINESS,56.74,1183.52,965.02,0,1026.65,True
Rice,Common,Cereal,Madhya Pradesh,Indore,Rabi,9,RETAILER,75.87,2511.77,2265.18,0,1627.45,True
Green Chilli,Local,Spice,Maharashtra,Mumbai,Zaid,2,RETAILER,51.11,729.61,681.64,0,551.48,True
Tomato,Desi,Vegetable,Punjab,Ludhiana,Kharif,4,BUSINESS,47.62,1534.3,1325.52,1,1995.38,True
Green Chilli,Local,Spice,Uttar Pradesh,Agra,Kharif,5,BUSINESS,49.92,523.1,637.42,0,806.67,True
Wheat,Common,Cereal,Gujarat,Rajkot,Year-Round,3,INDIVIDUAL,33.75,1804.64,2123.05,0,918.08,True
Groundnut,Local,Oilseed,Maharashtra,Pune,Year-Round,12,INDIVIDUAL,46.36,944.13,1011.12,0,360.0,True
Potato,Local,Vegetable,Uttar Pradesh,Agra,Year-Round,5,WHOLESALER,72.81,1604.35,1564.66,0,2248.28,True
Tomato,Hybrid,Vegetable,Gujarat,Rajkot,Zaid,2,WHOLESALER,29.42,1401.43,1438.5,0,1740.96,True
Tomato,Hybrid,Vegetable,Gujarat,Rajkot,Year-Round,5,RETAILER,35.9,1053.09,1479.89,0,1579.48,True
Tomato,Desi,Vegetable,Punjab,Ludhiana,Zaid,1,BUSINESS,30.35,929.19,1087.59,0,1383.43,True
Potato,Local,Vegetable,Gujarat,Rajkot,Kharif,9,RESTAURANT,58.18,1567.53,1699.9,0,1635.34,True
Wheat,Common,Cereal,Madhya Pradesh,Indore,Year-Round,11,WHOLESALER,70.19,2042.9,2146.59,1,2713.42,True
Mango,Local,Fruit,Maharashtra,Nashik,Zaid,7,RESTAURANT,28.47,736.97,853.65,0,1058.53,True
Soybean,Local,Oilseed,Maharashtra,Pune,Zaid,6,BUSINESS,69.12,860.13,940.5,0,1028.66,True
Green Chilli,Local,Spice,Punjab,Ludhiana,Year-Round,3,BUSINESS,17.93,699.53,676.14,0,917.8,True
Rice,Basmati,Cereal,Maharashtra,Mumbai,Kharif,3,RESTAURANT,87.67,2385.22,2609.5,0,2270.34,True
Rice,Basmati,Cereal,Punjab,Ludhiana,Rabi,8,RESTAURANT,71.73,2324.34,2721.85,0,2754.24,True
Maize,Hybrid,Cereal,Gujarat,Rajkot,Zaid,5,INDIVIDUAL,31.87,987.6,892.53,0,448.55,True
Wheat,Common,Cereal,Gujarat,Rajkot,Zaid,2,INDIVIDUAL,54.19,2146.05,2436.0,0,957.31,True
Soybean,Local,Oilseed,Tamil Nadu,Chennai,Rabi,1,RETAILER,69.38,1022.33,911.29,0,558.21,True
Mango,Local,Fruit,Madhya Pradesh,Indore,Year-Round,4,RETAILER,74.41,953.09,950.62,1,924.24,True
Wheat,Common,Cereal,Maharashtra,Nashik,Zaid,10,BUSINESS,28.8,2205.21,2418.92,1,3660.71,True
Rice,Basmati,Cereal,Karnataka,Bengaluru,Year-Round,7,WHOLESALER,13.24,2618.41,2331.69,0,4868.29,True
Potato,Local,Vegetable,Madhya Pradesh,Indore,Zaid,11,BUSINESS,69.62,1828.4,1817.17,1,1962.19,True
Wheat,Common,Cereal,Madhya Pradesh,Indore,Kharif,7,WHOLESALER,89.8,1755.64,1969.15,0,2384.09,True
Maize,Hybrid,Cereal,Tamil Nadu,Chennai,Year-Round,12,INDIVIDUAL,87.54,1295.93,1022.44,0,349.26,True
Tomato,Hybrid,Vegetable,Punjab,Ludhiana,Zaid,12,RETAILER,61.46,1586.83,1550.79,0,1237.33,True
Groundnut,Local,Oilseed,Uttar Pradesh,Agra,Year-Round,2,RESTAURANT,45.95,666.7,906.5,0,755.66,True
Green Chilli,Local,Spice,Gujarat,Rajkot,Year-Round,6,WHOLESALER,82.42,418.86,420.28,0,576.38,True
Green Chilli,Local,Spice,Karnataka,Bengaluru,Rabi,4,WHOLESALER,32.42,694.06,659.67,1,1324.34,True
Tomato,Hybrid,Vegetable,Maharashtra,Nashik,Rabi,3,WHOLESALER,68.77,1111.75,1238.74,0,1396.39,True
Mango,Local,Fruit,Karnataka,Bengaluru,Rabi,9,BUSINESS,65.45,806.27,798.19,0,830.83,True
Wheat,Common,Cereal,Gujarat,Rajkot,Kharif,3,BUSINESS,40.0,2218.37,2321.32,0,2629.64,True
Groundnut,Local,Oilseed,Punjab,Ludhiana,Year-Round,5,INDIVIDUAL,23.19,1002.74,904.23,0,507.13,True
Mango,Local,Fruit,Punjab,Ludhiana,Kharif,8,RETAILER,23.75,868.34,812.54,0,885.42,True
Groundnut,Local,Oilseed,Tamil Nadu,Chennai,Year-Round,9,INDIVIDUAL,25.93,752.64,903.43,0,430.66,True
Potato,Local,Vegetable,Punjab,Ludhiana,Kharif,3,RETAILER,60.85,1814.28,1920.24,0,1454.79,True
Rice,Basmati,Cereal,Punjab,Ludhiana,Year-Round,2,WHOLESALER,74.9,2906.98,2175.61,0,2397.31,True
Rice,Common,Cereal,Madhya Pradesh,Indore,Zaid,2,INDIVIDUAL,37.46,2336.9,2431.79,0,1085.13,True
Wheat,Common,Cereal,Uttar Pradesh,Agra,Zaid,11,INDIVIDUAL,45.98,2938.23,2466.44,1,1265.77,True
Mango,Local,Fruit,Maharashtra,Pune,Kharif,10,RETAILER,66.23,1008.23,887.57,1,900.04,True
Tomato,Hybrid,Vegetable,Uttar Pradesh,Agra,Zaid,11,INDIVIDUAL,68.69,1681.91,1506.68,1,672.42,True
Tomato,Desi,Vegetable,Gujarat,Rajkot,Zaid,10,RESTAURANT,65.35,1231.59,1189.88,1,1348.46,True
Rice,Common,Cereal,Maharashtra,Nashik,Kharif,6,BUSINESS,54.8,3215.29,2656.34,0,3136.06,True
Green Chilli,Local,Spice,Maharashtra,Pune,Kharif,2,BUSINESS,73.24,632.36,701.84,0,623.07,True
Green Chilli,Local,Spice,Uttar Pradesh,Agra,Year-Round,6,WHOLESALER,76.7,527.04,604.17,0,721.57,True
Mango,Local,Fruit,Punjab,Ludhiana,Kharif,10,INDIVIDUAL,50.79,777.0,759.25,1,389.16,True
Tomato,Desi,Vegetable,Gujarat,Rajkot,Year-Round,10,BUSINESS,42.99,1209.4,1336.44,1,1685.28,True
Soybean,Local,Oilseed,Maharashtra,Nashik,Rabi,5,RESTAURANT,78.1,739.19,1018.46,0,866.29,True
Mango,Local,Fruit,Gujarat,Rajkot,Rabi,3,INDIVIDUAL,31.49,822.32,903.39,0,439.24,True
Groundnut,Local,Oilseed,Gujarat,Rajkot,Year-Round,2,INDIVIDUAL,60.64,693.24,816.95,0,307.66,True
Rice,Basmati,Cereal,Madhya Pradesh,Indore,Zaid,12,INDIVIDUAL,88.28,2346.39,2533.96,0,913.22,True
Wheat,Common,Cereal,Madhya Pradesh,Indore,Year-Round,10,INDIVIDUAL,45.79,2054.12,2325.64,1,1306.77,True
Tomato,Hybrid,Vegetable,Tamil Nadu,Chennai,Rabi,12,INDIVIDUAL,14.39,1442.71,1337.9,0,808.14,True
Onion,Red,Vegetable,Punjab,Ludhiana,Year-Round,6,INDIVIDUAL,71.59,1317.51,1367.97,0,515.01,True
Mango,Local,Fruit,Maharashtra,Mumbai,Year-Round,6,BUSINESS,35.14,933.82,948.02,0,1385.26,True
Potato,Local,Vegetable,Tamil Nadu,Chennai,Rabi,3,RETAILER,55.47,1892.42,1872.7,0,1459.18,True
Maize,Hybrid,Cereal,Uttar Pradesh,Agra,Rabi,11,RESTAURANT,33.6,1071.29,1148.37,1,1314.26,True
Mango,Local,Fruit,Tamil Nadu,Chennai,Kharif,1,RETAILER,65.49,1003.37,936.73,0,742.64,True
Maize,Hybrid,Cereal,Tamil Nadu,Chennai,Year-Round,5,BUSINESS,56.79,1311.05,1193.93,0,1416.33,True
Rice,Common,Cereal,Uttar Pradesh,Agra,Kharif,5,INDIVIDUAL,78.74,2286.42,2406.73,0,1041.03,True
Groundnut,Local,Oilseed,Karnataka,Bengaluru,Zaid,11,RETAILER,38.08,781.55,844.09,1,910.02,True
Wheat,Common,Cereal,Maharashtra,Mumbai,Rabi,12,INDIVIDUAL,24.27,2695.52,2574.0,0,1342.08,True
Rice,Basmati,Cereal,Maharashtra,Nashik,Zaid,5,INDIVIDUAL,73.56,2506.82,2550.01,0,1051.67,True
Wheat,Common,Cereal,Tamil Nadu,Chennai,Rabi,6,WHOLESALER,44.14,2777.47,2412.1,0,4029.6,True
Onion,Red,Vegetable,Karnataka,Bengaluru,Year-Round,11,INDIVIDUAL,53.68,1025.75,1388.53,1,629.0,True
Groundnut,Local,Oilseed,Gujarat,Rajkot,Kharif,7,RESTAURANT,42.87,991.15,936.69,0,1144.55,True
Mango,Local,Fruit,Maharashtra,Nashik,Year-Round,9,INDIVIDUAL,16.01,979.22,871.06,0,539.4,True
Green Chilli,Local,Spice,Gujarat,Rajkot,Year-Round,12,RETAILER,62.6,762.1,655.52,0,490.89,True
Green Chilli,Local,Spice,Tamil Nadu,Chennai,Rabi,8,RESTAURANT,19.16,760.67,674.99,0,831.87,True
Onion,Red,Vegetable,Madhya Pradesh,Indore,Year-Round,3,RETAILER,22.46,1245.92,1216.04,0,1245.07,True
Groundnut,Local,Oilseed,Maharashtra,Pune,Rabi,7,WHOLESALER,17.22,826.54,944.5,0,1889.42,True
Tomato,Desi,Vegetable,Tamil Nadu,Chennai,Kharif,8,INDIVIDUAL,31.35,1264.08,1291.1,0,607.64,True
Soybean,Local,Oilseed,Karnataka,Bengaluru,Year-Round,11,BUSINESS,71.85,1149.96,1062.77,1,1176.24,True
Green Chilli,Local,Spice,Karnataka,Bengaluru,Rabi,12,INDIVIDUAL,67.8,668.65,648.95,0,244.98,True
Rice,Common,Cereal,Maharashtra,Pune,Year-Round,11,INDIVIDUAL,72.72,2173.41,2316.4,1,1029.85,True
Groundnut,Local,Oilseed,Madhya Pradesh,Indore,Kharif,2,BUSINESS,58.61,724.65,750.82,0,752.95,True
Potato,Local,Vegetable,Tamil Nadu,Chennai,Zaid,2,WHOLESALER,69.54,1754.32,1863.91,0,1863.32,True
Green Chilli,Local,Spice,Tamil Nadu,Chennai,Kharif,1,WHOLESALER,39.5,757.38,643.14,0,869.5,True
Potato,Local,Vegetable,Punjab,Ludhiana,Zaid,3,WHOLESALER,23.1,1932.29,1678.7,0,2739.69,True
Potato,Local,Vegetable,Madhya Pradesh,Indore,Rabi,11,RESTAURANT,12.64,1768.13,1688.39,1,2792.84,True
Wheat,Common,Cereal,Punjab,Ludhiana,Rabi,4,RETAILER,62.68,1815.64,2327.14,1,2306.3,True
Tomato,Desi,Vegetable,Karnataka,Bengaluru,Zaid,3,INDIVIDUAL,56.1,1433.02,1532.93,0,602.6,True
Rice,Basmati,Cereal,Maharashtra,Nashik,Zaid,1,WHOLESALER,74.7,2110.9,2232.09,0,2067.9,True
Potato,Local,Vegetable,Maharashtra,Mumbai,Zaid,9,BUSINESS,63.61,1248.44,1820.99,0,1800.07,True
Maize,Hybrid,Cereal,Maharashtra,Mumbai,Kharif,8,WHOLESALER,78.09,1186.57,1122.13,0,1213.54,True
Rice,Common,Cereal,Punjab,Ludhiana,Zaid,5,INDIVIDUAL,24.15,2217.82,2586.3,0,1421.79,True
Potato,Local,Vegetable,Maharashtra,Mumbai,Zaid,8,RETAILER,69.99,1703.9,1601.25,0,1321.6,True
Tomato,Desi,Vegetable,Uttar Pradesh,Agra,Rabi,12,RETAILER,54.38,1177.11,1341.23,0,1160.34,True
Wheat,Common,Cereal,Madhya Pradesh,Indore,Rabi,3,RESTAURANT,57.28,2079.91,2102.97,0,1772.52,True
Rice,Common,Cereal,Tamil Nadu,Chennai,Zaid,10,BUSINESS,32.0,2986.5,2902.82,1,4239.73,True
Soybean,Local,Oilseed,Gujarat,Rajkot,Rabi,8,BUSINESS,33.82,929.61,1028.79,0,1515.77,True
Potato,Local,Vegetable,Maharashtra,Nashik,Year-Round,6,RESTAURANT,62.47,1775.56,1816.51,0,2102.4,True
Tomato,Desi,Vegetable,Gujarat,Rajkot,Year-Round,9,BUSINESS,50.21,1159.84,1469.73,0,1593.95,True
Mango,Local,Fruit,Punjab,Ludhiana,Year-Round,6,RETAILER,75.78,1051.38,895.17,0,663.25,True
Tomato,Desi,Vegetable,Maharashtra,Pune,Kharif,5,WHOLESALER,87.6,1100.46,1114.25,0,1407.56,True
Soybean,Local,Oilseed,Uttar Pradesh,Agra,Rabi,5,WHOLESALER,16.29,1054.99,1034.58,0,2187.5,True
Rice,Common,Cereal,Maharashtra,Nashik,Year-Round,12,BUSINESS,17.56,2927.67,2771.24,0,4033.4,True
Soybean,Local,Oilseed,Maharashtra,Pune,Kharif,9,RESTAURANT,19.44,843.29,806.09,0,1014.97,True
Tomato,Hybrid,Vegetable,Madhya Pradesh,Indore,Rabi,8,RESTAURANT,24.09,1359.95,1509.16,0,1980.76,True
Groundnut,Local,Oilseed,Uttar Pradesh,Agra,Rabi,3,RESTAURANT,75.77,795.39,948.02,0,840.83,True
Mango,Local,Fruit,Gujarat,Rajkot,Zaid,8,WHOLESALER,77.31,724.5,791.34,0,1026.86,True
Tomato,Hybrid,Vegetable,Maharashtra,Mumbai,Kharif,10,WHOLESALER,47.29,2216.88,1966.99,1,3112.39,True
Onion,Red,Vegetable,Maharashtra,Mumbai,Kharif,4,RESTAURANT,47.64,1607.32,1586.54,1,2136.57,True
Wheat,Common,Cereal,Maharashtra,Pune,Zaid,3,RESTAURANT,78.61,2565.83,2396.89,0,1681.81,True
Tomato,Hybrid,Vegetable,Uttar Pradesh,Agra,Kharif,10,RESTAURANT,77.51,1564.82,1721.34,1,1615.57,True
Wheat,Common,Cereal,Maharashtra,Pune,Rabi,7,RESTAURANT,17.02,2537.89,2822.55,0,4181.65,True
Tomato,Hybrid,Vegetable,Maharashtra,Mumbai,Year-Round,9,BUSINESS,76.51,1415.85,1376.25,0,1393.01,True
Rice,Common,Cereal,Madhya Pradesh,Indore,Kharif,2,INDIVIDUAL,16.39,2547.28,2916.03,0,1415.66,True
Rice,Basmati,Cereal,Karnataka,Bengaluru,Zaid,8,RETAILER,32.87,2708.5,2676.72,0,2505.45,True
Maize,Hybrid,Cereal,Maharashtra,Nashik,Kharif,12,RESTAURANT,47.59,1166.13,1174.03,0,1228.91,True
Tomato,Desi,Vegetable,Punjab,Ludhiana,Rabi,1,BUSINESS,53.68,1198.76,1260.25,0,1340.44,True
Potato,Local,Vegetable,Maharashtra,Nashik,Kharif,7,BUSINESS,67.25,2199.49,1980.81,0,2048.47,True
Tomato,Hybrid,Vegetable,Uttar Pradesh,Agra,Year-Round,4,WHOLESALER,89.92,1642.35,1482.63,1,2071.61,True
Maize,Hybrid,Cereal,Madhya Pradesh,Indore,Year-Round,8,BUSINESS,72.54,976.72,878.74,0,889.08,True
Tomato,Hybrid,Vegetable,Punjab,Ludhiana,Year-Round,4,RESTAURANT,51.66,1179.99,1433.41,1,1951.66,True
Tomato,Desi,Vegetable,Maharashtra,Nashik,Kharif,3,WHOLESALER,78.88,1150.65,1292.93,0,1247.22,True
Soybean,Local,Oilseed,Maharashtra,Nashik,Zaid,2,BUSINESS,30.1,1021.95,1126.19,0,1195.01,True
Rice,Common,Cereal,Tamil Nadu,Chennai,Zaid,6,WHOLESALER,79.84,2698.61,2306.61,0,3458.09,True
Tomato,Desi,Vegetable,Maharashtra,Pune,Year-Round,3,RETAILER,17.33,1138.04,1078.35,0,1236.58,True
Mango,Local,Fruit,Gujarat,Rajkot,Kharif,3,BUSINESS,63.24,679.26,674.16,0,567.93,True
Onion,Red,Vegetable,Uttar Pradesh,Agra,Zaid,11,WHOLESALER,37.42,968.66,1218.17,1,1852.98,True
Green Chilli,Local,Spice,Gujarat,Rajkot,Zaid,5,BUSINESS,47.34,464.34,564.6,0,695.88,True
Rice,Basmati,Cereal,Maharashtra,Pune,Kharif,9,INDIVIDUAL,40.83,3216.44,3052.81,0,1121.59,True
Rice,Basmati,Cereal,Maharashtra,Nashik,Zaid,1,INDIVIDUAL,55.01,2153.08,2224.6,0,760.42,True
Mango,Local,Fruit,Uttar Pradesh,Agra,Year-Round,1,INDIVIDUAL,50.15,680.4,734.51,0,269.53,True
Maize,Hybrid,Cereal,Gujarat,Rajkot,Zaid,6,BUSINESS,71.66,762.81,858.05,0,870.44,True
Maize,Hybrid,Cereal,Madhya Pradesh,Indore,Year-Round,3,RESTAURANT,37.06,1445.72,1198.72,0,1238.62,True
Green Chilli,Local,Spice,Maharashtra,Nashik,Zaid,5,RESTAURANT,47.97,662.4,628.32,0,654.29,True
Rice,Common,Cereal,Maharashtra,Nashik,Zaid,3,BUSINESS,57.84,2528.78,2938.39,0,3360.34,True
Mango,Local,Fruit,Punjab,Ludhiana,Zaid,1,RESTAURANT,54.5,833.8,788.72,0,723.62,True
Groundnut,Local,Oilseed,Tamil Nadu,Chennai,Kharif,12,RETAILER,79.38,917.77,882.46,0,712.08,True
Rice,Common,Cereal,Punjab,Ludhiana,Rabi,4,RETAILER,21.28,2068.17,2126.63,1,3722.94,True
Potato,Local,Vegetable,Maharashtra,Nashik,Year-Round,9,INDIVIDUAL,73.85,1935.01,1604.5,0,523.92,True
Onion,Red,Vegetable,Madhya Pradesh,Indore,Zaid,12,RETAILER,87.83,1604.5,1541.45,0,961.69,True
Groundnut,Local,Oilseed,Punjab,Ludhiana,Zaid,10,WHOLESALER,66.19,859.09,858.41,1,1251.26,True
Rice,Basmati,Cereal,Punjab,Ludhiana,Year-Round,4,BUSINESS,15.31,2323.61,2080.2,1,4032.49,True
Groundnut,Local,Oilseed,Punjab,Ludhiana,Year-Round,10,WHOLESALER,69.24,575.74,772.86,1,1082.06,True
Wheat,Common,Cereal,Punjab,Ludhiana,Kharif,2,RESTAURANT,87.83,2139.17,2406.47,0,1648.94,True
Soybean,Local,Oilseed,Maharashtra,Mumbai,Kharif,6,INDIVIDUAL,67.51,997.09,967.36,0,414.04,True
Maize,Hybrid,Cereal,Maharashtra,Mumbai,Kharif,3,INDIVIDUAL,46.65,1129.06,1099.43,0,505.39,True
Rice,Common,Cereal,Maharashtra,Mumbai,Zaid,4,WHOLESALER,27.28,2756.81,2724.64,1,4784.43,True
Mango,Local,Fruit,Maharashtra,Mumbai,Zaid,5,RESTAURANT,12.32,705.87,733.62,0,1084.01,True
Potato,Local,Vegetable,Madhya Pradesh,Indore,Zaid,8,BUSINESS,41.58,1889.67,1744.12,0,2234.82,True
Potato,Local,Vegetable,Tamil Nadu,Chennai,Kharif,5,BUSINESS,86.11,1976.06,1636.61,0,1929.2,True
Rice,Basmati,Cereal,Gujarat,Rajkot,Year-Round,3,INDIVIDUAL,16.93,2762.01,2426.8,0,1348.08,True
Groundnut,Local,Oilseed,Madhya Pradesh,Indore,Zaid,11,INDIVIDUAL,17.24,735.15,813.62,1,515.94,True
Tomato,Desi,Vegetable,Madhya Pradesh,Indore,Rabi,6,INDIVIDUAL,30.66,1399.84,1275.19,0,709.91,True
Tomato,Desi,Vegetable,Uttar Pradesh,Agra,Kharif,3,RESTAURANT,69.86,1670.17,1369.64,0,1345.01,True
Groundnut,Local,Oilseed,Maharashtra,Mumbai,Zaid,11,INDIVIDUAL,30.62,739.38,696.5,1,397.4,True
Onion,Red,Vegetable,Tamil Nadu,Chennai,Kharif,3,RESTAURANT,47.29,1209.67,1416.53,0,1352.99,True
Potato,Local,Vegetable,Tamil Nadu,Chennai,Year-Round,2,INDIVIDUAL,76.11,1466.43,1583.36,0,430.33,True
Soybean,Local,Oilseed,Maharashtra,Nashik,Year-Round,9,BUSINESS,45.23,859.44,849.67,0,896.46,True
Soybean,Local,Oilseed,Maharashtra,Mumbai,Rabi,6,BUSINESS,69.34,1098.14,982.44,0,950.6,True
Rice,Common,Cereal,Maharashtra,Mumbai,Year-Round,7,INDIVIDUAL,17.28,2257.95,2344.48,0,1526.23,True
Potato,Local,Vegetable,Uttar Pradesh,Agra,Rabi,11,BUSINESS,22.72,1471.16,1679.52,1,2318.5,True
Soybean,Local,Oilseed,Uttar Pradesh,Agra,Kharif,7,BUSINESS,29.58,983.98,848.39,0,1353.39,True
Mango,Local,Fruit,Maharashtra,Mumbai,Zaid,8,BUSINESS,27.2,669.66,741.67,0,1068.21,True
Mango,Local,Fruit,Punjab,Ludhiana,Rabi,7,WHOLESALER,58.22,684.73,792.18,0,1179.92,True
Groundnut,Local,Oilseed,Maharashtra,Pune,Zaid,12,RETAILER,59.24,916.36,963.37,0,840.09,True
Wheat,Common,Cereal,Maharashtra,Mumbai,Kharif,4,RESTAURANT,13.33,1949.9,2296.6,1,4674.02,True
Tomato,Hybrid,Vegetable,Madhya Pradesh,Indore,Year-Round,12,RESTAURANT,79.79,1178.17,1309.78,0,1082.55,True
Maize,Hybrid,Cereal,Punjab,Ludhiana,Zaid,10,RETAILER,77.63,1138.29,1067.64,1,969.63,True
Rice,Basmati,Cereal,Madhya Pradesh,Indore,Zaid,3,RETAILER,49.02,2417.15,2608.24,0,1991.67,True
Potato,Local,Vegetable,Gujarat,Rajkot,Rabi,11,RETAILER,70.13,1572.62,1739.21,1,1448.09,True
Tomato,Hybrid,Vegetable,Uttar Pradesh,Agra,Kharif,6,RESTAURANT,51.44,1392.82,1417.01,0,1758.11,True
Tomato,Desi,Vegetable,Punjab,Ludhiana,Zaid,10,WHOLESALER,30.98,1191.66,1267.45,1,2257.55,True
Wheat,Common,Cereal,Madhya Pradesh,Indore,Rabi,6,BUSINESS,74.23,2368.51,2380.24,0,2648.35,True
Mango,Local,Fruit,Punjab,Ludhiana,Zaid,6,RESTAURANT,55.08,957.98,855.57,0,935.06,True
Tomato,Desi,Vegetable,Uttar Pradesh,Agra,Kharif,6,BUSINESS,45.37,1742.16,1491.56,0,2018.85,True
Tomato,Hybrid,Vegetable,Tamil Nadu,Chennai,Rabi,6,RETAILER,30.69,1239.65,1288.92,0,1460.75,True
Green Chilli,Local,Spice,Karnataka,Bengaluru,Rabi,4,BUSINESS,28.74,665.68,664.18,1,1156.91,True
Tomato,Hybrid,Vegetable,Tamil Nadu,Chennai,Zaid,8,BUSINESS,89.08,1731.2,1664.38,0,1572.84,True
Maize,Hybrid,Cereal,Maharashtra,Nashik,Rabi,12,BUSINESS,59.84,872.94,1035.1,0,957.93,True
Green Chilli,Local,Spice,Madhya Pradesh,Indore,Year-Round,6,RESTAURANT,20.64,693.18,635.37,0,996.27,True
Mango,Local,Fruit,Maharashtra,Pune,Year-Round,8,WHOLESALER,45.62,795.39,897.25,0,1494.13,True
Tomato,Hybrid,Vegetable,Maharashtra,Nashik,Year-Round,11,BUSINESS,12.92,1517.81,1332.06,1,2603.14,True
Wheat,Common,Cereal,Maharashtra,Nashik,Zaid,4,RETAILER,42.62,2334.6,2254.21,1,2905.89,True
Wheat,Common,Cereal,Maharashtra,Mumbai,Year-Round,9,BUSINESS,20.83,2031.56,2341.18,0,3254.03,True
Soybean,Local,Oilseed,Tamil Nadu,Chennai,Year-Round,3,BUSINESS,30.19,957.65,910.31,0,1076.28,True
Green Chilli,Local,Spice,Uttar Pradesh,Agra,Zaid,3,WHOLESALER,41.27,497.43,526.42,0,545.17,True
Mango,Local,Fruit,Uttar Pradesh,Agra,Kharif,3,INDIVIDUAL,52.07,756.95,845.25,0,309.63,True
Tomato,Hybrid,Vegetable,Punjab,Ludhiana,Zaid,1,RESTAURANT,66.06,1492.53,1506.17,0,1379.8,True
Rice,Common,Cereal,Gujarat,Rajkot,Rabi,6,RESTAURANT,52.3,2680.49,2926.3,0,3688.08,True
Green Chilli,Local,Spice,Karnataka,Bengaluru,Kharif,3,RESTAURANT,18.14,516.72,567.04,0,696.81,True
Maize,Hybrid,Cereal,Maharashtra,Mumbai,Year-Round,7,RETAILER,58.09,843.28,1155.37,0,935.18,True
Rice,Common,Cereal,Uttar Pradesh,Agra,Kharif,3,BUSINESS,62.92,2233.77,2519.37,0,2496.73,True
Mango,Local,Fruit,Tamil Nadu,Chennai,Year-Round,7,INDIVIDUAL,15.63,691.33,855.08,0,609.02,True
Rice,Basmati,Cereal,Uttar Pradesh,Agra,Zaid,10,BUSINESS,12.13,3075.61,2830.0,1,5440.04,True
Onion,Red,Vegetable,Maharashtra,Mumbai,Rabi,9,RESTAURANT,28.45,1258.48,1171.49,0,1352.55,True
Tomato,Desi,Vegetable,Tamil Nadu,Chennai,Kharif,3,INDIVIDUAL,60.74,1197.61,1153.11,0,392.27,True
Rice,Basmati,Cereal,Punjab,Ludhiana,Rabi,10,WHOLESALER,33.43,2717.51,2984.8,1,5233.8,True
Potato,Local,Vegetable,Madhya Pradesh,Indore,Zaid,11,WHOLESALER,87.39,2197.45,1967.17,1,2719.1,True
Green Chilli,Local,Spice,Punjab,Ludhiana,Kharif,9,WHOLESALER,81.3,615.24,593.9,0,548.76,True
Mango,Local,Fruit,Tamil Nadu,Chennai,Zaid,6,INDIVIDUAL,58.24,843.49,740.33,0,305.75,True
Onion,Red,Vegetable,Maharashtra,Nashik,Rabi,9,INDIVIDUAL,30.62,1445.17,1423.91,0,644.03,True
Potato,Local,Vegetable,Maharashtra,Nashik,Year-Round,11,BUSINESS,52.48,1216.21,1684.94,1,2151.23,True
Groundnut,Local,Oilseed,Karnataka,Bengaluru,Zaid,2,RESTAURANT,87.23,828.84,865.83,0,670.19,True
Wheat,Common,Cereal,Tamil Nadu,Chennai,Year-Round,7,RETAILER,77.29,2563.16,2478.33,0,2019.6,True
Tomato,Desi,Vegetable,Madhya Pradesh,Indore,Kharif,2,RESTAURANT,63.9,1119.97,1218.15,0,1010.52,True
Mango,Local,Fruit,Gujarat,Rajkot,Zaid,5,RESTAURANT,88.57,944.82,784.03,0,668.42,True
Potato,Local,Vegetable,Gujarat,Rajkot,Year-Round,8,RESTAURANT,60.45,1777.86,1844.04,0,1737.61,True
Soybean,Local,Oilseed,Maharashtra,Mumbai,Rabi,10,WHOLESALER,84.62,971.47,1023.47,1,1216.05,True
Rice,Basmati,Cereal,Tamil Nadu,Chennai,Year-Round,6,BUSINESS,14.14,2361.61,2489.6,0,4046.3,True
Onion,Red,Vegetable,Karnataka,Bengaluru,Year-Round,2,INDIVIDUAL,27.08,1407.29,1418.74,0,625.38,True
Rice,Common,Cereal,Maharashtra,Mumbai,Year-Round,7,RESTAURANT,53.18,2834.63,2379.76,0,2621.35,True
Wheat,Common,Cereal,Maharashtra,Nashik,Kharif,8,RESTAURANT,87.02,2523.4,2596.24,0,2390.65,True
Green Chilli,Local,Spice,Maharashtra,Mumbai,Year-Round,11,RETAILER,55.93,605.11,666.13,1,537.24,True
Tomato,Hybrid,Vegetable,Maharashtra,Pune,Rabi,10,RETAILER,24.52,1425.06,1590.79,1,1992.27,True
Rice,Basmati,Cereal,Punjab,Ludhiana,Zaid,6,RESTAURANT,74.84,2692.57,2337.91,0,2344.9,True
Maize,Hybrid,Cereal,Gujarat,Rajkot,Year-Round,11,WHOLESALER,44.29,901.83,1173.8,1,1676.66,True
Soybean,Local,Oilseed,Maharashtra,Pune,Year-Round,8,INDIVIDUAL,68.75,667.12,779.02,0,369.17,True
Green Chilli,Local,Spice,Punjab,Ludhiana,Zaid,7,INDIVIDUAL,20.8,513.31,647.82,0,401.69,True
Mango,Local,Fruit,Tamil Nadu,Chennai,Rabi,11,WHOLESALER,75.66,835.85,767.31,1,969.28,True
Rice,Common,Cereal,Maharashtra,Mumbai,Rabi,6,INDIVIDUAL,53.58,3221.5,2713.82,0,1150.11,True
Maize,Hybrid,Cereal,Madhya Pradesh,Indore,Rabi,2,BUSINESS,30.8,988.46,1122.77,0,1198.96,True
Onion,Red,Vegetable,Maharashtra,Mumbai,Rabi,1,BUSINESS,30.47,1514.98,1688.26,0,2199.04,True
Green Chilli,Local,Spice,Gujarat,Rajkot,Rabi,2,BUSINESS,64.27,682.44,633.72,0,567.46,True
Green Chilli,Local,Spice,Uttar Pradesh,Agra,Year-Round,4,RESTAURANT,74.33,550.13,577.96,1,708.71,True
Rice,Common,Cereal,Madhya Pradesh,Indore,Rabi,11,WHOLESALER,66.24,2233.34,2211.38,1,2931.81,True
Rice,Basmati,Cereal,Uttar Pradesh,Agra,Kharif,3,RETAILER,32.95,2588.71,2436.21,0,2516.47,True
Green Chilli,Local,Spice,Gujarat,Rajkot,Rabi,4,RETAILER,29.94,651.73,612.73,1,790.78,True
Rice,Common,Cereal,Tamil Nadu,Chennai,Zaid,9,RESTAURANT,67.64,2215.16,2491.49,0,2235.79,True
Potato,Local,Vegetable,Gujarat,Rajkot,Kharif,1,RESTAURANT,82.33,2149.87,1979.51,0,1528.14,True
Groundnut,Local,Oilseed,Tamil Nadu,Chennai,Rabi,7,RESTAURANT,43.99,832.06,920.27,0,1137.65,True
Rice,Basmati,Cereal,Madhya Pradesh,Indore,Year-Round,11,WHOLESALER,51.63,2532.46,2347.16,1,3499.76,True
Rice,Common,Cereal,Gujarat,Rajkot,Kharif,4,WHOLESALER,71.34,2230.52,2565.03,1,3861.89,True
Tomato,Hybrid,Vegetable,Maharashtra,Nashik,Zaid,12,BUSINESS,82.97,1631.26,1423.59,0,1285.87,True
Potato,Local,Vegetable,Maharashtra,Pune,Rabi,11,RETAILER,22.56,1861.33,1703.95,1,2484.17,True
Tomato,Hybrid,Vegetable,Punjab,Ludhiana,Rabi,5,WHOLESALER,46.28,1603.2,1439.36,0,2002.59,True
Onion,Red,Vegetable,Tamil Nadu,Chennai,Kharif,3,BUSINESS,55.31,1359.51,1411.7,0,1569.76,True
Soybean,Local,Oilseed,Madhya Pradesh,Indore,Zaid,10,WHOLESALER,42.2,1131.1,1043.21,1,1927.19,True
Maize,Hybrid,Cereal,Karnataka,Bengaluru,Zaid,5,INDIVIDUAL,56.21,1225.16,1283.26,0,594.95,True
Soybean,Local,Oilseed,Uttar Pradesh,Agra,Rabi,5,RESTAURANT,54.16,1077.37,918.08,0,991.12,True
Potato,Local,Vegetable,Maharashtra,Nashik,Year-Round,2,INDIVIDUAL,81.87,2241.19,1804.21,0,618.5,True
Rice,Common,Cereal,Punjab,Ludhiana,Rabi,8,WHOLESALER,61.9,2739.2,2672.55,0,3281.4,True
Maize,Hybrid,Cereal,Maharashtra,Mumbai,Kharif,7,BUSINESS,65.99,876.67,966.69,0,1069.04,True
Onion,Red,Vegetable,Gujarat,Rajkot,Zaid,12,RESTAURANT,62.91,1429.81,1636.02,0,1400.97,True
Mango,Local,Fruit,Maharashtra,Nashik,Zaid,2,BUSINESS,61.13,782.21,805.14,0,693.1,True
Groundnut,Local,Oilseed,Gujarat,Rajkot,Rabi,12,RETAILER,87.31,1061.83,932.65,0,660.2,True
Soybean,Local,Oilseed,Gujarat,Rajkot,Zaid,4,RETAILER,25.38,1024.19,887.51,1,1126.79,True
Tomato,Desi,Vegetable,Uttar Pradesh,Agra,Kharif,11,RETAILER,44.36,1238.43,1432.37,1,1557.95,True
Tomato,Desi,Vegetable,Gujarat,Rajkot,Zaid,11,RESTAURANT,25.81,1357.46,1332.52,1,1863.86,True
Soybean,Local,Oilseed,Maharashtra,Pune,Year-Round,5,BUSINESS,27.8,998.14,1014.01,0,1405.92,True
Wheat,Common,Cereal,Maharashtra,Mumbai,Year-Round,6,WHOLESALER,62.07,2899.29,2512.39,0,3399.85,True
Tomato,Desi,Vegetable,Tamil Nadu,Chennai,Zaid,12,INDIVIDUAL,35.58,1154.15,1144.17,0,483.54,True
Rice,Basmati,Cereal,Madhya Pradesh,Indore,Zaid,11,BUSINESS,81.86,1880.43,2058.35,1,2275.9,True
Onion,Red,Vegetable,Tamil Nadu,Chennai,Year-Round,5,RESTAURANT,56.45,2063.5,1478.57,0,1370.63,True
Tomato,Hybrid,Vegetable,Punjab,Ludhiana,Rabi,10,INDIVIDUAL,24.28,1301.15,1473.82,1,830.78,True
Maize,Hybrid,Cereal,Maharashtra,Pune,Year-Round,9,RESTAURANT,61.9,848.05,995.05,0,927.57,True
Groundnut,Local,Oilseed,Maharashtra,Mumbai,Kharif,7,WHOLESALER,75.57,878.91,905.83,0,1039.37,True
Groundnut,Local,Oilseed,Uttar Pradesh,Agra,Zaid,5,INDIVIDUAL,84.29,763.73,843.36,0,314.97,True
Rice,Basmati,Cereal,Maharashtra,Mumbai,Zaid,1,INDIVIDUAL,75.23,2365.82,2518.1,0,912.62,True
Green Chilli,Local,Spice,Maharashtra,Pune,Year-Round,1,RESTAURANT,60.72,561.51,583.7,0,496.34,True
Maize,Hybrid,Cereal,Maharashtra,Nashik,Kharif,6,INDIVIDUAL,81.02,1053.14,1168.64,0,501.36,True
Rice,Basmati,Cereal,Maharashtra,Pune,Year-Round,4,WHOLESALER,56.61,2322.24,2344.18,1,4137.6,True
Green Chilli,Local,Spice,Uttar Pradesh,Agra,Rabi,6,RETAILER,22.2,633.89,615.19,0,803.67,True
Maize,Hybrid,Cereal,Madhya Pradesh,Indore,Zaid,10,WHOLESALER,27.73,1143.91,1096.32,1,2017.52,True
Rice,Basmati,Cereal,Tamil Nadu,Chennai,Zaid,9,WHOLESALER,78.36,2759.3,2629.63,0,3083.88,True
Mango,Local,Fruit,Tamil Nadu,Chennai,Rabi,9,RESTAURANT,62.54,647.98,675.48,0,626.08,True
Rice,Basmati,Cereal,Madhya Pradesh,Indore,Zaid,6,RETAILER,48.46,2890.33,2790.32,0,3135.23,True
Tomato,Hybrid,Vegetable,Madhya Pradesh,Indore,Kharif,7,RETAILER,32.67,1515.05,1546.45,0,1674.34,True
Rice,Basmati,Cereal,Gujarat,Rajkot,Kharif,2,INDIVIDUAL,12.76,1974.87,2040.0,0,895.89,True
Green Chilli,Local,Spice,Maharashtra,Pune,Rabi,10,BUSINESS,29.41,676.28,564.87,1,820.69,True
Soybean,Local,Oilseed,Maharashtra,Pune,Rabi,2,RETAILER,88.19,892.64,954.42,0,540.44,True
Tomato,Hybrid,Vegetable,Punjab,Ludhiana,Rabi,12,INDIVIDUAL,72.98,1488.0,1454.03,0,518.96,True
Onion,Red,Vegetable,Maharashtra,Nashik,Kharif,5,INDIVIDUAL,62.07,1492.36,1412.41,0,545.69,True
Tomato,Desi,Vegetable,Karnataka,Bengaluru,Kharif,10,INDIVIDUAL,27.65,1083.88,1103.4,1,644.36,True
Mango,Local,Fruit,Madhya Pradesh,Indore,Kharif,11,RETAILER,87.31,646.39,717.68,1,640.4,True
Wheat,Common,Cereal,Maharashtra,Pune,Zaid,1,WHOLESALER,64.3,2739.84,2580.54,0,2853.7,True
Green Chilli,Local,Spice,Uttar Pradesh,Agra,Kharif,1,RETAILER,32.96,373.11,491.75,0,429.74,True
Onion,Red,Vegetable,Punjab,Ludhiana,Rabi,10,BUSINESS,48.69,1451.26,1577.38,1,2306.06,True
Potato,Local,Vegetable,Madhya Pradesh,Indore,Rabi,6,WHOLESALER,78.31,1746.97,1846.9,0,2519.65,True
Groundnut,Local,Oilseed,Madhya Pradesh,Indore,Zaid,1,RETAILER,17.09,791.81,981.9,0,1153.22,True
Potato,Local,Vegetable,Gujarat,Rajkot,Kharif,1,BUSINESS,58.71,1392.82,1765.76,0,1482.69,True
Maize,Hybrid,Cereal,Madhya Pradesh,Indore,Zaid,1,WHOLESALER,70.04,972.51,979.59,0,1051.12,True
Green Chilli,Local,Spice,Punjab,Ludhiana,Year-Round,5,RESTAURANT,13.89,674.24,664.67,0,1124.11,True
Tomato,Desi,Vegetable,Gujarat,Rajkot,Rabi,1,WHOLESALER,81.63,1269.94,1430.66,0,1429.59,True
Tomato,Hybrid,Vegetable,Karnataka,Bengaluru,Kharif,1,RETAILER,62.72,1095.31,1324.89,0,1025.36,True
Soybean,Local,Oilseed,Karnataka,Bengaluru,Year-Round,10,RETAILER,75.59,1084.97,1089.07,1,899.04,True
Tomato,Desi,Vegetable,Maharashtra,Pune,Kharif,4,INDIVIDUAL,74.94,1138.47,1246.16,1,566.01,True
Wheat,Common,Cereal,Gujarat,Rajkot,Kharif,4,RESTAURANT,35.43,2297.51,2342.47,1,3286.17,True
Potato,Local,Vegetable,Maharashtra,Nashik,Zaid,5,RESTAURANT,39.62,1726.64,1766.76,0,2158.62,True
Mango,Local,Fruit,Tamil Nadu,Chennai,Year-Round,12,RESTAURANT,62.81,784.17,758.2,0,633.55,True
Wheat,Common,Cereal,Uttar Pradesh,Agra,Rabi,9,WHOLESALER,66.65,2356.33,2340.84,0,2719.45,True
Onion,Red,Vegetable,Tamil Nadu,Chennai,Year-Round,7,RETAILER,65.2,1332.64,1202.33,0,1035.64,True
Soybean,Local,Oilseed,Madhya Pradesh,Indore,Zaid,2,RESTAURANT,21.92,916.64,969.52,0,1316.64,True
Wheat,Common,Cereal,Uttar Pradesh,Agra,Year-Round,6,BUSINESS,35.83,2557.66,2370.99,0,3149.23,True
Wheat,Common,Cereal,Uttar Pradesh,Agra,Zaid,8,RETAILER,55.58,2019.36,2481.48,0,2033.14,True
Rice,Basmati,Cereal,Madhya Pradesh,Indore,Kharif,10,WHOLESALER,46.72,2943.38,2723.71,1,4154.47,True
Onion,Red,Vegetable,Tamil Nadu,Chennai,Zaid,12,RESTAURANT,86.76,1159.48,1311.06,0,879.89,True
Groundnut,Local,Oilseed,Punjab,Ludhiana,Rabi,11,RETAILER,60.97,934.5,834.61,1,762.46,True
Green Chilli,Local,Spice,Madhya Pradesh,Indore,Zaid,4,BUSINESS,35.72,554.38,606.19,1,669.43,True
Green Chilli,Local,Spice,Punjab,Ludhiana,Zaid,1,WHOLESALER,38.11,708.02,664.46,0,948.12,True
Green Chilli,Local,Spice,Tamil Nadu,Chennai,Year-Round,10,WHOLESALER,53.88,598.5,671.61,1,1033.16,True
Tomato,Desi,Vegetable,Maharashtra,Mumbai,Rabi,10,RETAILER,59.13,1384.95,1384.44,1,1391.02,True
Maize,Hybrid,Cereal,Punjab,Ludhiana,Year-Round,1,WHOLESALER,32.39,996.34,1075.23,0,1642.55,True
Mango,Local,Fruit,Maharashtra,Nashik,Kharif,3,WHOLESALER,81.21,793.31,704.51,0,774.65,True
Wheat,Common,Cereal,Maharashtra,Pune,Year-Round,5,RESTAURANT,46.59,1795.21,2244.39,0,2663.9,True
Onion,Red,Vegetable,Punjab,Ludhiana,Rabi,10,BUSINESS,38.09,1326.97,1383.93,1,1961.77,True
Potato,Local,Vegetable,Punjab,Ludhiana,Zaid,2,INDIVIDUAL,47.17,2072.85,1956.25,0,730.69,True
Mango,Local,Fruit,Uttar Pradesh,Agra,Rabi,8,BUSINESS,16.27,669.07,837.66,0,1231.45,True
Mango,Local,Fruit,Karnataka,Bengaluru,Rabi,9,RESTAURANT,33.8,950.57,807.14,0,761.26,True
Tomato,Hybrid,Vegetable,Gujarat,Rajkot,Rabi,12,INDIVIDUAL,33.73,1556.27,1420.34,0,628.63,True
Maize,Hybrid,Cereal,Gujarat,Rajkot,Rabi,6,INDIVIDUAL,27.81,1191.7,1045.5,0,639.62,True
Tomato,Desi,Vegetable,Uttar Pradesh,Agra,Zaid,4,INDIVIDUAL,84.54,1121.56,1118.53,1,511.83,True
Groundnut,Local,Oilseed,Maharashtra,Mumbai,Zaid,5,RESTAURANT,15.95,878.81,799.89,0,1222.87,True
Wheat,Common,Cereal,Tamil Nadu,Chennai,Zaid,9,RETAILER,14.1,3202.23,2819.94,0,3596.55,True
Mango,Local,Fruit,Maharashtra,Mumbai,Year-Round,1,INDIVIDUAL,18.18,880.36,863.92,0,372.72,True
Green Chilli,Local,Spice,Tamil Nadu,Chennai,Zaid,9,RETAILER,28.75,546.35,578.98,0,523.13,True
Wheat,Common,Cereal,Maharashtra,Pune,Kharif,5,INDIVIDUAL,84.92,2726.73,2415.47,0,798.91,True
Onion,Red,Vegetable,Karnataka,Bengaluru,Zaid,7,BUSINESS,14.78,1568.63,1305.9,0,2483.4,True
Groundnut,Local,Oilseed,Tamil Nadu,Chennai,Rabi,12,INDIVIDUAL,81.55,880.14,975.93,0,309.76,True
Rice,Common,Cereal,Tamil Nadu,Chennai,Kharif,3,RESTAURANT,86.1,3368.76,2721.35,0,2640.71,True
Groundnut,Local,Oilseed,Madhya Pradesh,Indore,Year-Round,12,INDIVIDUAL,28.97,837.4,816.68,0,444.59,True
Tomato,Hybrid,Vegetable,Maharashtra,Pune,Kharif,5,RETAILER,20.91,1559.35,1419.47,0,1808.09,True
Mango,Local,Fruit,Uttar Pradesh,Agra,Kharif,2,WHOLESALER,13.97,633.14,703.9,0,1198.82,True
Soybean,Local,Oilseed,Gujarat,Rajkot,Zaid,3,RESTAURANT,41.6,836.33,897.42,0,948.85,True
Mango,Local,Fruit,Karnataka,Bengaluru,Year-Round,12,RESTAURANT,21.6,715.95,714.51,0,772.67,True
Rice,Common,Cereal,Uttar Pradesh,Agra,Zaid,9,WHOLESALER,44.35,2581.33,2584.98,0,3411.39,True
Potato,Local,Vegetable,Tamil Nadu,Chennai,Kharif,1,INDIVIDUAL,34.05,1820.71,1833.96,0,826.43,True
Rice,Common,Cereal,Madhya Pradesh,Indore,Zaid,6,BUSINESS,64.07,3154.52,3021.58,0,3429.83,True
Maize,Hybrid,Cereal,Madhya Pradesh,Indore,Rabi,10,WHOLESALER,85.77,1126.17,1084.95,1,1471.33,True
Tomato,Desi,Vegetable,Uttar Pradesh,Agra,Year-Round,8,RETAILER,50.8,1348.32,1463.95,0,1404.19,True
Green Chilli,Local,Spice,Maharashtra,Mumbai,Kharif,4,RESTAURANT,60.45,586.56,658.25,1,867.32,True
Rice,Basmati,Cereal,Uttar Pradesh,Agra,Rabi,12,RETAILER,41.39,2264.2,2777.81,0,2530.55,True
Onion,Red,Vegetable,Uttar Pradesh,Agra,Rabi,12,INDIVIDUAL,80.55,1251.88,1515.32,0,506.94,True
Maize,Hybrid,Cereal,Gujarat,Rajkot,Year-Round,7,RETAILER,41.62,936.93,987.22,0,917.87,True
Onion,Red,Vegetable,Uttar Pradesh,Agra,Zaid,1,RETAILER,56.26,1332.67,1367.54,0,942.39,True
Tomato,Desi,Vegetable,Karnataka,Bengaluru,Kharif,2,INDIVIDUAL,81.37,1188.05,1426.52,0,486.28,True
Tomato,Desi,Vegetable,Maharashtra,Mumbai,Kharif,6,INDIVIDUAL,63.62,1047.51,1186.27,0,524.5,True
Mango,Local,Fruit,Karnataka,Bengaluru,Zaid,10,BUSINESS,72.78,635.37,751.63,1,891.82,True
Rice,Common,Cereal,Gujarat,Rajkot,Year-Round,10,BUSINESS,63.82,2831.14,2210.45,1,2593.13,True
Mango,Local,Fruit,Maharashtra,Mumbai,Zaid,3,INDIVIDUAL,26.25,676.09,820.23,0,417.9,True
Mango,Local,Fruit,Tamil Nadu,Chennai,Rabi,10,RESTAURANT,83.75,723.4,697.25,1,680.05,True
Rice,Basmati,Cereal,Gujarat,Rajkot,Rabi,11,RETAILER,29.43,2033.93,2354.76,1,2136.92,True
Green Chilli,Local,Spice,Gujarat,Rajkot,Year-Round,4,RETAILER,67.57,777.35,728.26,1,801.19,True
Rice,Basmati,Cereal,Punjab,Ludhiana,Year-Round,11,RESTAURANT,75.07,2800.18,2477.55,1,2409.42,True
Green Chilli,Local,Spice,Maharashtra,Mumbai,Rabi,8,RESTAURANT,38.85,642.47,628.73,0,712.29,True
Mango,Local,Fruit,Madhya Pradesh,Indore,Zaid,11,INDIVIDUAL,19.84,565.68,735.56,1,471.95,True
Rice,Basmati,Cereal,Madhya Pradesh,Indore,Year-Round,9,INDIVIDUAL,42.03,2913.84,2658.06,0,1194.7,True
Rice,Basmati,Cereal,Maharashtra,Mumbai,Kharif,8,BUSINESS,58.06,2251.1,2160.79,0,2414.85,True
Rice,Common,Cereal,Punjab,Ludhiana,Kharif,11,BUSINESS,24.56,1745.21,2149.19,1,3514.43,True
Onion,Red,Vegetable,Maharashtra,Pune,Year-Round,10,RESTAURANT,37.7,1193.88,1123.38,1,1426.85,True
Green Chilli,Local,Spice,Madhya Pradesh,Indore,Zaid,4,WHOLESALER,44.7,750.83,732.8,1,1337.85,True
Mango,Local,Fruit,Tamil Nadu,Chennai,Zaid,6,BUSINESS,45.28,749.79,773.09,0,994.08,True
Tomato,Desi,Vegetable,Tamil Nadu,Chennai,Zaid,4,RETAILER,44.49,1433.69,1315.17,1,1536.7,True
Soybean,Local,Oilseed,Maharashtra,Mumbai,Rabi,8,WHOLESALER,14.05,1082.52,904.93,0,1933.71,True
Rice,Basmati,Cereal,Punjab,Ludhiana,Zaid,7,BUSINESS,58.73,1896.18,1982.19,0,2016.74,True
Onion,Red,Vegetable,Maharashtra,Mumbai,Year-Round,7,RESTAURANT,89.47,1316.49,1202.64,0,1217.23,True
Mango,Local,Fruit,Uttar Pradesh,Agra,Kharif,11,RESTAURANT,77.21,939.55,855.22,1,830.24,True
Green Chilli,Local,Spice,Tamil Nadu,Chennai,Kharif,4,WHOLESALER,19.39,621.52,525.11,1,1253.0,True
Tomato,Hybrid,Vegetable,Maharashtra,Nashik,Zaid,2,RESTAURANT,78.89,1091.33,1389.36,0,1041.28,True
Wheat,Common,Cereal,Karnataka,Bengaluru,Rabi,12,BUSINESS,28.69,2602.61,2593.83,0,3465.91,True
Onion,Red,Vegetable,Maharashtra,Nashik,Zaid,7,RETAILER,46.13,1515.09,1688.86,0,1537.49,True
Maize,Hybrid,Cereal,Karnataka,Bengaluru,Kharif,1,BUSINESS,28.84,856.66,902.9,0,1015.46,True
Mango,Local,Fruit,Uttar Pradesh,Agra,Kharif,4,BUSINESS,57.06,796.7,887.09,1,1203.54,True
Rice,Common,Cereal,Gujarat,Rajkot,Year-Round,2,BUSINESS,29.07,3169.65,2942.56,0,3419.02,True
Soybean,Local,Oilseed,Maharashtra,Mumbai,Rabi,7,WHOLESALER,74.51,811.89,796.88,0,993.9,True
Wheat,Common,Cereal,Madhya Pradesh,Indore,Year-Round,9,RETAILER,81.07,1921.01,2087.85,0,1330.19,True
Potato,Local,Vegetable,Maharashtra,Pune,Rabi,11,INDIVIDUAL,19.93,2312.58,2113.53,1,1402.74,True
Wheat,Common,Cereal,Maharashtra,Mumbai,Rabi,1,INDIVIDUAL,40.4,2704.42,2740.1,0,1001.95,True
Mango,Local,Fruit,Tamil Nadu,Chennai,Kharif,10,RETAILER,71.23,698.72,671.04,1,599.4,True
Rice,Common,Cereal,Uttar Pradesh,Agra,Zaid,3,BUSINESS,31.07,3150.34,2963.46,0,3732.18,True
Rice,Common,Cereal,Uttar Pradesh,Agra,Zaid,6,RETAILER,62.09,2758.1,2755.34,0,2547.95,True
Groundnut,Local,Oilseed,Maharashtra,Pune,Year-Round,5,WHOLESALER,88.87,700.96,868.67,0,1186.08,True
Rice,Common,Cereal,Maharashtra,Pune,Kharif,12,WHOLESALER,55.54,2092.94,2831.95,0,3443.68,True
Maize,Hybrid,Cereal,Maharashtra,Mumbai,Year-Round,3,RESTAURANT,80.91,827.82,962.15,0,787.69,True
Green Chilli,Local,Spice,Maharashtra,Nashik,Zaid,11,BUSINESS,59.51,552.29,512.08,1,644.15,True
Tomato,Desi,Vegetable,Tamil Nadu,Chennai,Kharif,9,BUSINESS,88.17,1260.01,1396.93,0,1314.38,True
Tomato,Desi,Vegetable,Punjab,Ludhiana,Year-Round,7,INDIVIDUAL,58.67,1284.96,1422.81,0,642.84,True
Green Chilli,Local,Spice,Maharashtra,Pune,Rabi,6,BUSINESS,41.97,536.82,562.97,0,715.91,True
Rice,Common,Cereal,Maharashtra,Nashik,Kharif,11,BUSINESS,27.12,1964.41,1846.15,1,3025.67,True
Onion,Red,Vegetable,Maharashtra,Mumbai,Zaid,4,RETAILER,51.99,1161.9,1077.07,1,1185.24,True
Mango,Local,Fruit,Punjab,Ludhiana,Year-Round,7,INDIVIDUAL,51.06,796.87,818.34,0,285.06,True
Soybean,Local,Oilseed,Madhya Pradesh,Indore,Zaid,12,RESTAURANT,53.95,781.25,844.92,0,718.0,True
Tomato,Hybrid,Vegetable,Uttar Pradesh,Agra,Year-Round,12,INDIVIDUAL,60.44,898.98,1354.52,0,517.55,True
Onion,Red,Vegetable,Maharashtra,Nashik,Kharif,11,WHOLESALER,50.42,1353.71,1439.11,1,2151.27,True
Tomato,Desi,Vegetable,Madhya Pradesh,Indore,Zaid,8,BUSINESS,29.98,1282.32,1310.48,0,1740.03,True
Tomato,Desi,Vegetable,Madhya Pradesh,Indore,Zaid,10,RESTAURANT,63.12,1513.14,1351.22,1,1436.75,True
Maize,Hybrid,Cereal,Maharashtra,Mumbai,Zaid,9,INDIVIDUAL,64.62,798.96,1101.59,0,404.27,True
Potato,Local,Vegetable,Uttar Pradesh,Agra,Year-Round,5,RESTAURANT,65.46,1691.7,1813.88,0,1831.6,True
Soybean,Local,Oilseed,Maharashtra,Mumbai,Year-Round,11,RESTAURANT,38.18,856.36,883.52,1,1060.87,True
Mango,Local,Fruit,Maharashtra,Pune,Zaid,8,BUSINESS,15.91,722.89,776.87,0,1191.04,True
Green Chilli,Local,Spice,Maharashtra,Nashik,Kharif,3,RETAILER,21.72,702.39,598.76,0,562.53,True
Green Chilli,Local,Spice,Maharashtra,Mumbai,Year-Round,3,BUSINESS,12.65,738.43,667.9,0,922.88,True
Mango,Local,Fruit,Punjab,Ludhiana,Year-Round,11,RETAILER,67.31,788.47,727.63,1,667.66,True
Mango,Local,Fruit,Tamil Nadu,Chennai,Year-Round,6,WHOLESALER,55.43,792.93,761.55,0,1173.13,True
Potato,Local,Vegetable,Tamil Nadu,Chennai,Rabi,7,RESTAURANT,40.11,1974.67,2027.58,0,2271.19,True
Tomato,Desi,Vegetable,Gujarat,Rajkot,Kharif,2,WHOLESALER,27.94,1238.38,1266.29,0,1804.6,True
Onion,Red,Vegetable,Madhya Pradesh,Indore,Kharif,9,RESTAURANT,64.31,1765.35,1786.89,0,1789.36,True
Tomato,Hybrid,Vegetable,Madhya Pradesh,Indore,Rabi,9,INDIVIDUAL,13.28,1307.02,1372.11,0,834.33,True
Soybean,Local,Oilseed,Madhya Pradesh,Indore,Kharif,12,RETAILER,50.83,932.17,1086.4,0,821.74,True
Rice,Common,Cereal,Madhya Pradesh,Indore,Zaid,5,INDIVIDUAL,75.0,2257.74,2260.75,0,990.37,True
Groundnut,Local,Oilseed,Uttar Pradesh,Agra,Year-Round,9,BUSINESS,89.6,760.18,874.34,0,796.78,True
Tomato,Hybrid,Vegetable,Madhya Pradesh,Indore,Kharif,2,WHOLESALER,64.97,1762.21,1605.72,0,1743.21,True
Mango,Local,Fruit,Karnataka,Bengaluru,Rabi,3,INDIVIDUAL,12.33,837.13,746.72,0,425.11,True
Groundnut,Local,Oilseed,Maharashtra,Nashik,Year-Round,10,RETAILER,42.55,754.54,802.39,1,768.55,True
Onion,Red,Vegetable,Maharashtra,Pune,Zaid,5,BUSINESS,87.52,1547.86,1483.1,0,1424.8,True
Rice,Common,Cereal,Tamil Nadu,Chennai,Rabi,1,WHOLESALER,76.01,2676.26,2783.01,0,3105.21,True
Mango,Local,Fruit,Maharashtra,Mumbai,Kharif,5,INDIVIDUAL,17.21,852.45,890.62,0,476.45,True
Onion,Red,Vegetable,Maharashtra,Mumbai,Rabi,12,BUSINESS,49.88,1197.45,1328.09,0,1487.07,True
Rice,Basmati,Cereal,Karnataka,Bengaluru,Rabi,5,RESTAURANT,81.14,2986.89,2477.18,0,2368.25,True
Groundnut,Local,Oilseed,Madhya Pradesh,Indore,Rabi,7,RETAILER,21.72,839.65,817.66,0,1000.86,True
Rice,Common,Cereal,Karnataka,Bengaluru,Rabi,8,BUSINESS,45.77,2389.42,2354.47,0,2405.9,True
Groundnut,Local,Oilseed,Maharashtra,Mumbai,Kharif,4,INDIVIDUAL,76.21,911.25,911.3,1,487.99,True
Wheat,Common,Cereal,Gujarat,Rajkot,Zaid,5,BUSINESS,41.41,2755.09,2597.28,0,3265.35,True
Onion,Red,Vegetable,Karnataka,Bengaluru,Rabi,6,RESTAURANT,82.95,1317.34,1369.36,0,1314.8,True
Rice,Basmati,Cereal,Madhya Pradesh,Indore,Rabi,9,RESTAURANT,77.24,1855.43,2215.43,0,1943.3,True
Mango,Local,Fruit,Uttar Pradesh,Agra,Year-Round,5,RETAILER,68.76,618.35,769.63,0,650.71,True
Tomato,Desi,Vegetable,Maharashtra,Mumbai,Zaid,3,BUSINESS,79.98,1394.43,1460.88,0,1295.81,True
Potato,Local,Vegetable,Maharashtra,Mumbai,Zaid,9,BUSINESS,70.26,1557.35,1825.59,0,1785.63,True
Mango,Local,Fruit,Maharashtra,Nashik,Zaid,12,BUSINESS,42.32,750.25,693.94,0,785.47,True
Soybean,Local,Oilseed,Madhya Pradesh,Indore,Kharif,6,INDIVIDUAL,16.49,819.85,895.95,0,646.19,True
Potato,Local,Vegetable,Maharashtra,Pune,Year-Round,11,INDIVIDUAL,35.33,1939.25,1932.38,1,1044.83,True
Onion,Red,Vegetable,Maharashtra,Mumbai,Rabi,7,WHOLESALER,87.19,1303.86,1485.84,0,1715.21,True
Tomato,Hybrid,Vegetable,Punjab,Ludhiana,Rabi,8,RESTAURANT,39.73,1620.73,1679.77,0,1847.63,True
Mango,Local,Fruit,Tamil Nadu,Chennai,Zaid,10,INDIVIDUAL,46.49,740.88,743.57,1,384.33,True
Onion,Red,Vegetable,Karnataka,Bengaluru,Kharif,9,WHOLESALER,13.14,1271.51,1380.64,0,2594.13,True
Onion,Red,Vegetable,Gujarat,Rajkot,Kharif,9,WHOLESALER,76.39,1767.59,1424.3,0,1611.77,True
Soybean,Local,Oilseed,Maharashtra,Pune,Year-Round,1,INDIVIDUAL,38.64,923.01,1016.69,0,401.71,True
Soybean,Local,Oilseed,Gujarat,Rajkot,Kharif,6,RESTAURANT,31.71,1136.34,1083.24,0,1412.43,True
Tomato,Hybrid,Vegetable,Karnataka,Bengaluru,Kharif,2,RESTAURANT,61.34,2232.73,1849.72,0,1565.0,True
Onion,Red,Vegetable,Maharashtra,Nashik,Rabi,5,INDIVIDUAL,26.2,1053.75,1169.32,0,595.24,True
Wheat,Common,Cereal,Maharashtra,Nashik,Kharif,1,INDIVIDUAL,12.71,2020.27,1877.43,0,1126.47,True
Onion,Red,Vegetable,Karnataka,Bengaluru,Kharif,6,WHOLESALER,88.24,1286.53,1308.26,0,1532.45,True
Soybean,Local,Oilseed,Uttar Pradesh,Agra,Kharif,1,BUSINESS,35.98,1100.11,970.23,0,885.45,True
Groundnut,Local,Oilseed,Gujarat,Rajkot,Year-Round,1,WHOLESALER,51.88,795.56,934.67,0,1163.11,True
Tomato,Desi,Vegetable,Madhya Pradesh,Indore,Kharif,11,INDIVIDUAL,21.52,1203.63,1515.44,1,924.49,True
Soybean,Local,Oilseed,Gujarat,Rajkot,Zaid,3,WHOLESALER,59.8,975.5,864.15,0,1100.92,True
Maize,Hybrid,Cereal,Maharashtra,Mumbai,Zaid,2,INDIVIDUAL,84.28,1183.52,1269.03,0,390.33,True
Potato,Local,Vegetable,Punjab,Ludhiana,Zaid,6,BUSINESS,33.57,1540.55,1612.0,0,2154.57,True
Green Chilli,Local,Spice,Maharashtra,Nashik,Zaid,4,INDIVIDUAL,60.25,638.93,564.0,1,316.2,True
Mango,Local,Fruit,Punjab,Ludhiana,Kharif,1,RESTAURANT,62.4,910.47,766.05,0,712.45,True
Maize,Hybrid,Cereal,Maharashtra,Mumbai,Zaid,11,RETAILER,69.16,1141.31,1125.21,1,936.24,True
Green Chilli,Local,Spice,Madhya Pradesh,Indore,Rabi,12,RETAILER,50.7,576.47,545.87,0,421.35,True
Groundnut,Local,Oilseed,Karnataka,Bengaluru,Zaid,9,BUSINESS,72.33,853.55,886.04,0,828.82,True
Potato,Local,Vegetable,Gujarat,Rajkot,Rabi,5,INDIVIDUAL,34.7,1282.95,1675.07,0,776.17,True
Potato,Local,Vegetable,Karnataka,Bengaluru,Rabi,10,RESTAURANT,67.3,1552.85,1849.1,1,2102.47,True
Rice,Basmati,Cereal,Maharashtra,Nashik,Zaid,7,INDIVIDUAL,69.05,3013.68,2837.06,0,1013.09,True
Mango,Local,Fruit,Tamil Nadu,Chennai,Rabi,9,RESTAURANT,69.1,799.03,804.94,0,789.21,True
Mango,Local,Fruit,Uttar Pradesh,Agra,Year-Round,7,RESTAURANT,70.57,1155.54,925.03,0,862.98,True
Soybean,Local,Oilseed,Madhya Pradesh,Indore,Year-Round,1,WHOLESALER,18.0,946.76,850.03,0,1310.2,True
Rice,Basmati,Cereal,Maharashtra,Pune,Rabi,3,WHOLESALER,50.9,2363.87,2110.62,0,2811.19,True
Groundnut,Local,Oilseed,Gujarat,Rajkot,Zaid,2,RETAILER,19.54,949.53,876.49,0,856.29,True
Wheat,Common,Cereal,Tamil Nadu,Chennai,Zaid,10,RESTAURANT,88.02,2661.98,2440.98,1,2126.43,True
Groundnut,Local,Oilseed,Gujarat,Rajkot,Zaid,2,RESTAURANT,27.19,796.51,799.22,0,846.0,True
Potato,Local,Vegetable,Maharashtra,Pune,Kharif,12,INDIVIDUAL,29.48,1348.65,1788.7,0,924.02,True
Groundnut,Local,Oilseed,Punjab,Ludhiana,Rabi,10,RESTAURANT,57.32,1328.03,1093.98,1,1284.88,True
Green Chilli,Local,Spice,Uttar Pradesh,Agra,Year-Round,4,RESTAURANT,17.38,630.36,651.51,1,1118.01,True
Potato,Local,Vegetable,Maharashtra,Pune,Kharif,12,RESTAURANT,68.3,1211.07,1697.19,0,1313.26,True
Mango,Local,Fruit,Maharashtra,Pune,Year-Round,5,RETAILER,30.72,809.36,752.96,0,862.56,True
Groundnut,Local,Oilseed,Tamil Nadu,Chennai,Kharif,8,INDIVIDUAL,55.88,1189.02,969.02,0,409.44,True
Wheat,Common,Cereal,Punjab,Ludhiana,Zaid,6,INDIVIDUAL,67.35,2390.05,2257.96,0,942.42,True
Groundnut,Local,Oilseed,Maharashtra,Pune,Kharif,4,BUSINESS,64.04,727.77,798.24,1,1139.02,True
Green Chilli,Local,Spice,Karnataka,Bengaluru,Kharif,2,INDIVIDUAL,58.27,571.79,600.81,0,236.03,True
Mango,Local,Fruit,Madhya Pradesh,Indore,Year-Round,9,WHOLESALER,36.9,813.0,856.94,0,1023.79,True
Green Chilli,Local,Spice,Madhya Pradesh,Indore,Zaid,2,RETAILER,88.91,629.06,546.76,0,335.33,True
Soybean,Local,Oilseed,Tamil Nadu,Chennai,Kharif,2,WHOLESALER,78.41,830.87,1000.57,0,1002.48,True
Onion,Red,Vegetable,Gujarat,Rajkot,Year-Round,12,INDIVIDUAL,51.29,1592.8,1550.56,0,577.06,True
Groundnut,Local,Oilseed,Karnataka,Bengaluru,Year-Round,8,RETAILER,56.01,828.88,985.34,0,763.82,True
Tomato,Desi,Vegetable,Gujarat,Rajkot,Year-Round,11,INDIVIDUAL,66.81,938.73,1145.21,1,428.34,True
Rice,Basmati,Cereal,Madhya Pradesh,Indore,Kharif,11,BUSINESS,46.97,2248.21,2381.08,1,3366.36,True
Maize,Hybrid,Cereal,Punjab,Ludhiana,Year-Round,5,RESTAURANT,71.02,800.39,1050.42,0,1066.34,True
Mango,Local,Fruit,Punjab,Ludhiana,Zaid,11,WHOLESALER,27.17,741.12,812.97,1,1500.05,True
Tomato,Desi,Vegetable,Gujarat,Rajkot,Zaid,11,RETAILER,61.75,1242.42,1540.48,1,1705.39,True
Groundnut,Local,Oilseed,Madhya Pradesh,Indore,Year-Round,5,WHOLESALER,54.22,962.93,874.52,0,1289.89,True
Tomato,Hybrid,Vegetable,Maharashtra,Mumbai,Kharif,7,BUSINESS,14.62,1552.72,1733.41,0,2971.31,True
Tomato,Desi,Vegetable,Uttar Pradesh,Agra,Kharif,4,WHOLESALER,30.78,1053.09,1154.97,1,2246.13,True
Rice,Common,Cereal,Uttar Pradesh,Agra,Kharif,8,RETAILER,73.79,2713.15,2533.2,0,2028.5,True
Groundnut,Local,Oilseed,Gujarat,Rajkot,Zaid,1,INDIVIDUAL,80.4,999.76,952.55,0,379.89,True
Wheat,Common,Cereal,Tamil Nadu,Chennai,Kharif,12,RETAILER,84.05,2144.5,2528.19,0,2083.6,True
Green Chilli,Local,Spice,Maharashtra,Pune,Zaid,11,RESTAURANT,27.1,501.43,519.53,1,751.31,True
Tomato,Hybrid,Vegetable,Tamil Nadu,Chennai,Kharif,4,INDIVIDUAL,64.18,1721.94,1712.01,1,791.33,True
Tomato,Desi,Vegetable,Gujarat,Rajkot,Kharif,4,RETAILER,29.35,969.02,1202.87,1,1657.21,True
Onion,Red,Vegetable,Karnataka,Bengaluru,Rabi,9,WHOLESALER,29.78,1642.19,1525.25,0,2314.55,True
Potato,Local,Vegetable,Maharashtra,Pune,Year-Round,4,WHOLESALER,25.3,1486.5,1584.88,1,3655.65,True
Rice,Basmati,Cereal,Punjab,Ludhiana,Year-Round,8,WHOLESALER,29.93,2071.79,2301.34,0,2888.05,True
Groundnut,Local,Oilseed,Uttar Pradesh,Agra,Kharif,12,RETAILER,21.96,891.05,975.52,0,1060.81,True
Maize,Hybrid,Cereal,Punjab,Ludhiana,Kharif,4,RETAILER,28.74,930.86,811.31,1,975.58,True
Tomato,Desi,Vegetable,Karnataka,Bengaluru,Rabi,8,RESTAURANT,66.62,1133.67,1199.2,0,1183.5,True
Groundnut,Local,Oilseed,Maharashtra,Nashik,Rabi,11,BUSINESS,14.0,701.46,771.98,1,1262.94,True
Tomato,Hybrid,Vegetable,Maharashtra,Mumbai,Rabi,5,RESTAURANT,38.09,1615.06,1500.32,0,1885.33,True
Mango,Local,Fruit,Maharashtra,Nashik,Kharif,2,WHOLESALER,73.52,903.37,800.39,0,850.85,True
Onion,Red,Vegetable,Maharashtra,Mumbai,Kharif,5,RETAILER,72.01,1401.47,1378.03,0,1130.05,True
Onion,Red,Vegetable,Tamil Nadu,Chennai,Kharif,6,BUSINESS,41.02,1671.27,1595.4,0,2203.85,True
Maize,Hybrid,Cereal,Punjab,Ludhiana,Kharif,11,RESTAURANT,79.49,844.67,1047.76,1,995.25,True
Potato,Local,Vegetable,Gujarat,Rajkot,Kharif,2,RETAILER,66.64,1786.34,1963.72,0,1473.77,True
Mango,Local,Fruit,Madhya Pradesh,Indore,Year-Round,10,RETAILER,37.31,925.51,779.26,1,814.15,True
Mango,Local,Fruit,Maharashtra,Mumbai,Kharif,2,RESTAURANT,66.17,902.02,838.44,0,641.39,True
Rice,Common,Cereal,Madhya Pradesh,Indore,Year-Round,2,BUSINESS,50.37,2753.71,2804.2,0,2836.28,True
Onion,Red,Vegetable,Maharashtra,Nashik,Rabi,8,INDIVIDUAL,20.18,1196.98,1374.95,0,789.75,True
Onion,Red,Vegetable,Karnataka,Bengaluru,Year-Round,6,INDIVIDUAL,33.87,1621.33,1463.52,0,780.24,True
Maize,Hybrid,Cereal,Punjab,Ludhiana,Rabi,4,BUSINESS,77.0,1067.63,1093.49,1,1294.73,True
Groundnut,Local,Oilseed,Madhya Pradesh,Indore,Year-Round,2,RETAILER,13.98,776.48,880.59,0,1027.68,True
Mango,Local,Fruit,Gujarat,Rajkot,Rabi,7,RETAILER,68.06,1028.26,813.51,0,710.59,True
Soybean,Local,Oilseed,Gujarat,Rajkot,Kharif,12,RESTAURANT,76.3,924.7,1040.31,0,874.3,True
Soybean,Local,Oilseed,Tamil Nadu,Chennai,Zaid,3,RESTAURANT,25.18,1284.3,1142.9,0,1440.28,True
Onion,Red,Vegetable,Punjab,Ludhiana,Zaid,8,BUSINESS,63.26,896.03,1290.22,0,1406.77,True
Mango,Local,Fruit,Maharashtra,Pune,Kharif,6,INDIVIDUAL,21.75,836.55,863.89,0,519.95,True
Potato,Local,Vegetable,Maharashtra,Nashik,Kharif,4,WHOLESALER,63.38,1862.49,1910.46,1,3026.23,True
Tomato,Hybrid,Vegetable,Punjab,Ludhiana,Year-Round,1,RESTAURANT,45.84,1416.92,1663.08,0,1570.81,True
Tomato,Desi,Vegetable,Punjab,Ludhiana,Rabi,1,BUSINESS,18.08,1042.53,1091.46,0,1560.33,True
Maize,Hybrid,Cereal,Maharashtra,Pune,Rabi,5,WHOLESALER,36.21,938.68,1007.48,0,1350.61,True
Potato,Local,Vegetable,Maharashtra,Mumbai,Year-Round,3,RESTAURANT,59.15,1763.68,1523.71,0,1430.47,True
Rice,Basmati,Cereal,Maharashtra,Mumbai,Kharif,9,INDIVIDUAL,43.1,2911.55,2770.08,0,1036.72,True
Rice,Common,Cereal,Karnataka,Bengaluru,Kharif,4,BUSINESS,56.1,2523.31,2551.63,1,3480.2,True
Onion,Red,Vegetable,Maharashtra,Mumbai,Rabi,2,RESTAURANT,87.7,1331.46,1368.58,0,923.81,True
Mango,Local,Fruit,Gujarat,Rajkot,Kharif,9,INDIVIDUAL,47.17,707.14,788.23,0,265.02,True
Onion,Red,Vegetable,Tamil Nadu,Chennai,Rabi,9,RESTAURANT,51.51,1606.2,1480.38,0,1534.15,True
Maize,Hybrid,Cereal,Maharashtra,Mumbai,Year-Round,2,RETAILER,54.83,1027.22,940.61,0,682.33,True
Groundnut,Local,Oilseed,Madhya Pradesh,Indore,Kharif,3,INDIVIDUAL,85.14,776.15,880.27,0,304.63,True
Soybean,Local,Oilseed,Maharashtra,Mumbai,Rabi,3,INDIVIDUAL,63.02,945.63,983.53,0,380.75,True
Tomato,Desi,Vegetable,Maharashtra,Mumbai,Year-Round,5,BUSINESS,15.15,1197.95,1238.72,0,2143.05,True
Onion,Red,Vegetable,Maharashtra,Pune,Rabi,1,BUSINESS,13.75,1848.08,1680.35,0,2301.81,True
Onion,Red,Vegetable,Punjab,Ludhiana,Rabi,5,WHOLESALER,24.9,1345.73,1258.89,0,2311.09,True
Tomato,Desi,Vegetable,Tamil Nadu,Chennai,Year-Round,5,RETAILER,16.68,1784.47,1461.46,0,1998.0,True
Green Chilli,Local,Spice,Maharashtra,Mumbai,Kharif,12,BUSINESS,46.47,540.69,564.66,0,636.02,True
Mango,Local,Fruit,Maharashtra,Nashik,Zaid,9,WHOLESALER,83.39,964.58,900.7,0,898.32,True
Maize,Hybrid,Cereal,Uttar Pradesh,Agra,Zaid,8,RESTAURANT,15.43,1005.58,1061.02,0,1555.53,True
Maize,Hybrid,Cereal,Tamil Nadu,Chennai,Zaid,8,WHOLESALER,63.87,888.7,1035.82,0,1394.29,True
Green Chilli,Local,Spice,Punjab,Ludhiana,Kharif,6,RESTAURANT,68.13,812.39,672.19,0,717.4,True
Soybean,Local,Oilseed,Karnataka,Bengaluru,Zaid,5,RETAILER,29.14,1125.96,1066.17,0,1203.82,True
Tomato,Hybrid,Vegetable,Tamil Nadu,Chennai,Rabi,6,RESTAURANT,58.56,1535.82,1344.11,0,1650.79,True
Mango,Local,Fruit,Punjab,Ludhiana,Kharif,4,INDIVIDUAL,45.21,892.66,788.27,1,372.15,True
Maize,Hybrid,Cereal,Maharashtra,Pune,Year-Round,6,WHOLESALER,14.76,1013.0,1097.57,0,2597.67,True
Onion,Red,Vegetable,Maharashtra,Nashik,Zaid,7,WHOLESALER,65.35,1219.46,1474.16,0,1685.37,True
Mango,Local,Fruit,Maharashtra,Mumbai,Year-Round,3,RESTAURANT,48.75,863.24,845.07,0,877.34,True
Potato,Local,Vegetable,Tamil Nadu,Chennai,Kharif,10,RESTAURANT,54.98,1791.06,1817.12,1,2185.4,True
Potato,Local,Vegetable,Maharashtra,Nashik,Zaid,12,RESTAURANT,51.63,1829.3,1899.39,0,1696.08,True
Maize,Hybrid,Cereal,Madhya Pradesh,Indore,Rabi,1,RESTAURANT,41.06,1137.89,988.92,0,1026.4,True
Onion,Red,Vegetable,Madhya Pradesh,Indore,Kharif,1,WHOLESALER,22.49,1487.33,1608.34,0,2669.0,True
Rice,Common,Cereal,Maharashtra,Mumbai,Kharif,5,BUSINESS,15.5,3338.37,2747.28,0,4385.68,True
Green Chilli,Local,Spice,Tamil Nadu,Chennai,Rabi,4,RESTAURANT,30.54,561.15,556.96,1,885.28,True
Onion,Red,Vegetable,Karnataka,Bengaluru,Rabi,8,WHOLESALER,60.92,1271.41,1146.15,0,1798.11,True
Onion,Red,Vegetable,Maharashtra,Pune,Year-Round,5,RESTAURANT,66.58,1699.13,1468.94,0,1579.78,True
Onion,Red,Vegetable,Punjab,Ludhiana,Kharif,9,RESTAURANT,42.04,1523.15,1403.17,0,1438.8,True
Mango,Local,Fruit,Punjab,Ludhiana,Year-Round,6,BUSINESS,18.04,918.85,836.49,0,1426.57,True
Green Chilli,Local,Spice,Maharashtra,Pune,Zaid,8,RESTAURANT,37.63,661.57,666.44,0,734.56,True
Rice,Common,Cereal,Gujarat,Rajkot,Year-Round,5,RESTAURANT,54.15,2174.74,2531.49,0,2415.09,True
Tomato,Desi,Vegetable,Maharashtra,Mumbai,Zaid,10,INDIVIDUAL,26.41,982.31,1282.6,1,787.28,True
Wheat,Common,Cereal,Punjab,Ludhiana,Year-Round,12,RETAILER,34.52,2644.86,2441.96,0,2335.25,True
Maize,Hybrid,Cereal,Punjab,Ludhiana,Zaid,11,BUSINESS,74.02,728.48,1049.02,1,1171.72,True
Groundnut,Local,Oilseed,Karnataka,Bengaluru,Zaid,9,RESTAURANT,38.84,924.96,893.51,0,825.12,True
Tomato,Hybrid,Vegetable,Madhya Pradesh,Indore,Kharif,9,INDIVIDUAL,64.54,1129.55,1205.98,0,440.91,True
Tomato,Hybrid,Vegetable,Uttar Pradesh,Agra,Year-Round,3,BUSINESS,42.94,1518.59,1497.09,0,1612.06,True
Green Chilli,Local,Spice,Gujarat,Rajkot,Kharif,3,INDIVIDUAL,48.09,390.39,544.59,0,201.06,True
Mango,Local,Fruit,Madhya Pradesh,Indore,Zaid,5,RESTAURANT,69.05,1009.04,913.53,0,959.81,True
Rice,Basmati,Cereal,Uttar Pradesh,Agra,Zaid,9,RETAILER,29.26,2398.14,2884.32,0,2820.03,True
Wheat,Common,Cereal,Karnataka,Bengaluru,Zaid,10,BUSINESS,51.56,2175.53,2292.96,1,2981.43,True
Maize,Hybrid,Cereal,Uttar Pradesh,Agra,Rabi,11,RETAILER,33.78,1178.48,1113.36,1,1275.41,True
Rice,Common,Cereal,Maharashtra,Nashik,Kharif,2,RETAILER,84.16,2689.68,2674.89,0,1804.1,True
Tomato,Desi,Vegetable,Gujarat,Rajkot,Kharif,8,WHOLESALER,50.99,1547.38,1369.8,0,1942.43,True
Green Chilli,Local,Spice,Uttar Pradesh,Agra,Year-Round,1,BUSINESS,76.81,509.43,589.77,0,517.9,True
Maize,Hybrid,Cereal,Maharashtra,Pune,Rabi,10,BUSINESS,56.1,1192.58,1170.97,1,1579.14,True
Rice,Basmati,Cereal,Maharashtra,Nashik,Kharif,9,RETAILER,61.62,2402.53,2659.09,0,1961.27,True
Onion,Red,Vegetable,Maharashtra,Pune,Rabi,1,WHOLESALER,47.52,1830.1,1703.81,0,2161.99,True
Maize,Hybrid,Cereal,Madhya Pradesh,Indore,Year-Round,4,BUSINESS,22.39,888.55,1140.0,1,2329.74,True
Maize,Hybrid,Cereal,Punjab,Ludhiana,Year-Round,9,RESTAURANT,64.38,1309.6,1172.18,0,1054.48,True
Rice,Basmati,Cereal,Uttar Pradesh,Agra,Kharif,7,BUSINESS,70.85,2450.47,2358.68,0,2592.36,True
Mango,Local,Fruit,Maharashtra,Nashik,Zaid,5,RETAILER,16.59,684.66,659.69,0,855.62,True
Soybean,Local,Oilseed,Uttar Pradesh,Agra,Zaid,10,RESTAURANT,85.88,1073.55,1029.94,1,917.36,True
Rice,Basmati,Cereal,Uttar Pradesh,Agra,Zaid,3,RESTAURANT,66.52,2305.97,2343.13,0,2066.89,True
Potato,Local,Vegetable,Punjab,Ludhiana,Year-Round,5,RETAILER,20.66,2541.82,2139.76,0,2749.26,True
Green Chilli,Local,Spice,Uttar Pradesh,Agra,Kharif,8,RESTAURANT,24.54,702.13,627.61,0,826.79,True
Onion,Red,Vegetable,Maharashtra,Pune,Kharif,3,WHOLESALER,15.39,1054.75,1109.33,0,1987.12,True
Tomato,Desi,Vegetable,Maharashtra,Mumbai,Year-Round,4,WHOLESALER,80.86,1482.35,1398.43,1,2023.06,True
Rice,Basmati,Cereal,Madhya Pradesh,Indore,Zaid,3,RESTAURANT,22.8,2924.93,2498.54,0,2938.18,True
Tomato,Hybrid,Vegetable,Karnataka,Bengaluru,Kharif,7,INDIVIDUAL,82.77,1383.8,1234.38,0,443.82,True
Maize,Hybrid,Cereal,Madhya Pradesh,Indore,Zaid,3,WHOLESALER,22.42,1144.52,1073.98,0,1757.54,True
Rice,Common,Cereal,Madhya Pradesh,Indore,Kharif,10,RESTAURANT,48.09,2162.36,2083.71,1,2620.06,True
Rice,Common,Cereal,Tamil Nadu,Chennai,Year-Round,3,WHOLESALER,88.86,3036.8,2676.1,0,2841.26,True
Tomato,Hybrid,Vegetable,Gujarat,Rajkot,Rabi,10,RETAILER,18.22,1118.01,1448.08,1,1986.76,True
Mango,Local,Fruit,Karnataka,Bengaluru,Year-Round,7,INDIVIDUAL,78.63,778.39,740.09,0,295.72,True
Rice,Basmati,Cereal,Tamil Nadu,Chennai,Zaid,4,BUSINESS,82.97,2743.19,2558.64,1,3430.3,True
Tomato,Desi,Vegetable,Karnataka,Bengaluru,Zaid,11,INDIVIDUAL,70.77,1000.69,1215.7,1,488.52,True
Green Chilli,Local,Spice,Uttar Pradesh,Agra,Year-Round,4,RETAILER,23.23,680.66,686.58,1,883.18,True
Green Chilli,Local,Spice,Punjab,Ludhiana,Rabi,12,INDIVIDUAL,74.84,544.94,615.32,0,203.16,True
Wheat,Common,Cereal,Tamil Nadu,Chennai,Rabi,12,BUSINESS,24.85,2953.1,2592.08,0,3075.46,True
Tomato,Hybrid,Vegetable,Madhya Pradesh,Indore,Zaid,2,RETAILER,75.92,2054.71,1732.96,0,1061.49,True
Rice,Basmati,Cereal,Tamil Nadu,Chennai,Kharif,5,WHOLESALER,34.05,2302.72,2230.77,0,3464.01,True
Rice,Common,Cereal,Tamil Nadu,Chennai,Kharif,3,WHOLESALER,44.91,2618.56,2577.09,0,3455.82,True
Potato,Local,Vegetable,Maharashtra,Nashik,Zaid,12,INDIVIDUAL,60.46,1457.17,1521.34,0,622.84,True
Tomato,Hybrid,Vegetable,Maharashtra,Mumbai,Year-Round,1,WHOLESALER,13.46,1442.22,1471.16,0,2791.24,True
Mango,Local,Fruit,Karnataka,Bengaluru,Kharif,9,WHOLESALER,56.16,673.06,799.56,0,994.92,True
Mango,Local,Fruit,Maharashtra,Mumbai,Year-Round,8,BUSINESS,56.66,877.09,865.11,0,915.73,True
Tomato,Hybrid,Vegetable,Maharashtra,Mumbai,Kharif,2,BUSINESS,53.84,1420.0,1328.57,0,1333.22,True
Rice,Common,Cereal,Madhya Pradesh,Indore,Kharif,8,RESTAURANT,55.08,2815.12,2730.32,0,2632.06,True
Rice,Basmati,Cereal,Karnataka,Bengaluru,Year-Round,3,RESTAURANT,73.93,2968.52,2785.91,0,2258.48,True
Soybean,Local,Oilseed,Karnataka,Bengaluru,Kharif,8,RETAILER,36.67,1104.02,1039.7,0,972.43,True
Tomato,Desi,Vegetable,Maharashtra,Pune,Kharif,9,INDIVIDUAL,27.35,1151.63,1257.66,0,620.37,True
Tomato,Hybrid,Vegetable,Tamil Nadu,Chennai,Rabi,1,INDIVIDUAL,51.99,1841.83,1656.32,0,611.06,True
Wheat,Common,Cereal,Uttar Pradesh,Agra,Year-Round,10,WHOLESALER,67.8,2282.42,2143.63,1,3104.23,True
Groundnut,Local,Oilseed,Punjab,Ludhiana,Year-Round,2,RESTAURANT,87.8,839.46,784.52,0,600.19,True
Tomato,Desi,Vegetable,Punjab,Ludhiana,Zaid,10,RETAILER,53.13,1314.99,1414.94,1,1332.27,True
Mango,Local,Fruit,Uttar Pradesh,Agra,Kharif,1,RESTAURANT,74.39,1011.85,789.42,0,690.02,True
Mango,Local,Fruit,Punjab,Ludhiana,Rabi,7,INDIVIDUAL,21.64,1068.69,861.85,0,440.02,True
Tomato,Desi,Vegetable,Madhya Pradesh,Indore,Rabi,4,RESTAURANT,15.25,1442.76,1160.29,1,1970.67,True
Maize,Hybrid,Cereal,Maharashtra,Mumbai,Kharif,5,WHOLESALER,20.44,1268.34,1245.1,0,2052.27,True
Rice,Common,Cereal,Madhya Pradesh,Indore,Kharif,1,BUSINESS,56.15,2391.95,2274.6,0,2000.68,True
Maize,Hybrid,Cereal,Madhya Pradesh,Indore,Rabi,2,INDIVIDUAL,58.2,1217.75,1100.84,0,296.24,True
Tomato,Desi,Vegetable,Tamil Nadu,Chennai,Rabi,5,RETAILER,66.32,1132.15,1231.31,0,1050.87,True
Rice,Basmati,Cereal,Uttar Pradesh,Agra,Rabi,11,RETAILER,49.41,2383.89,2376.98,1,2142.25,True
Mango,Local,Fruit,Uttar Pradesh,Agra,Rabi,5,RETAILER,59.77,696.15,695.02,0,612.64,True
Wheat,Common,Cereal,Tamil Nadu,Chennai,Zaid,10,RETAILER,72.34,2963.78,2942.11,1,2968.43,True
Rice,Common,Cereal,Karnataka,Bengaluru,Zaid,8,INDIVIDUAL,24.03,2661.61,2897.42,0,1356.06,True
Soybean,Local,Oilseed,Gujarat,Rajkot,Kharif,5,BUSINESS,29.4,1062.71,1124.64,0,1608.3,True
Wheat,Common,Cereal,Tamil Nadu,Chennai,Year-Round,6,RETAILER,84.79,2193.28,1928.01,0,1473.3,True
Groundnut,Local,Oilseed,Punjab,Ludhiana,Rabi,6,WHOLESALER,52.9,1078.39,937.21,0,1391.13,True
Maize,Hybrid,Cereal,Karnataka,Bengaluru,Kharif,3,BUSINESS,43.63,1312.87,1200.45,0,1200.62,True
Potato,Local,Vegetable,Uttar Pradesh,Agra,Zaid,4,WHOLESALER,79.99,2148.02,1919.15,1,3130.25,True
Mango,Local,Fruit,Maharashtra,Nashik,Year-Round,11,WHOLESALER,39.99,927.31,802.99,1,1419.19,True
Tomato,Hybrid,Vegetable,Madhya Pradesh,Indore,Zaid,12,RETAILER,36.85,1614.36,1748.02,0,1603.68,True
Soybean,Local,Oilseed,Maharashtra,Pune,Rabi,12,RESTAURANT,63.33,908.28,991.26,0,853.88,True
Tomato,Hybrid,Vegetable,Maharashtra,Nashik,Year-Round,5,INDIVIDUAL,32.09,1394.5,1417.92,0,818.48,True
Maize,Hybrid,Cereal,Uttar Pradesh,Agra,Zaid,1,WHOLESALER,16.53,1061.86,1083.37,0,1784.84,True
Maize,Hybrid,Cereal,Maharashtra,Pune,Year-Round,8,RESTAURANT,65.14,838.83,982.52,0,1102.84,True
Green Chilli,Local,Spice,Punjab,Ludhiana,Rabi,5,BUSINESS,33.27,496.63,535.67,0,683.88,True
Groundnut,Local,Oilseed,Madhya Pradesh,Indore,Rabi,8,RETAILER,65.47,791.11,954.15,0,707.57,True
Tomato,Desi,Vegetable,Maharashtra,Mumbai,Zaid,11,RETAILER,28.1,1413.85,1408.57,1,1482.89,True
Tomato,Desi,Vegetable,Punjab,Ludhiana,Kharif,9,WHOLESALER,82.25,1261.66,1272.08,0,1432.6,True
Mango,Local,Fruit,Madhya Pradesh,Indore,Zaid,1,RETAILER,14.1,703.46,762.14,0,1046.0,True
Soybean,Local,Oilseed,Tamil Nadu,Chennai,Rabi,2,INDIVIDUAL,34.07,952.1,921.14,0,394.57,True
Rice,Basmati,Cereal,Karnataka,Bengaluru,Rabi,6,BUSINESS,65.39,2880.89,2503.6,0,2945.74,True
Tomato,Desi,Vegetable,Maharashtra,Nashik,Zaid,7,WHOLESALER,21.08,1037.39,1385.39,0,2358.45,True
Soybean,Local,Oilseed,Maharashtra,Mumbai,Kharif,10,INDIVIDUAL,84.05,863.8,847.06,1,389.13,True
Mango,Local,Fruit,Maharashtra,Mumbai,Zaid,3,RETAILER,18.22,730.58,764.33,0,870.58,True
Rice,Common,Cereal,Madhya Pradesh,Indore,Zaid,4,RESTAURANT,84.48,2621.38,2648.04,1,2987.04,True
Tomato,Hybrid,Vegetable,Uttar Pradesh,Agra,Kharif,7,RETAILER,26.15,1588.5,1513.72,0,1755.42,True
Mango,Local,Fruit,Uttar Pradesh,Agra,Rabi,7,WHOLESALER,51.33,936.64,909.3,0,1317.22,True
Green Chilli,Local,Spice,Maharashtra,Nashik,Kharif,9,INDIVIDUAL,41.99,593.19,621.74,0,241.94,True
Rice,Basmati,Cereal,Uttar Pradesh,Agra,Zaid,3,RETAILER,26.52,2814.53,2539.79,0,2382.7,True
Tomato,Desi,Vegetable,Gujarat,Rajkot,Rabi,2,BUSINESS,14.15,1792.32,1476.76,0,2155.3,True
Soybean,Local,Oilseed,Maharashtra,Pune,Zaid,10,INDIVIDUAL,25.99,1004.58,1076.83,1,558.81,True
Mango,Local,Fruit,Maharashtra,Pune,Zaid,6,WHOLESALER,72.92,701.25,743.44,0,947.4,True
Maize,Hybrid,Cereal,Punjab,Ludhiana,Kharif,3,INDIVIDUAL,72.28,1330.27,1180.42,0,425.65,True
Rice,Basmati,Cereal,Maharashtra,Pune,Kharif,1,RESTAURANT,46.81,2714.57,2625.09,0,2546.85,True
Rice,Basmati,Cereal,Karnataka,Bengaluru,Kharif,10,RESTAURANT,27.06,2535.7,2888.63,1,4096.22,True
Rice,Basmati,Cereal,Uttar Pradesh,Agra,Kharif,10,INDIVIDUAL,83.34,2511.71,2837.37,1,1210.83,True
Rice,Basmati,Cereal,Madhya Pradesh,Indore,Rabi,8,INDIVIDUAL,59.26,2259.33,2292.63,0,878.68,True
Groundnut,Local,Oilseed,Madhya Pradesh,Indore,Rabi,8,BUSINESS,56.78,946.37,891.38,0,894.77,True
Rice,Basmati,Cereal,Tamil Nadu,Chennai,Kharif,11,RETAILER,24.14,3210.88,3012.16,1,3346.06,True
Onion,Red,Vegetable,Tamil Nadu,Chennai,Zaid,7,INDIVIDUAL,45.89,1470.61,1418.46,0,739.66,True
Tomato,Desi,Vegetable,Maharashtra,Nashik,Kharif,11,INDIVIDUAL,43.88,1158.69,1224.45,1,540.36,True
Groundnut,Local,Oilseed,Gujarat,Rajkot,Rabi,9,RESTAURANT,38.52,770.95,800.75,0,744.79,True
Mango,Local,Fruit,Karnataka,Bengaluru,Zaid,3,WHOLESALER,41.27,731.21,723.23,0,955.16,True
Tomato,Desi,Vegetable,Gujarat,Rajkot,Year-Round,12,BUSINESS,19.98,1574.05,1499.32,0,1863.32,True
Wheat,Common,Cereal,Uttar Pradesh,Agra,Rabi,6,BUSINESS,27.64,2158.51,1960.54,0,3009.32,True
Soybean,Local,Oilseed,Madhya Pradesh,Indore,Zaid,6,RETAILER,41.52,972.85,933.24,0,863.43,True
Onion,Red,Vegetable,Gujarat,Rajkot,Kharif,8,INDIVIDUAL,74.88,1526.42,1382.25,0,541.89,True
Onion,Red,Vegetable,Uttar Pradesh,Agra,Rabi,12,WHOLESALER,42.79,1413.01,1270.56,0,1651.49,True
Wheat,Common,Cereal,Maharashtra,Pune,Rabi,12,RETAILER,60.31,2914.41,2399.24,0,1951.37,True
Tomato,Hybrid,Vegetable,Madhya Pradesh,Indore,Year-Round,1,RESTAURANT,26.29,1479.17,1240.97,0,1458.42,True
Mango,Local,Fruit,Karnataka,Bengaluru,Rabi,10,RESTAURANT,83.9,865.81,810.96,1,782.82,True
Soybean,Local,Oilseed,Uttar Pradesh,Agra,Kharif,7,RESTAURANT,86.26,963.81,816.95,0,727.23,True
Soybean,Local,Oilseed,Punjab,Ludhiana,Rabi,4,RETAILER,76.41,1211.05,1043.79,1,1035.16,True
Wheat,Common,Cereal,Maharashtra,Pune,Zaid,5,WHOLESALER,69.24,2764.66,2664.97,0,3647.83,True
Rice,Common,Cereal,Maharashtra,Mumbai,Rabi,10,INDIVIDUAL,25.4,2356.92,2452.99,1,1400.76,True
Tomato,Hybrid,Vegetable,Gujarat,Rajkot,Zaid,11,WHOLESALER,70.02,1468.43,1760.81,1,2311.48,True
Onion,Red,Vegetable,Karnataka,Bengaluru,Year-Round,3,RETAILER,82.16,1306.91,1356.62,0,796.08,True
Wheat,Common,Cereal,Maharashtra,Mumbai,Rabi,12,BUSINESS,65.02,2838.1,2362.86,0,2401.64,True
Mango,Local,Fruit,Maharashtra,Nashik,Rabi,11,RETAILER,42.37,823.38,712.4,1,827.76,True
Soybean,Local,Oilseed,Tamil Nadu,Chennai,Rabi,7,RETAILER,81.04,970.89,969.31,0,896.83,True
Green Chilli,Local,Spice,Madhya Pradesh,Indore,Kharif,12,RESTAURANT,75.54,441.73,452.96,0,391.48,True
Soybean,Local,Oilseed,Madhya Pradesh,Indore,Year-Round,11,RESTAURANT,49.22,828.8,903.32,1,995.8,True
Tomato,Desi,Vegetable,Maharashtra,Mumbai,Zaid,6,BUSINESS,52.64,1545.24,1300.44,0,1664.89,True
Groundnut,Local,Oilseed,Maharashtra,Mumbai,Rabi,4,INDIVIDUAL,51.87,957.31,880.99,1,456.15,True
Soybean,Local,Oilseed,Karnataka,Bengaluru,Rabi,12,RETAILER,34.18,889.73,1032.06,0,1025.14,True
Mango,Local,Fruit,Maharashtra,Nashik,Year-Round,12,BUSINESS,22.51,719.4,734.67,0,1144.61,True
Soybean,Local,Oilseed,Uttar Pradesh,Agra,Zaid,1,RESTAURANT,56.91,793.7,899.61,0,789.91,True
Rice,Common,Cereal,Uttar Pradesh,Agra,Zaid,8,RETAILER,12.62,3496.76,3107.82,0,4606.87,True
Groundnut,Local,Oilseed,Maharashtra,Pune,Kharif,2,INDIVIDUAL,65.13,778.55,770.14,0,271.87,True
Rice,Common,Cereal,Punjab,Ludhiana,Kharif,7,WHOLESALER,65.2,2913.24,2386.2,0,3339.14,True
Tomato,Desi,Vegetable,Punjab,Ludhiana,Kharif,6,INDIVIDUAL,21.58,1046.69,1400.96,0,846.78,True
Green Chilli,Local,Spice,Karnataka,Bengaluru,Kharif,9,INDIVIDUAL,81.87,632.41,603.95,0,186.55,True
Groundnut,Local,Oilseed,Karnataka,Bengaluru,Zaid,1,WHOLESALER,73.15,715.5,750.9,0,833.98,True
Green Chilli,Local,Spice,Punjab,Ludhiana,Year-Round,10,INDIVIDUAL,34.17,719.0,593.36,1,295.86,True
Wheat,Common,Cereal,Maharashtra,Nashik,Rabi,11,WHOLESALER,33.75,2830.76,2589.33,1,4171.75,True
Tomato,Hybrid,Vegetable,Karnataka,Bengaluru,Year-Round,9,RETAILER,77.62,1397.56,1473.52,0,1160.8,True
Tomato,Desi,Vegetable,Gujarat,Rajkot,Zaid,2,INDIVIDUAL,89.38,1443.19,1360.17,0,422.98,True
Rice,Basmati,Cereal,Karnataka,Bengaluru,Kharif,5,RETAILER,59.72,3286.96,3141.29,0,2785.08,True
Maize,Hybrid,Cereal,Madhya Pradesh,Indore,Year-Round,3,WHOLESALER,38.81,911.21,998.82,0,1215.37,True
Onion,Red,Vegetable,Tamil Nadu,Chennai,Rabi,1,RESTAURANT,80.65,1581.95,1410.29,0,1116.62,True
Groundnut,Local,Oilseed,Tamil Nadu,Chennai,Year-Round,1,INDIVIDUAL,36.94,798.17,802.22,0,336.98,True
Tomato,Hybrid,Vegetable,Punjab,Ludhiana,Zaid,3,RETAILER,22.98,1492.33,1790.97,0,1850.4,True
Tomato,Hybrid,Vegetable,Maharashtra,Nashik,Rabi,7,WHOLESALER,24.64,1256.1,1404.68,0,2658.81,True
Tomato,Hybrid,Vegetable,Madhya Pradesh,Indore,Zaid,6,BUSINESS,76.01,1675.64,1854.69,0,1970.74,True
Potato,Local,Vegetable,Maharashtra,Mumbai,Year-Round,3,BUSINESS,41.23,1905.78,1777.01,0,2317.3,True
Mango,Local,Fruit,Tamil Nadu,Chennai,Year-Round,10,INDIVIDUAL,47.31,739.55,776.08,1,381.37,True
Soybean,Local,Oilseed,Maharashtra,Mumbai,Zaid,7,INDIVIDUAL,17.48,769.57,783.65,0,493.95,True
Mango,Local,Fruit,Gujarat,Rajkot,Kharif,9,INDIVIDUAL,87.77,731.89,814.19,0,285.2,True
Soybean,Local,Oilseed,Madhya Pradesh,Indore,Year-Round,2,INDIVIDUAL,19.37,1032.8,1001.05,0,575.9,True
Rice,Common,Cereal,Tamil Nadu,Chennai,Kharif,2,RETAILER,28.93,1887.51,2569.04,0,2192.88,True
Mango,Local,Fruit,Maharashtra,Mumbai,Zaid,1,RETAILER,81.35,1047.09,823.79,0,600.29,True
Tomato,Desi,Vegetable,Karnataka,Bengaluru,Rabi,2,INDIVIDUAL,41.86,1110.87,1246.2,0,513.56,True
Soybean,Local,Oilseed,Karnataka,Bengaluru,Zaid,11,WHOLESALER,61.68,874.16,998.74,1,1319.95,True
Soybean,Local,Oilseed,Madhya Pradesh,Indore,Year-Round,6,INDIVIDUAL,31.38,1177.06,1090.24,0,579.55,True
Soybean,Local,Oilseed,Punjab,Ludhiana,Rabi,7,INDIVIDUAL,85.82,943.03,977.68,0,354.19,True
Tomato,Hybrid,Vegetable,Maharashtra,Nashik,Year-Round,5,WHOLESALER,56.09,1268.91,1534.41,0,2232.34,True
Onion,Red,Vegetable,Tamil Nadu,Chennai,Kharif,10,RETAILER,45.01,1542.63,1502.51,1,1654.66,True
Rice,Basmati,Cereal,Tamil Nadu,Chennai,Year-Round,7,INDIVIDUAL,13.27,2552.83,2603.12,0,1817.74,True
Rice,Common,Cereal,Karnataka,Bengaluru,Zaid,1,WHOLESALER,30.79,3151.01,3146.74,0,4687.21,True
Soybean,Local,Oilseed,Madhya Pradesh,Indore,Zaid,4,RESTAURANT,61.75,725.33,636.92,1,786.54,True
Groundnut,Local,Oilseed,Tamil Nadu,Chennai,Zaid,11,WHOLESALER,37.94,661.42,789.8,1,1175.23,True
Groundnut,Local,Oilseed,Maharashtra,Mumbai,Kharif,11,RETAILER,33.16,899.98,907.48,1,1080.86,True
Rice,Basmati,Cereal,Maharashtra,Pune,Rabi,4,INDIVIDUAL,29.75,2680.48,2801.99,1,1868.34,True
Onion,Red,Vegetable,Maharashtra,Mumbai,Kharif,3,RESTAURANT,89.45,1297.18,1663.99,0,1228.56,True
Mango,Local,Fruit,Gujarat,Rajkot,Year-Round,10,WHOLESALER,15.27,772.39,713.5,1,1501.09,True
Potato,Local,Vegetable,Madhya Pradesh,Indore,Year-Round,2,WHOLESALER,62.8,1718.34,1665.37,0,1938.75,True
Tomato,Desi,Vegetable,Karnataka,Bengaluru,Year-Round,7,INDIVIDUAL,50.5,1095.45,968.58,0,417.06,True
Wheat,Common,Cereal,Madhya Pradesh,Indore,Zaid,9,INDIVIDUAL,15.02,1976.59,1994.94,0,1230.32,True
Rice,Common,Cereal,Maharashtra,Mumbai,Rabi,11,RESTAURANT,33.18,2509.56,2941.75,1,3772.7,True
Tomato,Hybrid,Vegetable,Madhya Pradesh,Indore,Kharif,10,INDIVIDUAL,64.28,1597.97,1570.18,1,761.62,True
Maize,Hybrid,Cereal,Uttar Pradesh,Agra,Rabi,9,BUSINESS,56.71,976.79,1057.09,0,919.6,True
Mango,Local,Fruit,Tamil Nadu,Chennai,Year-Round,10,RESTAURANT,14.37,752.5,670.32,1,981.13,True
Tomato,Desi,Vegetable,Gujarat,Rajkot,Kharif,1,BUSINESS,12.48,1001.8,1099.03,0,1614.47,True
Mango,Local,Fruit,Gujarat,Rajkot,Year-Round,9,RETAILER,66.47,926.85,779.43,0,591.88,True
Green Chilli,Local,Spice,Uttar Pradesh,Agra,Year-Round,1,WHOLESALER,22.19,445.25,521.97,0,749.84,True
Groundnut,Local,Oilseed,Gujarat,Rajkot,Kharif,9,WHOLESALER,34.21,814.64,784.43,0,1253.36,True
Rice,Basmati,Cereal,Karnataka,Bengaluru,Rabi,5,WHOLESALER,64.75,2130.42,2336.93,0,3317.97,True
Soybean,Local,Oilseed,Karnataka,Bengaluru,Kharif,11,INDIVIDUAL,21.36,851.9,901.55,1,433.9,True
Soybean,Local,Oilseed,Maharashtra,Nashik,Zaid,8,BUSINESS,34.74,1174.1,940.69,0,1218.06,True
Wheat,Common,Cereal,Maharashtra,Pune,Kharif,1,BUSINESS,79.13,2317.35,2184.04,0,2148.86,True
Mango,Local,Fruit,Tamil Nadu,Chennai,Year-Round,6,BUSINESS,16.04,692.15,770.78,0,1321.18,True
Mango,Local,Fruit,Karnataka,Bengaluru,Zaid,6,BUSINESS,16.95,797.42,818.09,0,1560.58,True
Maize,Hybrid,Cereal,Punjab,Ludhiana,Rabi,5,INDIVIDUAL,85.07,1234.7,1147.89,0,415.51,True
Tomato,Desi,Vegetable,Karnataka,Bengaluru,Kharif,12,BUSINESS,14.5,1189.76,1371.05,0,2182.54,True
Onion,Red,Vegetable,Tamil Nadu,Chennai,Kharif,7,RESTAURANT,21.15,1650.08,1404.85,0,1899.31,True
Soybean,Local,Oilseed,Punjab,Ludhiana,Rabi,12,INDIVIDUAL,33.2,923.6,925.83,0,437.2,True
Groundnut,Local,Oilseed,Uttar Pradesh,Agra,Zaid,7,INDIVIDUAL,75.8,702.91,810.15,0,387.34,True
Green Chilli,Local,Spice,Uttar Pradesh,Agra,Zaid,8,WHOLESALER,35.98,693.31,629.98,0,1034.66,True
Onion,Red,Vegetable,Gujarat,Rajkot,Kharif,5,INDIVIDUAL,79.48,1418.31,1330.32,0,559.72,True
Potato,Local,Vegetable,Karnataka,Bengaluru,Kharif,6,WHOLESALER,78.68,2213.97,1876.13,0,2462.41,True
Groundnut,Local,Oilseed,Gujarat,Rajkot,Year-Round,6,RESTAURANT,69.01,666.66,808.0,0,756.96,True
Rice,Common,Cereal,Gujarat,Rajkot,Rabi,11,RESTAURANT,74.56,2419.46,2669.2,1,2811.11,True
Mango,Local,Fruit,Gujarat,Rajkot,Zaid,1,WHOLESALER,41.86,873.46,824.1,0,1133.81,True
Maize,Hybrid,Cereal,Gujarat,Rajkot,Rabi,1,INDIVIDUAL,35.35,992.7,921.12,0,375.26,True
Onion,Red,Vegetable,Gujarat,Rajkot,Kharif,12,INDIVIDUAL,16.23,1321.31,1422.86,0,820.46,True
Rice,Common,Cereal,Uttar Pradesh,Agra,Kharif,4,RESTAURANT,21.52,2928.31,2831.65,1,4832.93,True
Tomato,Desi,Vegetable,Maharashtra,Nashik,Year-Round,2,RETAILER,27.73,1344.63,1486.63,0,1379.61,True
Mango,Local,Fruit,Maharashtra,Pune,Year-Round,5,BUSINESS,25.59,678.36,615.84,0,1022.13,True
Wheat,Common,Cereal,Tamil Nadu,Chennai,Kharif,8,BUSINESS,73.66,1828.06,2144.4,0,2145.53,True
Onion,Red,Vegetable,Madhya Pradesh,Indore,Rabi,12,BUSINESS,41.45,1302.64,1291.09,0,1483.01,True
Groundnut,Local,Oilseed,Madhya Pradesh,Indore,Kharif,7,RESTAURANT,86.24,836.03,728.96,0,653.11,True
Groundnut,Local,Oilseed,Tamil Nadu,Chennai,Year-Round,2,WHOLESALER,67.04,655.83,703.99,0,748.79,True
Tomato,Hybrid,Vegetable,Maharashtra,Nashik,Kharif,2,RESTAURANT,71.04,1631.29,1708.04,0,1316.56,True
Groundnut,Local,Oilseed,Madhya Pradesh,Indore,Rabi,2,WHOLESALER,55.51,804.0,960.26,0,944.79,True
Onion,Red,Vegetable,Gujarat,Rajkot,Zaid,10,WHOLESALER,18.79,1208.31,1440.91,1,3376.72,True
Rice,Common,Cereal,Gujarat,Rajkot,Rabi,10,RESTAURANT,89.8,2130.97,2249.88,1,1978.94,True
Green Chilli,Local,Spice,Punjab,Ludhiana,Kharif,12,RETAILER,28.9,645.49,640.31,0,642.6,True
Mango,Local,Fruit,Gujarat,Rajkot,Zaid,7,RESTAURANT,36.23,705.28,667.85,0,951.97,True
Wheat,Common,Cereal,Maharashtra,Nashik,Zaid,4,RESTAURANT,73.87,2011.64,2177.64,1,2296.22,True
Green Chilli,Local,Spice,Uttar Pradesh,Agra,Year-Round,5,INDIVIDUAL,51.11,486.1,522.9,0,248.92,True
Onion,Red,Vegetable,Gujarat,Rajkot,Kharif,7,RETAILER,66.22,1648.71,1419.96,0,1364.68,True
Wheat,Common,Cereal,Tamil Nadu,Chennai,Kharif,4,RESTAURANT,41.98,2225.08,2134.75,1,3082.66,True
Potato,Local,Vegetable,Maharashtra,Nashik,Rabi,6,RETAILER,18.23,1093.65,1508.61,0,1864.12,True
Green Chilli,Local,Spice,Madhya Pradesh,Indore,Year-Round,4,RETAILER,61.91,439.67,569.4,1,646.88,True
Green Chilli,Local,Spice,Karnataka,Bengaluru,Zaid,4,RESTAURANT,23.2,561.99,587.26,1,942.79,True
Rice,Common,Cereal,Maharashtra,Nashik,Zaid,8,RESTAURANT,62.87,3057.75,2623.47,0,2326.97,True
Mango,Local,Fruit,Tamil Nadu,Chennai,Year-Round,6,BUSINESS,83.42,703.18,843.12,0,856.1,True
Soybean,Local,Oilseed,Maharashtra,Mumbai,Rabi,12,RETAILER,59.97,969.38,924.66,0,753.27,True
Maize,Hybrid,Cereal,Punjab,Ludhiana,Zaid,4,BUSINESS,53.32,1158.13,1033.37,1,1511.65,True
Soybean,Local,Oilseed,Uttar Pradesh,Agra,Rabi,5,RESTAURANT,80.34,1299.87,1083.43,0,1053.85,True
Wheat,Common,Cereal,Madhya Pradesh,Indore,Rabi,12,BUSINESS,57.94,1927.0,2242.78,0,2477.85,True
Mango,Local,Fruit,Tamil Nadu,Chennai,Kharif,7,RETAILER,13.08,822.03,780.71,0,1102.31,True
Potato,Local,Vegetable,Madhya Pradesh,Indore,Rabi,11,RESTAURANT,37.06,1510.47,1835.36,1,2321.33,True
Rice,Common,Cereal,Karnataka,Bengaluru,Year-Round,7,BUSINESS,80.62,2966.89,2700.8,0,2732.71,True
Groundnut,Local,Oilseed,Tamil Nadu,Chennai,Zaid,11,BUSINESS,73.61,767.86,813.72,1,752.33,True
Rice,Common,Cereal,Punjab,Ludhiana,Year-Round,7,WHOLESALER,33.38,2447.75,2641.23,0,5101.9,True
Wheat,Common,Cereal,Uttar Pradesh,Agra,Year-Round,12,RETAILER,56.57,1757.69,2146.17,0,1686.71,True
Tomato,Desi,Vegetable,Madhya Pradesh,Indore,Zaid,2,RETAILER,76.18,1206.75,1386.77,0,850.5,True
Onion,Red,Vegetable,Gujarat,Rajkot,Rabi,4,RETAILER,62.91,1224.96,1403.03,1,1433.12,True
Rice,Common,Cereal,Madhya Pradesh,Indore,Zaid,1,INDIVIDUAL,35.95,3313.49,3018.73,0,1444.69,True
Tomato,Desi,Vegetable,Gujarat,Rajkot,Kharif,1,BUSINESS,35.83,1418.56,1270.69,0,1559.05,True
Rice,Common,Cereal,Karnataka,Bengaluru,Zaid,6,BUSINESS,71.24,2680.35,2496.19,0,3073.57,True
Rice,Common,Cereal,Uttar Pradesh,Agra,Rabi,1,WHOLESALER,58.25,3371.71,3071.23,0,3691.11,True
Maize,Hybrid,Cereal,Uttar Pradesh,Agra,Kharif,5,WHOLESALER,46.66,1186.71,1064.55,0,1465.18,True
Potato,Local,Vegetable,Punjab,Ludhiana,Year-Round,11,INDIVIDUAL,78.14,1806.74,1435.75,1,630.77,True
Groundnut,Local,Oilseed,Madhya Pradesh,Indore,Rabi,8,INDIVIDUAL,22.04,768.5,829.91,0,459.06,True
Onion,Red,Vegetable,Maharashtra,Nashik,Rabi,1,BUSINESS,25.71,1319.58,1209.29,0,1277.03,True
Potato,Local,Vegetable,Madhya Pradesh,Indore,Rabi,8,RESTAURANT,47.04,1689.06,1593.21,0,1843.48,True
Tomato,Desi,Vegetable,Maharashtra,Nashik,Kharif,4,RETAILER,81.09,1216.01,1617.85,1,1592.12,True
Soybean,Local,Oilseed,Gujarat,Rajkot,Rabi,5,BUSINESS,45.34,938.43,866.88,0,1237.6,True
Soybean,Local,Oilseed,Gujarat,Rajkot,Zaid,5,RESTAURANT,65.43,882.0,909.2,0,989.66,True
Potato,Local,Vegetable,Tamil Nadu,Chennai,Rabi,10,RETAILER,88.0,1719.77,1768.87,1,1370.94,True
Tomato,Hybrid,Vegetable,Gujarat,Rajkot,Rabi,6,INDIVIDUAL,40.82,1125.1,1396.87,0,719.53,True
Rice,Basmati,Cereal,Maharashtra,Mumbai,Kharif,8,RETAILER,46.97,3090.07,2588.57,0,2263.51,True
Soybean,Local,Oilseed,Madhya Pradesh,Indore,Kharif,10,RETAILER,69.23,1477.05,1173.33,1,1039.16,True
Groundnut,Local,Oilseed,Madhya Pradesh,Indore,Rabi,3,RETAILER,54.72,1025.64,797.68,0,654.35,True
Groundnut,Local,Oilseed,Punjab,Ludhiana,Rabi,6,RESTAURANT,78.4,789.03,882.63,0,847.83,True
Green Chilli,Local,Spice,Madhya Pradesh,Indore,Year-Round,12,RETAILER,75.38,481.86,583.82,0,423.96,True
Rice,Basmati,Cereal,Karnataka,Bengaluru,Year-Round,11,RESTAURANT,76.31,2812.95,2632.07,1,2799.32,True
Maize,Hybrid,Cereal,Tamil Nadu,Chennai,Zaid,4,BUSINESS,43.09,1021.83,1158.07,1,1902.5,True
Mango,Local,Fruit,Maharashtra,Pune,Year-Round,6,RETAILER,73.51,669.26,760.19,0,726.66,True
Wheat,Common,Cereal,Gujarat,Rajkot,Rabi,6,INDIVIDUAL,33.39,2063.14,2239.93,0,1189.89,True
Potato,Local,Vegetable,Maharashtra,Nashik,Rabi,11,RESTAURANT,73.49,1771.3,1827.65,1,1926.31,True
Potato,Local,Vegetable,Gujarat,Rajkot,Year-Round,8,RESTAURANT,67.95,1978.9,1807.45,0,1846.39,True
Groundnut,Local,Oilseed,Madhya Pradesh,Indore,Rabi,10,BUSINESS,50.74,919.59,877.8,1,1101.65,True
Soybean,Local,Oilseed,Tamil Nadu,Chennai,Kharif,12,BUSINESS,82.28,1222.31,1019.78,0,873.89,True
Soybean,Local,Oilseed,Maharashtra,Mumbai,Rabi,1,RESTAURANT,64.09,764.52,817.28,0,589.93,True
Tomato,Hybrid,Vegetable,Tamil Nadu,Chennai,Year-Round,10,RETAILER,29.58,1160.19,1380.43,1,1608.87,True
Groundnut,Local,Oilseed,Karnataka,Bengaluru,Rabi,8,BUSINESS,21.35,1077.47,865.33,0,1241.14,True
Rice,Common,Cereal,Madhya Pradesh,Indore,Kharif,1,RETAILER,43.58,2906.53,2964.94,0,2325.66,True
Tomato,Hybrid,Vegetable,Gujarat,Rajkot,Zaid,11,BUSINESS,65.32,1343.74,1436.13,1,1705.76,True
Mango,Local,Fruit,Madhya Pradesh,Indore,Year-Round,11,WHOLESALER,28.39,635.9,653.3,1,1302.82,True
Onion,Red,Vegetable,Maharashtra,Nashik,Year-Round,10,BUSINESS,35.86,1225.23,1360.26,1,1985.66,True
Rice,Basmati,Cereal,Maharashtra,Nashik,Rabi,8,WHOLESALER,28.3,2211.93,2455.17,0,4193.01,True
Soybean,Local,Oilseed,Tamil Nadu,Chennai,Kharif,10,RETAILER,40.7,692.55,749.76,1,952.56,True
Soybean,Local,Oilseed,Punjab,Ludhiana,Rabi,9,RETAILER,52.37,639.17,904.05,0,746.06,True
Onion,Red,Vegetable,Karnataka,Bengaluru,Year-Round,2,INDIVIDUAL,65.15,1249.88,1201.78,0,387.03,True
Tomato,Hybrid,Vegetable,Karnataka,Bengaluru,Year-Round,1,WHOLESALER,84.42,1419.78,1426.16,0,1682.82,True
Potato,Local,Vegetable,Uttar Pradesh,Agra,Rabi,1,INDIVIDUAL,66.71,1647.55,1782.99,0,675.54,True
Maize,Hybrid,Cereal,Karnataka,Bengaluru,Zaid,11,BUSINESS,12.9,1009.35,987.35,1,1719.0,True
Maize,Hybrid,Cereal,Uttar Pradesh,Agra,Rabi,6,RETAILER,32.82,1286.14,1193.48,0,1285.14,True
Rice,Common,Cereal,Uttar Pradesh,Agra,Kharif,1,RETAILER,62.97,2441.5,2414.35,0,1998.34,True
Potato,Local,Vegetable,Uttar Pradesh,Agra,Rabi,1,RESTAURANT,26.36,1424.79,1881.86,0,2198.49,True
Groundnut,Local,Oilseed,Maharashtra,Pune,Zaid,8,RESTAURANT,55.11,766.21,906.91,0,892.92,True
Rice,Basmati,Cereal,Maharashtra,Mumbai,Year-Round,4,INDIVIDUAL,40.52,2556.59,2629.78,1,1524.94,True
Soybean,Local,Oilseed,Gujarat,Rajkot,Zaid,7,INDIVIDUAL,38.98,819.69,792.26,0,409.49,True
Maize,Hybrid,Cereal,Karnataka,Bengaluru,Rabi,3,RETAILER,88.92,898.0,943.19,0,741.26,True
Onion,Red,Vegetable,Maharashtra,Mumbai,Rabi,6,RESTAURANT,46.49,989.9,1297.53,0,1579.0,True
Mango,Local,Fruit,Karnataka,Bengaluru,Rabi,12,INDIVIDUAL,32.73,758.44,787.45,0,390.22,True
Green Chilli,Local,Spice,Gujarat,Rajkot,Rabi,12,WHOLESALER,51.1,575.33,539.41,0,694.65,True
Groundnut,Local,Oilseed,Maharashtra,Nashik,Kharif,12,BUSINESS,25.0,917.29,958.01,0,1369.01,True
Green Chilli,Local,Spice,Punjab,Ludhiana,Kharif,7,INDIVIDUAL,58.58,674.44,598.9,0,264.82,True
Rice,Basmati,Cereal,Tamil Nadu,Chennai,Rabi,11,INDIVIDUAL,67.44,2563.06,2648.3,1,1391.87,True
Tomato,Hybrid,Vegetable,Tamil Nadu,Chennai,Rabi,7,BUSINESS,89.99,1882.64,1649.45,0,1844.94,True
Groundnut,Local,Oilseed,Maharashtra,Mumbai,Year-Round,8,RETAILER,16.14,1016.8,938.09,0,1246.64,True
Soybean,Local,Oilseed,Maharashtra,Mumbai,Rabi,2,WHOLESALER,25.89,989.43,1020.43,0,1457.17,True
Maize,Hybrid,Cereal,Uttar Pradesh,Agra,Rabi,3,INDIVIDUAL,17.57,1156.62,1103.31,0,668.43,True
Green Chilli,Local,Spice,Madhya Pradesh,Indore,Zaid,12,RESTAURANT,12.26,570.45,673.07,0,989.65,True
Green Chilli,Local,Spice,Maharashtra,Nashik,Year-Round,7,BUSINESS,15.94,522.54,616.55,0,1023.79,True
Wheat,Common,Cereal,Karnataka,Bengaluru,Kharif,8,INDIVIDUAL,75.34,2338.47,2403.29,0,1080.88,True
Rice,Common,Cereal,Maharashtra,Pune,Zaid,2,WHOLESALER,45.17,3218.77,2682.27,0,2702.69,True
Onion,Red,Vegetable,Maharashtra,Pune,Zaid,1,BUSINESS,72.15,1316.62,1431.79,0,1247.62,True
Green Chilli,Local,Spice,Maharashtra,Mumbai,Zaid,2,RETAILER,66.23,572.15,652.76,0,444.97,True
Wheat,Common,Cereal,Maharashtra,Pune,Kharif,8,WHOLESALER,23.76,3109.71,2745.69,0,4711.77,True
Groundnut,Local,Oilseed,Punjab,Ludhiana,Zaid,2,WHOLESALER,31.23,686.02,666.73,0,795.2,True
Rice,Common,Cereal,Maharashtra,Nashik,Rabi,1,RESTAURANT,51.13,2188.2,2474.59,0,2274.33,True
Rice,Common,Cereal,Uttar Pradesh,Agra,Year-Round,11,RESTAURANT,52.22,2262.76,2150.0,1,2314.51,True
Rice,Basmati,Cereal,Maharashtra,Nashik,Zaid,12,RESTAURANT,44.69,2456.23,2807.02,0,3099.29,True
Maize,Hybrid,Cereal,Maharashtra,Mumbai,Zaid,11,INDIVIDUAL,34.32,1152.95,1113.27,1,627.85,True
Rice,Basmati,Cereal,Gujarat,Rajkot,Kharif,3,RETAILER,28.47,2588.66,2597.01,0,2688.52,True
Soybean,Local,Oilseed,Punjab,Ludhiana,Zaid,7,RETAILER,62.19,1115.33,958.27,0,836.93,True
Mango,Local,Fruit,Tamil Nadu,Chennai,Zaid,7,WHOLESALER,63.69,818.84,778.22,0,1019.16,True
Soybean,Local,Oilseed,Maharashtra,Nashik,Year-Round,9,INDIVIDUAL,81.8,1084.16,1058.89,0,435.7,True
Rice,Common,Cereal,Madhya Pradesh,Indore,Zaid,2,WHOLESALER,21.75,2713.32,2590.22,0,4066.19,True
Tomato,Hybrid,Vegetable,Tamil Nadu,Chennai,Kharif,4,INDIVIDUAL,64.92,1759.54,1596.55,1,754.69,True
Soybean,Local,Oilseed,Madhya Pradesh,Indore,Rabi,3,RETAILER,33.81,1020.94,941.65,0,897.81,True
Green Chilli,Local,Spice,Karnataka,Bengaluru,Zaid,4,RETAILER,57.92,599.9,600.78,1,617.82,True
Onion,Red,Vegetable,Maharashtra,Mumbai,Rabi,4,RESTAURANT,20.32,1086.33,1250.64,1,2236.72,True
Tomato,Desi,Vegetable,Uttar Pradesh,Agra,Year-Round,9,BUSINESS,78.26,1197.82,1287.63,0,1229.78,True
Maize,Hybrid,Cereal,Maharashtra,Mumbai,Rabi,3,WHOLESALER,70.95,1258.79,1297.66,0,1613.54,True
Soybean,Local,Oilseed,Gujarat,Rajkot,Rabi,6,WHOLESALER,53.78,801.14,934.57,0,1509.93,True
Potato,Local,Vegetable,Maharashtra,Pune,Year-Round,4,WHOLESALER,54.81,1421.26,1910.78,1,3541.73,True
Green Chilli,Local,Spice,Karnataka,Bengaluru,Kharif,5,RESTAURANT,40.02,560.36,580.7,0,682.07,True
Maize,Hybrid,Cereal,Madhya Pradesh,Indore,Year-Round,5,RESTAURANT,20.31,1138.59,1040.28,0,1374.19,True
Soybean,Local,Oilseed,Punjab,Ludhiana,Kharif,5,INDIVIDUAL,32.11,1148.25,1062.29,0,538.97,True
Mango,Local,Fruit,Madhya Pradesh,Indore,Year-Round,4,RETAILER,82.57,786.11,838.22,1,747.33,True
Rice,Basmati,Cereal,Tamil Nadu,Chennai,Rabi,1,WHOLESALER,52.67,2846.43,2482.08,0,2876.07,True
Maize,Hybrid,Cereal,Maharashtra,Mumbai,Zaid,6,WHOLESALER,63.32,892.07,1220.55,0,1629.34,True
Wheat,Common,Cereal,Uttar Pradesh,Agra,Rabi,6,WHOLESALER,18.01,2387.3,2296.71,0,4750.7,True
Mango,Local,Fruit,Tamil Nadu,Chennai,Rabi,1,WHOLESALER,64.6,800.22,723.21,0,905.28,True
Tomato,Desi,Vegetable,Maharashtra,Nashik,Year-Round,6,WHOLESALER,45.01,1121.4,1336.17,0,2344.01,True
Maize,Hybrid,Cereal,Punjab,Ludhiana,Rabi,8,RESTAURANT,51.77,1057.05,1149.37,0,1204.45,True
Wheat,Common,Cereal,Gujarat,Rajkot,Kharif,9,INDIVIDUAL,63.45,2163.61,2365.7,0,914.78,True
Rice,Common,Cereal,Tamil Nadu,Chennai,Kharif,12,RESTAURANT,67.73,2524.84,2510.49,0,2368.84,True
Mango,Local,Fruit,Karnataka,Bengaluru,Rabi,7,WHOLESALER,54.89,671.58,751.04,0,1033.68,True
Soybean,Local,Oilseed,Uttar Pradesh,Agra,Year-Round,8,BUSINESS,28.35,1241.4,1004.03,0,1305.56,True
Potato,Local,Vegetable,Maharashtra,Pune,Rabi,1,RESTAURANT,46.5,1862.63,1885.39,0,1775.22,True
Mango,Local,Fruit,Gujarat,Rajkot,Year-Round,11,INDIVIDUAL,13.78,886.58,812.81,1,532.3,True
Rice,Common,Cereal,Gujarat,Rajkot,Kharif,5,INDIVIDUAL,16.01,2932.11,2956.71,0,1953.45,True
Rice,Basmati,Cereal,Tamil Nadu,Chennai,Zaid,6,RESTAURANT,48.91,1799.74,2686.09,0,3208.42,True
Soybean,Local,Oilseed,Maharashtra,Pune,Rabi,4,INDIVIDUAL,57.11,1137.43,1053.3,1,629.27,True
Wheat,Common,Cereal,Maharashtra,Pune,Kharif,9,WHOLESALER,21.7,2244.57,2241.69,0,3978.32,True
Mango,Local,Fruit,Gujarat,Rajkot,Rabi,1,RETAILER,24.6,727.69,678.37,0,774.5,True
Groundnut,Local,Oilseed,Maharashtra,Mumbai,Kharif,6,WHOLESALER,74.52,900.23,898.38,0,1271.55,True
Tomato,Hybrid,Vegetable,Maharashtra,Mumbai,Zaid,11,RESTAURANT,77.59,1132.43,1180.16,1,1055.24,True
Potato,Local,Vegetable,Maharashtra,Pune,Rabi,7,WHOLESALER,39.58,1734.01,1624.47,0,2237.57,True
Rice,Common,Cereal,Madhya Pradesh,Indore,Zaid,1,WHOLESALER,33.72,2070.87,2226.58,0,2751.75,True
Tomato,Hybrid,Vegetable,Karnataka,Bengaluru,Rabi,8,INDIVIDUAL,34.54,988.55,1268.18,0,633.78,True
Onion,Red,Vegetable,Maharashtra,Mumbai,Zaid,5,RETAILER,21.18,1332.5,1429.57,0,1604.81,True
Rice,Basmati,Cereal,Madhya Pradesh,Indore,Year-Round,11,BUSINESS,32.84,2283.75,2445.35,1,3238.68,True
Rice,Basmati,Cereal,Karnataka,Bengaluru,Kharif,8,RETAILER,21.2,2275.95,2498.26,0,2724.52,True
Groundnut,Local,Oilseed,Maharashtra,Pune,Zaid,6,RETAILER,66.87,628.07,716.75,0,627.9,True
Green Chilli,Local,Spice,Uttar Pradesh,Agra,Year-Round,4,INDIVIDUAL,20.35,628.02,573.12,1,437.89,True
Tomato,Hybrid,Vegetable,Madhya Pradesh,Indore,Year-Round,6,INDIVIDUAL,23.35,1054.05,1321.9,0,800.41,True
Tomato,Hybrid,Vegetable,Maharashtra,Pune,Kharif,11,WHOLESALER,25.32,1740.64,1485.13,1,2695.37,True
Rice,Common,Cereal,Gujarat,Rajkot,Rabi,6,INDIVIDUAL,48.3,2591.29,2543.64,0,1125.06,True
Onion,Red,Vegetable,Maharashtra,Nashik,Rabi,8,WHOLESALER,63.3,1436.61,1509.22,0,1755.37,True
Soybean,Local,Oilseed,Maharashtra,Mumbai,Zaid,11,RESTAURANT,31.2,779.22,878.37,1,1195.76,True
Rice,Common,Cereal,Tamil Nadu,Chennai,Zaid,3,INDIVIDUAL,50.19,2805.97,2336.69,0,894.57,True
Rice,Common,Cereal,Gujarat,Rajkot,Zaid,2,WHOLESALER,63.2,2572.96,2605.84,0,2709.34,True
Tomato,Desi,Vegetable,Punjab,Ludhiana,Year-Round,5,INDIVIDUAL,63.06,999.22,1365.4,0,526.97,True
Potato,Local,Vegetable,Punjab,Ludhiana,Rabi,7,RETAILER,77.17,2066.18,2004.8,0,1583.51,True
Potato,Local,Vegetable,Maharashtra,Mumbai,Rabi,11,RESTAURANT,13.71,1785.34,1792.44,1,3006.68,True
Rice,Common,Cereal,Madhya Pradesh,Indore,Year-Round,7,INDIVIDUAL,12.75,3492.63,3115.18,0,2112.66,True
Tomato,Hybrid,Vegetable,Uttar Pradesh,Agra,Rabi,6,BUSINESS,73.18,1346.41,1475.52,0,1611.58,True
Tomato,Desi,Vegetable,Madhya Pradesh,Indore,Kharif,9,RETAILER,77.78,1485.47,1411.37,0,1006.06,True
Groundnut,Local,Oilseed,Uttar Pradesh,Agra,Rabi,5,RESTAURANT,69.86,790.09,695.04,0,705.28,True
Green Chilli,Local,Spice,Punjab,Ludhiana,Zaid,5,INDIVIDUAL,37.5,535.35,586.83,0,324.21,True
Mango,Local,Fruit,Maharashtra,Mumbai,Kharif,11,RETAILER,87.23,891.23,847.09,1,623.74,True
Green Chilli,Local,Spice,Tamil Nadu,Chennai,Kharif,3,RESTAURANT,71.22,755.78,689.52,0,556.69,True
Tomato,Desi,Vegetable,Maharashtra,Nashik,Rabi,7,WHOLESALER,14.02,1400.25,1352.37,0,2721.94,True
Maize,Hybrid,Cereal,Tamil Nadu,Chennai,Zaid,9,RETAILER,64.71,884.66,1113.38,0,938.61,True
Green Chilli,Local,Spice,Maharashtra,Nashik,Zaid,6,RESTAURANT,19.06,576.36,570.99,0,886.13,True
Tomato,Desi,Vegetable,Tamil Nadu,Chennai,Rabi,6,WHOLESALER,25.47,1470.01,1341.52,0,2460.58,True
Green Chilli,Local,Spice,Maharashtra,Mumbai,Year-Round,3,WHOLESALER,71.79,761.81,694.89,0,797.87,True
Wheat,Common,Cereal,Maharashtra,Nashik,Zaid,9,RESTAURANT,48.0,2481.38,2400.6,0,2371.15,True
Onion,Red,Vegetable,Madhya Pradesh,Indore,Zaid,6,INDIVIDUAL,24.58,1452.63,1352.51,0,741.22,True
Onion,Red,Vegetable,Uttar Pradesh,Agra,Zaid,7,RESTAURANT,57.64,1249.33,1428.32,0,1492.57,True
Maize,Hybrid,Cereal,Madhya Pradesh,Indore,Kharif,6,RETAILER,74.72,1064.46,1054.85,0,927.02,True
Green Chilli,Local,Spice,Madhya Pradesh,Indore,Zaid,12,BUSINESS,70.26,666.58,650.75,0,658.95,True
Soybean,Local,Oilseed,Punjab,Ludhiana,Zaid,4,RETAILER,87.24,1004.44,880.82,1,870.23,True
Wheat,Common,Cereal,Gujarat,Rajkot,Zaid,4,RESTAURANT,36.21,2327.43,2363.03,1,3329.96,True
Potato,Local,Vegetable,Punjab,Ludhiana,Rabi,1,RETAILER,51.24,1272.18,1355.48,0,987.81,True
Groundnut,Local,Oilseed,Gujarat,Rajkot,Year-Round,1,WHOLESALER,39.22,858.36,949.69,0,1321.12,True
Mango,Local,Fruit,Gujarat,Rajkot,Kharif,1,INDIVIDUAL,81.43,865.32,853.46,0,285.29,True
Potato,Local,Vegetable,Maharashtra,Pune,Rabi,2,INDIVIDUAL,50.7,1301.64,1652.64,0,552.26,True
Tomato,Hybrid,Vegetable,Karnataka,Bengaluru,Rabi,10,RETAILER,70.57,1683.94,1660.34,1,1600.07,True
Onion,Red,Vegetable,Maharashtra,Pune,Kharif,9,WHOLESALER,50.91,1182.67,1295.63,0,1612.93,True
Wheat,Common,Cereal,Maharashtra,Mumbai,Kharif,2,BUSINESS,26.79,2178.85,2395.78,0,3214.48,True
Potato,Local,Vegetable,Tamil Nadu,Chennai,Zaid,5,WHOLESALER,81.47,1951.26,1798.79,0,2038.12,True
Tomato,Desi,Vegetable,Gujarat,Rajkot,Zaid,4,RETAILER,78.43,1000.3,1066.65,1,975.46,True
Onion,Red,Vegetable,Punjab,Ludhiana,Zaid,7,RETAILER,64.8,1547.76,1318.21,0,1317.82,True
Soybean,Local,Oilseed,Maharashtra,Mumbai,Zaid,1,INDIVIDUAL,62.41,947.25,936.71,0,373.35,True
Groundnut,Local,Oilseed,Gujarat,Rajkot,Rabi,10,RETAILER,12.89,983.98,784.83,1,1192.83,True
Rice,Common,Cereal,Maharashtra,Mumbai,Year-Round,4,WHOLESALER,43.61,2629.09,2414.73,1,5331.0,True
Rice,Basmati,Cereal,Tamil Nadu,Chennai,Kharif,2,BUSINESS,43.47,2454.76,2436.56,0,2335.01,True
Groundnut,Local,Oilseed,Karnataka,Bengaluru,Zaid,5,INDIVIDUAL,78.3,821.62,757.18,0,303.77,True
Potato,Local,Vegetable,Maharashtra,Nashik,Rabi,8,WHOLESALER,54.14,1741.07,1826.33,0,2635.46,True
Tomato,Hybrid,Vegetable,Maharashtra,Mumbai,Zaid,11,RESTAURANT,64.95,1185.83,1445.01,1,1557.77,True
Rice,Basmati,Cereal,Gujarat,Rajkot,Rabi,11,RESTAURANT,59.52,2603.28,2096.79,1,2364.87,True
Onion,Red,Vegetable,Punjab,Ludhiana,Year-Round,2,RETAILER,35.26,1703.92,1393.06,0,1109.76,True
Soybean,Local,Oilseed,Madhya Pradesh,Indore,Zaid,6,RESTAURANT,41.99,971.19,977.73,0,1265.02,True
Onion,Red,Vegetable,Karnataka,Bengaluru,Year-Round,7,INDIVIDUAL,67.04,1195.68,1336.37,0,574.38,True
Mango,Local,Fruit,Madhya Pradesh,Indore,Kharif,10,BUSINESS,50.44,868.1,765.94,1,888.04,True
Groundnut,Local,Oilseed,Karnataka,Bengaluru,Kharif,6,RESTAURANT,19.03,893.62,820.12,0,1199.17,True
Green Chilli,Local,Spice,Tamil Nadu,Chennai,Kharif,12,WHOLESALER,73.48,431.65,512.32,0,620.14,True
Mango,Local,Fruit,Maharashtra,Pune,Rabi,3,RETAILER,22.94,602.41,690.77,0,790.61,True
Rice,Basmati,Cereal,Tamil Nadu,Chennai,Rabi,4,RETAILER,31.82,2715.5,2855.77,1,4076.93,True
Groundnut,Local,Oilseed,Maharashtra,Pune,Rabi,8,WHOLESALER,36.12,1102.42,907.21,0,1270.5,True
Wheat,Common,Cereal,Uttar Pradesh,Agra,Zaid,9,WHOLESALER,67.27,2362.65,2945.18,0,3708.67,True
Mango,Local,Fruit,Karnataka,Bengaluru,Rabi,3,WHOLESALER,34.82,822.93,791.08,0,918.96,True
Wheat,Common,Cereal,Gujarat,Rajkot,Year-Round,1,INDIVIDUAL,59.52,2143.52,2155.28,0,767.58,True
Green Chilli,Local,Spice,Tamil Nadu,Chennai,Zaid,10,BUSINESS,38.21,483.74,475.6,1,710.13,True
Mango,Local,Fruit,Karnataka,Bengaluru,Kharif,7,WHOLESALER,79.67,762.72,608.56,0,715.92,True
Tomato,Hybrid,Vegetable,Maharashtra,Pune,Kharif,1,BUSINESS,50.3,1507.78,1604.32,0,1605.59,True
Tomato,Hybrid,Vegetable,Punjab,Ludhiana,Rabi,2,RESTAURANT,84.08,1664.3,1606.58,0,1403.87,True
Maize,Hybrid,Cereal,Maharashtra,Mumbai,Rabi,9,RESTAURANT,58.0,1250.59,1157.68,0,1090.53,True
Rice,Common,Cereal,Tamil Nadu,Chennai,Rabi,2,INDIVIDUAL,78.92,2277.23,2734.87,0,750.97,True
Green Chilli,Local,Spice,Maharashtra,Nashik,Year-Round,8,RETAILER,16.12,663.8,636.76,0,750.02,True
Onion,Red,Vegetable,Punjab,Ludhiana,Zaid,1,BUSINESS,75.68,1611.02,1518.79,0,1153.25,True
Green Chilli,Local,Spice,Maharashtra,Mumbai,Kharif,9,RESTAURANT,14.25,638.34,590.38,0,788.01,True
Soybean,Local,Oilseed,Punjab,Ludhiana,Kharif,11,INDIVIDUAL,47.49,1042.44,948.55,1,465.1,True
Wheat,Common,Cereal,Punjab,Ludhiana,Rabi,11,RETAILER,49.7,2688.41,2557.76,1,2860.29,True
Green Chilli,Local,Spice,Gujarat,Rajkot,Zaid,6,RETAILER,84.76,695.7,684.34,0,598.08,True
Potato,Local,Vegetable,Punjab,Ludhiana,Rabi,11,WHOLESALER,29.62,1764.27,1816.07,1,2965.98,True
Maize,Hybrid,Cereal,Maharashtra,Mumbai,Rabi,7,INDIVIDUAL,37.24,947.15,1091.19,0,484.71,True
Mango,Local,Fruit,Tamil Nadu,Chennai,Zaid,3,BUSINESS,48.11,808.67,800.49,0,863.74,True
Onion,Red,Vegetable,Gujarat,Rajkot,Year-Round,8,WHOLESALER,70.94,1203.5,1633.05,0,1919.61,True
Tomato,Hybrid,Vegetable,Karnataka,Bengaluru,Year-Round,6,INDIVIDUAL,37.98,1568.84,1675.75,0,874.46,True
Onion,Red,Vegetable,Punjab,Ludhiana,Zaid,7,WHOLESALER,60.09,1066.65,1341.99,0,1533.31,True
Potato,Local,Vegetable,Maharashtra,Mumbai,Kharif,9,INDIVIDUAL,50.88,1653.07,1843.07,0,744.87,True
Rice,Basmati,Cereal,Madhya Pradesh,Indore,Zaid,7,BUSINESS,50.6,1889.13,2160.02,0,2891.2,True
Soybean,Local,Oilseed,Madhya Pradesh,Indore,Kharif,8,RESTAURANT,82.97,740.68,802.14,0,720.27,True
Wheat,Common,Cereal,Maharashtra,Mumbai,Year-Round,4,BUSINESS,83.93,2811.3,2611.39,1,3687.02,True
Tomato,Desi,Vegetable,Tamil Nadu,Chennai,Year-Round,4,INDIVIDUAL,38.65,1504.23,1418.84,1,795.6,True
Rice,Basmati,Cereal,Uttar Pradesh,Agra,Rabi,2,RESTAURANT,69.52,2491.98,2366.91,0,1645.44,True
Soybean,Local,Oilseed,Maharashtra,Pune,Kharif,6,WHOLESALER,35.41,836.48,786.79,0,1299.35,True
Tomato,Desi,Vegetable,Uttar Pradesh,Agra,Year-Round,4,RESTAURANT,56.52,1228.55,1275.33,1,1616.3,True
Rice,Common,Cereal,Tamil Nadu,Chennai,Kharif,11,RESTAURANT,75.54,2599.6,2828.37,1,3201.93,True
Soybean,Local,Oilseed,Maharashtra,Nashik,Kharif,7,RESTAURANT,69.11,1033.2,931.17,0,933.69,True
Soybean,Local,Oilseed,Punjab,Ludhiana,Year-Round,1,RETAILER,54.64,1084.18,1084.47,0,876.37,True
Rice,Common,Cereal,Maharashtra,Mumbai,Year-Round,8,RESTAURANT,79.88,1647.24,2461.05,0,2457.85,True
Tomato,Hybrid,Vegetable,Gujarat,Rajkot,Kharif,3,BUSINESS,69.32,1662.99,1483.41,0,1491.64,True
Wheat,Common,Cereal,Punjab,Ludhiana,Zaid,2,RESTAURANT,88.54,3161.72,2680.09,0,2065.27,True
Soybean,Local,Oilseed,Maharashtra,Nashik,Kharif,2,BUSINESS,54.03,1057.55,827.39,0,679.96,True
Tomato,Desi,Vegetable,Maharashtra,Pune,Year-Round,2,INDIVIDUAL,66.61,1231.83,1188.35,0,424.72,True
Rice,Common,Cereal,Gujarat,Rajkot,Kharif,3,WHOLESALER,58.57,2662.37,3153.46,0,4197.58,True
Mango,Local,Fruit,Uttar Pradesh,Agra,Year-Round,6,BUSINESS,75.41,798.71,750.77,0,811.24,True
Maize,Hybrid,Cereal,Maharashtra,Pune,Zaid,10,RESTAURANT,28.17,859.49,1022.11,1,1379.93,True
Mango,Local,Fruit,Uttar Pradesh,Agra,Zaid,1,RESTAURANT,17.87,913.45,901.85,0,1129.21,True
Maize,Hybrid,Cereal,Maharashtra,Nashik,Rabi,3,BUSINESS,64.77,1006.88,920.28,0,866.09,True
Wheat,Common,Cereal,Maharashtra,Mumbai,Zaid,5,BUSINESS,36.1,2610.55,2443.23,0,3310.21,True
Tomato,Desi,Vegetable,Maharashtra,Pune,Year-Round,12,RESTAURANT,74.69,1231.83,1192.9,0,1056.56,True
Wheat,Common,Cereal,Karnataka,Bengaluru,Year-Round,1,BUSINESS,85.22,2762.38,2634.64,0,2640.79,True
Maize,Hybrid,Cereal,Gujarat,Rajkot,Rabi,8,WHOLESALER,31.24,1400.85,1315.89,0,2071.36,True
Rice,Common,Cereal,Maharashtra,Mumbai,Year-Round,4,BUSINESS,45.17,2940.88,2763.07,1,4362.57,True
Rice,Basmati,Cereal,Karnataka,Bengaluru,Rabi,6,WHOLESALER,29.5,2252.18,2200.7,0,3752.41,True
Potato,Local,Vegetable,Madhya Pradesh,Indore,Year-Round,7,RESTAURANT,83.65,1881.16,1704.34,0,1596.24,True
Onion,Red,Vegetable,Karnataka,Bengaluru,Year-Round,11,RETAILER,18.4,1324.23,1401.97,1,1539.62,True
Onion,Red,Vegetable,Gujarat,Rajkot,Kharif,6,INDIVIDUAL,31.08,1389.26,1633.33,0,832.14,True
Groundnut,Local,Oilseed,Maharashtra,Mumbai,Rabi,1,RESTAURANT,13.2,973.52,874.71,0,1276.95,True
Rice,Common,Cereal,Uttar Pradesh,Agra,Zaid,5,RETAILER,38.12,3313.17,2946.62,0,3345.73,True
Tomato,Hybrid,Vegetable,Karnataka,Bengaluru,Year-Round,1,WHOLESALER,24.72,1321.28,1390.45,0,2415.4,True
Green Chilli,Local,Spice,Maharashtra,Nashik,Kharif,3,RETAILER,50.77,422.07,503.42,0,377.97,True
Green Chilli,Local,Spice,Tamil Nadu,Chennai,Zaid,12,BUSINESS,16.34,558.94,626.3,0,937.35,True
Maize,Hybrid,Cereal,Maharashtra,Mumbai,Year-Round,7,RETAILER,68.21,1367.63,1202.41,0,988.26,True
Soybean,Local,Oilseed,Tamil Nadu,Chennai,Rabi,10,INDIVIDUAL,89.16,943.67,885.97,1,342.14,True
Soybean,Local,Oilseed,Madhya Pradesh,Indore,Year-Round,11,BUSINESS,14.01,945.9,859.96,1,1484.72,True
Onion,Red,Vegetable,Maharashtra,Pune,Zaid,7,BUSINESS,49.87,1608.46,1534.88,0,1757.73,True
Mango,Local,Fruit,Maharashtra,Pune,Rabi,11,BUSINESS,20.06,1103.07,951.99,1,1400.34,True
Rice,Basmati,Cereal,Karnataka,Bengaluru,Zaid,8,WHOLESALER,48.71,2379.06,2883.81,0,4052.32,True
Wheat,Common,Cereal,Madhya Pradesh,Indore,Rabi,3,RESTAURANT,17.22,2234.75,2565.9,0,3086.76,True
Rice,Common,Cereal,Gujarat,Rajkot,Zaid,6,INDIVIDUAL,34.9,2088.98,2263.33,0,1063.85,True
Rice,Common,Cereal,Gujarat,Rajkot,Kharif,12,RESTAURANT,34.2,3152.57,2615.23,0,2808.59,True
Maize,Hybrid,Cereal,Uttar Pradesh,Agra,Kharif,3,INDIVIDUAL,54.32,999.59,1060.65,0,402.96,True
Tomato,Hybrid,Vegetable,Uttar Pradesh,Agra,Zaid,2,RESTAURANT,77.98,1399.3,1389.49,0,1058.69,True
Rice,Basmati,Cereal,Maharashtra,Nashik,Rabi,4,BUSINESS,27.64,2616.13,2081.27,1,3847.93,True
Maize,Hybrid,Cereal,Madhya Pradesh,Indore,Zaid,3,BUSINESS,53.74,925.66,980.87,0,938.54,True
Mango,Local,Fruit,Gujarat,Rajkot,Zaid,6,RETAILER,70.66,1037.73,851.05,0,731.61,True
Rice,Common,Cereal,Gujarat,Rajkot,Year-Round,9,INDIVIDUAL,54.66,2555.72,2517.27,0,904.91,True
Rice,Basmati,Cereal,Tamil Nadu,Chennai,Rabi,2,RETAILER,32.22,2007.24,2013.74,0,1787.91,True
Onion,Red,Vegetable,Punjab,Ludhiana,Kharif,7,RETAILER,60.78,1846.59,1654.67,0,1517.97,True
Maize,Hybrid,Cereal,Tamil Nadu,Chennai,Zaid,10,RETAILER,40.87,1370.02,1117.24,1,1238.99,True
Soybean,Local,Oilseed,Karnataka,Bengaluru,Rabi,4,BUSINESS,19.38,945.64,931.43,1,1686.91,True
Tomato,Desi,Vegetable,Madhya Pradesh,Indore,Rabi,1,RESTAURANT,32.52,1310.03,1471.28,0,1350.27,True
Wheat,Common,Cereal,Gujarat,Rajkot,Year-Round,12,RESTAURANT,59.28,2238.74,2277.87,0,2188.19,True
Groundnut,Local,Oilseed,Punjab,Ludhiana,Kharif,4,INDIVIDUAL,82.45,854.17,936.1,1,395.8,True
Potato,Local,Vegetable,Maharashtra,Nashik,Year-Round,5,INDIVIDUAL,27.93,1685.13,2035.41,0,1116.84,True
Rice,Basmati,Cereal,Tamil Nadu,Chennai,Zaid,1,WHOLESALER,14.63,2368.54,2636.79,0,4835.33,True
Soybean,Local,Oilseed,Gujarat,Rajkot,Rabi,12,BUSINESS,61.42,925.62,849.62,0,856.52,True
Rice,Common,Cereal,Maharashtra,Mumbai,Zaid,5,RETAILER,72.13,2682.12,2643.31,0,1946.37,True
Rice,Common,Cereal,Punjab,Ludhiana,Kharif,7,WHOLESALER,34.23,2473.56,2877.06,0,4811.06,True
Green Chilli,Local,Spice,Punjab,Ludhiana,Zaid,11,BUSINESS,57.57,591.86,508.26,1,520.33,True
Wheat,Common,Cereal,Maharashtra,Mumbai,Year-Round,7,RETAILER,56.68,2126.92,2076.4,0,1980.9,True
Potato,Local,Vegetable,Maharashtra,Nashik,Rabi,10,WHOLESALER,55.7,2022.35,1807.17,1,3031.77,True
Groundnut,Local,Oilseed,Madhya Pradesh,Indore,Kharif,11,INDIVIDUAL,54.87,677.67,667.71,1,320.43,True
Mango,Local,Fruit,Maharashtra,Pune,Kharif,9,RETAILER,18.07,659.25,582.06,0,630.76,True
Soybean,Local,Oilseed,Maharashtra,Mumbai,Rabi,10,RETAILER,88.64,942.24,1160.09,1,952.7,True
Wheat,Common,Cereal,Uttar Pradesh,Agra,Year-Round,7,RETAILER,77.13,2258.19,2537.09,0,2127.28,True
Wheat,Common,Cereal,Madhya Pradesh,Indore,Rabi,2,INDIVIDUAL,79.41,2581.3,2267.02,0,663.11,True
Wheat,Common,Cereal,Maharashtra,Pune,Year-Round,12,RESTAURANT,82.93,2696.16,2538.83,0,2119.78,True
Rice,Basmati,Cereal,Maharashtra,Pune,Rabi,6,RETAILER,66.34,2677.76,2760.94,0,2265.39,True
Groundnut,Local,Oilseed,Maharashtra,Pune,Zaid,12,RESTAURANT,76.87,740.62,770.49,0,679.54,True
Tomato,Desi,Vegetable,Madhya Pradesh,Indore,Zaid,12,BUSINESS,63.37,1220.85,1297.61,0,1268.96,True
Tomato,Desi,Vegetable,Maharashtra,Nashik,Kharif,6,RESTAURANT,84.55,959.07,1072.29,0,1057.33,True
Rice,Basmati,Cereal,Tamil Nadu,Chennai,Rabi,5,INDIVIDUAL,15.33,2787.14,2680.72,0,1668.66,True
Tomato,Desi,Vegetable,Gujarat,Rajkot,Kharif,4,RETAILER,67.85,1447.75,1331.93,1,1567.57,True
Maize,Hybrid,Cereal,Tamil Nadu,Chennai,Rabi,9,RETAILER,71.6,1175.38,1225.71,0,925.65,True
Rice,Common,Cereal,Maharashtra,Pune,Kharif,12,RESTAURANT,59.01,2824.49,2678.81,0,2717.86,True
Groundnut,Local,Oilseed,Madhya Pradesh,Indore,Year-Round,9,RETAILER,79.96,823.98,739.34,0,587.15,True
Groundnut,Local,Oilseed,Madhya Pradesh,Indore,Kharif,10,BUSINESS,69.97,994.2,871.42,1,1083.22,True
Tomato,Hybrid,Vegetable,Madhya Pradesh,Indore,Kharif,3,WHOLESALER,43.97,1193.68,1329.04,0,1609.42,True
Tomato,Hybrid,Vegetable,Karnataka,Bengaluru,Kharif,1,RETAILER,23.06,1196.33,1429.93,0,1332.46,True
Tomato,Desi,Vegetable,Karnataka,Bengaluru,Rabi,9,BUSINESS,30.39,1006.85,1082.75,0,1365.49,True
Rice,Common,Cereal,Maharashtra,Pune,Year-Round,10,BUSINESS,60.36,3538.51,3082.63,1,3293.8,True
Onion,Red,Vegetable,Maharashtra,Pune,Zaid,10,INDIVIDUAL,67.83,1235.18,1335.9,1,608.72,True
Maize,Hybrid,Cereal,Karnataka,Bengaluru,Year-Round,7,INDIVIDUAL,79.18,941.34,995.32,0,359.23,True
Tomato,Desi,Vegetable,Punjab,Ludhiana,Year-Round,10,WHOLESALER,64.8,1390.4,1378.84,1,1501.43,True
Mango,Local,Fruit,Maharashtra,Nashik,Zaid,12,RETAILER,39.0,977.03,833.94,0,715.58,True
Onion,Red,Vegetable,Gujarat,Rajkot,Zaid,8,INDIVIDUAL,89.69,1429.49,1570.25,0,591.92,True
Rice,Basmati,Cereal,Maharashtra,Mumbai,Kharif,11,WHOLESALER,63.0,2089.1,2173.8,1,3011.8,True
Groundnut,Local,Oilseed,Maharashtra,Pune,Rabi,11,RETAILER,19.89,621.08,717.99,1,1019.65,True
Rice,Basmati,Cereal,Tamil Nadu,Chennai,Year-Round,3,BUSINESS,46.2,2572.95,2621.98,0,3358.83,True
Soybean,Local,Oilseed,Uttar Pradesh,Agra,Year-Round,3,BUSINESS,64.83,909.54,873.17,0,792.02,True
Green Chilli,Local,Spice,Madhya Pradesh,Indore,Zaid,12,BUSINESS,35.58,814.87,638.91,0,746.11,True
Soybean,Local,Oilseed,Maharashtra,Pune,Zaid,2,RETAILER,80.53,1027.52,1055.4,0,702.18,True
Maize,Hybrid,Cereal,Maharashtra,Nashik,Zaid,11,BUSINESS,35.2,1077.64,1046.98,1,1379.46,True
Rice,Basmati,Cereal,Maharashtra,Mumbai,Rabi,12,RESTAURANT,37.92,2445.95,2742.52,0,2944.19,True
Rice,Common,Cereal,Tamil Nadu,Chennai,Year-Round,10,RETAILER,74.01,2539.02,2614.12,1,2326.93,True
Tomato,Hybrid,Vegetable,Uttar Pradesh,Agra,Zaid,2,INDIVIDUAL,21.13,1290.24,1356.9,0,715.66,True
Rice,Basmati,Cereal,Madhya Pradesh,Indore,Kharif,6,BUSINESS,78.41,2167.49,2164.08,0,2193.99,True
Onion,Red,Vegetable,Maharashtra,Mumbai,Kharif,4,RETAILER,82.05,1553.65,1520.23,1,1535.67,True
Wheat,Common,Cereal,Maharashtra,Nashik,Rabi,6,RETAILER,89.13,2835.24,2385.82,0,2090.16,True
Tomato,Hybrid,Vegetable,Karnataka,Bengaluru,Rabi,3,WHOLESALER,29.15,1556.89,1553.65,0,2395.83,True
Maize,Hybrid,Cereal,Madhya Pradesh,Indore,Year-Round,4,BUSINESS,44.52,1035.41,1086.9,1,1845.9,True
Rice,Basmati,Cereal,Gujarat,Rajkot,Zaid,1,INDIVIDUAL,41.63,2808.3,2763.17,0,1068.83,True
Tomato,Desi,Vegetable,Maharashtra,Pune,Zaid,9,BUSINESS,33.74,1173.92,1272.87,0,1708.05,True
Soybean,Local,Oilseed,Madhya Pradesh,Indore,Rabi,1,WHOLESALER,84.98,829.82,884.66,0,885.15,True
Tomato,Hybrid,Vegetable,Tamil Nadu,Chennai,Kharif,5,BUSINESS,35.09,1063.33,1498.55,0,1894.63,True
Groundnut,Local,Oilseed,Maharashtra,Mumbai,Kharif,1,RETAILER,46.91,865.07,858.04,0,753.47,True
Potato,Local,Vegetable,Punjab,Ludhiana,Year-Round,7,WHOLESALER,15.21,2320.24,1953.17,0,3882.23,True
Wheat,Common,Cereal,Maharashtra,Nashik,Kharif,10,RETAILER,52.8,2842.97,2455.68,1,2057.25,True
Potato,Local,Vegetable,Gujarat,Rajkot,Kharif,7,BUSINESS,26.3,2030.46,1766.12,0,2356.88,True
Wheat,Common,Cereal,Madhya Pradesh,Indore,Zaid,5,RETAILER,16.97,2814.28,2574.15,0,3060.19,True
Rice,Basmati,Cereal,Maharashtra,Pune,Year-Round,5,RETAILER,32.82,2584.84,2410.07,0,2297.74,True
Onion,Red,Vegetable,Uttar Pradesh,Agra,Zaid,1,INDIVIDUAL,87.08,1068.65,1297.93,0,448.9,True
Onion,Red,Vegetable,Madhya Pradesh,Indore,Rabi,8,WHOLESALER,15.62,1400.68,1501.46,0,2585.13,True
Mango,Local,Fruit,Maharashtra,Nashik,Zaid,12,INDIVIDUAL,13.66,799.78,793.16,0,558.84,True
Rice,Basmati,Cereal,Uttar Pradesh,Agra,Year-Round,4,RETAILER,71.52,1854.82,2229.49,1,2214.79,True
Green Chilli,Local,Spice,Tamil Nadu,Chennai,Zaid,12,INDIVIDUAL,66.73,820.16,735.79,0,280.37,True
Soybean,Local,Oilseed,Tamil Nadu,Chennai,Rabi,1,BUSINESS,52.86,805.61,952.7,0,929.12,True
Potato,Local,Vegetable,Uttar Pradesh,Agra,Zaid,7,RESTAURANT,55.09,1858.01,1941.91,0,2050.72,True
Onion,Red,Vegetable,Maharashtra,Nashik,Zaid,12,WHOLESALER,36.63,1697.25,1435.5,0,2163.77,True
Green Chilli,Local,Spice,Maharashtra,Mumbai,Year-Round,11,BUSINESS,15.82,548.78,645.48,1,1121.14,True
Rice,Basmati,Cereal,Maharashtra,Mumbai,Zaid,12,BUSINESS,22.63,2522.04,2538.26,0,3554.44,True
Mango,Local,Fruit,Tamil Nadu,Chennai,Kharif,7,WHOLESALER,84.36,633.15,686.3,0,726.77,True
Tomato,Hybrid,Vegetable,Gujarat,Rajkot,Rabi,7,WHOLESALER,72.82,1564.29,1526.99,0,1777.62,True
Wheat,Common,Cereal,Maharashtra,Mumbai,Zaid,10,BUSINESS,69.26,2812.28,2499.73,1,3018.17,True
Potato,Local,Vegetable,Maharashtra,Mumbai,Zaid,11,WHOLESALER,63.96,1604.46,1949.68,1,2635.02,True
Maize,Hybrid,Cereal,Gujarat,Rajkot,Rabi,7,INDIVIDUAL,12.53,1089.36,1032.21,0,715.38,True
Groundnut,Local,Oilseed,Gujarat,Rajkot,Zaid,1,BUSINESS,38.37,1056.15,902.79,0,1013.35,True
Tomato,Desi,Vegetable,Karnataka,Bengaluru,Rabi,3,WHOLESALER,78.56,1300.01,1253.96,0,1280.18,True
Rice,Basmati,Cereal,Karnataka,Bengaluru,Rabi,6,RETAILER,55.88,2123.16,2662.65,0,2484.55,True
Wheat,Common,Cereal,Karnataka,Bengaluru,Year-Round,4,WHOLESALER,62.51,2696.33,2587.93,1,4242.88,True
Wheat,Common,Cereal,Uttar Pradesh,Agra,Year-Round,5,WHOLESALER,16.72,2062.22,2148.51,0,3998.72,True
Onion,Red,Vegetable,Uttar Pradesh,Agra,Kharif,11,BUSINESS,81.83,1386.13,1503.17,1,1522.3,True
Potato,Local,Vegetable,Karnataka,Bengaluru,Kharif,4,INDIVIDUAL,87.83,1643.52,1663.42,1,784.71,True
Mango,Local,Fruit,Gujarat,Rajkot,Year-Round,9,BUSINESS,64.91,772.93,840.83,0,784.48,True
Wheat,Common,Cereal,Punjab,Ludhiana,Rabi,12,WHOLESALER,77.7,2110.77,2299.03,0,2289.22,True
Groundnut,Local,Oilseed,Maharashtra,Pune,Year-Round,11,INDIVIDUAL,38.09,854.56,819.02,1,413.73,True
Maize,Hybrid,Cereal,Uttar Pradesh,Agra,Year-Round,4,WHOLESALER,38.49,1080.79,995.0,1,1831.6,True
Tomato,Hybrid,Vegetable,Tamil Nadu,Chennai,Year-Round,1,RESTAURANT,41.9,1137.24,1242.05,0,1317.1,True
Mango,Local,Fruit,Maharashtra,Mumbai,Kharif,8,RETAILER,74.87,791.17,755.43,0,630.5,True
Groundnut,Local,Oilseed,Punjab,Ludhiana,Rabi,8,RESTAURANT,87.98,763.43,772.44,0,650.14,True
Rice,Common,Cereal,Maharashtra,Mumbai,Kharif,11,RETAILER,25.37,2855.67,2949.03,1,3856.83,True
Potato,Local,Vegetable,Maharashtra,Mumbai,Zaid,7,RESTAURANT,67.56,1371.96,2027.97,0,2035.82,True
Onion,Red,Vegetable,Karnataka,Bengaluru,Year-Round,1,RESTAURANT,52.69,1666.12,1590.22,0,1784.51,True
Maize,Hybrid,Cereal,Punjab,Ludhiana,Rabi,4,RESTAURANT,14.05,1344.92,1212.35,1,2244.78,True
Rice,Basmati,Cereal,Punjab,Ludhiana,Zaid,10,INDIVIDUAL,54.69,2713.11,2621.51,1,1305.13,True
Tomato,Desi,Vegetable,Tamil Nadu,Chennai,Zaid,11,RESTAURANT,16.46,1575.04,1436.09,1,2052.39,True
Mango,Local,Fruit,Tamil Nadu,Chennai,Zaid,5,RETAILER,25.86,809.71,914.16,0,1039.09,True
Maize,Hybrid,Cereal,Karnataka,Bengaluru,Zaid,10,INDIVIDUAL,26.67,1217.65,1123.74,1,597.77,True
Tomato,Desi,Vegetable,Tamil Nadu,Chennai,Zaid,4,INDIVIDUAL,19.97,1183.33,1112.97,1,759.0,True
Rice,Basmati,Cereal,Tamil Nadu,Chennai,Rabi,9,RETAILER,52.79,2076.77,2357.64,0,1864.89,True
Maize,Hybrid,Cereal,Punjab,Ludhiana,Rabi,5,WHOLESALER,89.13,1206.13,1216.62,0,1461.13,True
Maize,Hybrid,Cereal,Madhya Pradesh,Indore,Zaid,1,RETAILER,49.47,811.16,1024.73,0,836.61,True
Maize,Hybrid,Cereal,Maharashtra,Mumbai,Kharif,2,RETAILER,78.64,865.49,996.66,0,667.56,True
Green Chilli,Local,Spice,Punjab,Ludhiana,Year-Round,9,INDIVIDUAL,77.0,603.63,616.48,0,206.76,True
Soybean,Local,Oilseed,Uttar Pradesh,Agra,Rabi,4,WHOLESALER,12.08,730.73,930.95,1,2660.87,True
Maize,Hybrid,Cereal,Maharashtra,Nashik,Kharif,10,RETAILER,18.88,1275.4,1090.46,1,1531.28,True
Soybean,Local,Oilseed,Karnataka,Bengaluru,Rabi,5,WHOLESALER,49.3,1040.47,990.33,0,1415.82,True
Groundnut,Local,Oilseed,Uttar Pradesh,Agra,Kharif,5,WHOLESALER,53.01,956.19,875.0,0,1213.97,True
Mango,Local,Fruit,Maharashtra,Mumbai,Rabi,7,RESTAURANT,45.99,941.94,763.16,0,927.62,True
Maize,Hybrid,Cereal,Uttar Pradesh,Agra,Year-Round,5,BUSINESS,56.48,1148.16,1079.11,0,1000.81,True
Wheat,Common,Cereal,Maharashtra,Pune,Zaid,12,RESTAURANT,43.43,2120.95,2134.73,0,2096.45,True
Potato,Local,Vegetable,Maharashtra,Pune,Year-Round,10,WHOLESALER,49.43,1967.55,2071.6,1,3210.05,True
Tomato,Hybrid,Vegetable,Karnataka,Bengaluru,Kharif,2,BUSINESS,52.9,1945.12,1574.29,0,1426.24,True
Tomato,Hybrid,Vegetable,Maharashtra,Nashik,Year-Round,1,INDIVIDUAL,38.54,1577.57,1554.7,0,640.11,True
Mango,Local,Fruit,Madhya Pradesh,Indore,Year-Round,9,INDIVIDUAL,20.74,583.31,759.25,0,419.63,True
Groundnut,Local,Oilseed,Punjab,Ludhiana,Year-Round,1,BUSINESS,46.33,894.61,800.89,0,817.7,True
Groundnut,Local,Oilseed,Maharashtra,Nashik,Rabi,7,INDIVIDUAL,72.47,548.96,600.48,0,220.72,True
Tomato,Desi,Vegetable,Karnataka,Bengaluru,Year-Round,8,BUSINESS,31.17,1361.16,1316.38,0,1706.78,True
Onion,Red,Vegetable,Maharashtra,Mumbai,Rabi,7,INDIVIDUAL,60.86,1689.55,1569.3,0,737.93,True
Rice,Common,Cereal,Madhya Pradesh,Indore,Year-Round,9,WHOLESALER,65.21,3509.17,3058.14,0,3359.52,True
Groundnut,Local,Oilseed,Madhya Pradesh,Indore,Rabi,11,RETAILER,39.51,545.97,690.27,1,742.33,True
Mango,Local,Fruit,Karnataka,Bengaluru,Year-Round,1,BUSINESS,42.56,1001.03,940.32,0,1021.68,True
Potato,Local,Vegetable,Uttar Pradesh,Agra,Rabi,12,RESTAURANT,47.32,1639.54,1707.05,0,1609.96,True
Tomato,Desi,Vegetable,Maharashtra,Mumbai,Rabi,12,BUSINESS,48.71,1265.09,1219.82,0,1394.62,True
Rice,Basmati,Cereal,Maharashtra,Mumbai,Year-Round,1,RESTAURANT,44.97,3150.01,2354.88,0,2548.71,True
Onion,Red,Vegetable,Karnataka,Bengaluru,Rabi,9,WHOLESALER,81.91,1493.19,1628.18,0,2081.35,True
Potato,Local,Vegetable,Maharashtra,Mumbai,Zaid,5,INDIVIDUAL,72.53,1903.17,1822.27,0,797.56,True
Maize,Hybrid,Cereal,Uttar Pradesh,Agra,Year-Round,11,BUSINESS,27.29,1245.06,1321.83,1,2169.69,True
Mango,Local,Fruit,Maharashtra,Mumbai,Year-Round,11,BUSINESS,33.23,808.54,806.39,1,1104.65,True
Green Chilli,Local,Spice,Maharashtra,Nashik,Zaid,3,BUSINESS,45.9,479.58,576.92,0,563.22,True
Rice,Common,Cereal,Uttar Pradesh,Agra,Zaid,3,RETAILER,78.08,3060.08,2733.77,0,2314.69,True
Soybean,Local,Oilseed,Maharashtra,Nashik,Year-Round,8,RETAILER,26.86,783.88,862.42,0,904.45,True
Tomato,Desi,Vegetable,Karnataka,Bengaluru,Rabi,4,INDIVIDUAL,14.84,1237.02,1464.92,1,1053.29,True
Mango,Local,Fruit,Punjab,Ludhiana,Year-Round,7,WHOLESALER,43.42,720.96,721.86,0,1082.37,True
Tomato,Desi,Vegetable,Tamil Nadu,Chennai,Year-Round,7,RESTAURANT,75.78,1155.46,1183.92,0,1071.33,True
Onion,Red,Vegetable,Maharashtra,Pune,Year-Round,12,WHOLESALER,62.18,1193.24,1187.57,0,1325.42,True
Rice,Basmati,Cereal,Gujarat,Rajkot,Zaid,7,BUSINESS,20.41,1836.54,2212.04,0,4188.09,True
Rice,Common,Cereal,Gujarat,Rajkot,Kharif,3,RETAILER,75.21,2558.45,2848.19,0,2001.53,True
Potato,Local,Vegetable,Madhya Pradesh,Indore,Year-Round,4,RETAILER,72.84,2058.39,1917.65,1,1810.08,True
Maize,Hybrid,Cereal,Punjab,Ludhiana,Zaid,7,BUSINESS,47.47,1223.09,1097.52,0,1502.4,True
Tomato,Hybrid,Vegetable,Maharashtra,Mumbai,Kharif,12,WHOLESALER,73.72,1354.61,1464.5,0,1717.72,True
Maize,Hybrid,Cereal,Maharashtra,Pune,Year-Round,7,RETAILER,41.57,1494.73,1472.8,0,1525.91,True
Wheat,Common,Cereal,Madhya Pradesh,Indore,Kharif,2,BUSINESS,68.23,3163.94,2761.01,0,2539.02,True
Groundnut,Local,Oilseed,Karnataka,Bengaluru,Zaid,4,RETAILER,42.54,911.32,919.17,1,1214.34,True
Green Chilli,Local,Spice,Gujarat,Rajkot,Rabi,4,INDIVIDUAL,58.57,401.6,505.08,1,230.64,True
Groundnut,Local,Oilseed,Maharashtra,Mumbai,Kharif,9,RETAILER,41.67,929.23,943.03,0,819.99,True
Tomato,Desi,Vegetable,Karnataka,Bengaluru,Year-Round,3,BUSINESS,28.64,1239.77,1169.57,0,1544.48,True
Onion,Red,Vegetable,Maharashtra,Nashik,Year-Round,10,WHOLESALER,37.6,1227.52,1355.36,1,2058.43,True
Soybean,Local,Oilseed,Uttar Pradesh,Agra,Kharif,7,RESTAURANT,60.99,1059.05,1013.07,0,1064.7,True
Tomato,Hybrid,Vegetable,Gujarat,Rajkot,Kharif,11,RETAILER,83.74,974.52,1302.7,1,1121.5,True
Wheat,Common,Cereal,Gujarat,Rajkot,Zaid,12,INDIVIDUAL,29.01,2655.5,2247.52,0,1187.19,True
Green Chilli,Local,Spice,Tamil Nadu,Chennai,Rabi,6,WHOLESALER,69.62,513.18,576.65,0,778.01,True
Mango,Local,Fruit,Madhya Pradesh,Indore,Zaid,4,RETAILER,89.81,1066.27,981.15,1,865.53,True
Maize,Hybrid,Cereal,Madhya Pradesh,Indore,Kharif,11,RESTAURANT,56.38,1156.95,1144.78,1,1182.92,True
Potato,Local,Vegetable,Madhya Pradesh,Indore,Zaid,3,WHOLESALER,18.72,1792.38,1680.09,0,2581.46,True
Tomato,Desi,Vegetable,Gujarat,Rajkot,Rabi,5,WHOLESALER,12.59,1541.46,1266.54,0,3053.37,True
Rice,Common,Cereal,Tamil Nadu,Chennai,Kharif,8,RETAILER,55.37,2212.46,2621.44,0,2264.05,True
Tomato,Desi,Vegetable,Punjab,Ludhiana,Year-Round,5,BUSINESS,83.52,1641.06,1447.56,0,1681.02,True
Maize,Hybrid,Cereal,Maharashtra,Mumbai,Zaid,10,BUSINESS,40.04,1070.14,1174.62,1,1555.07,True
Rice,Basmati,Cereal,Uttar Pradesh,Agra,Rabi,12,BUSINESS,39.25,2667.87,2594.9,0,3104.31,True
Rice,Basmati,Cereal,Tamil Nadu,Chennai,Rabi,4,BUSINESS,79.85,2425.69,2386.82,1,3254.77,True
Onion,Red,Vegetable,Maharashtra,Pune,Year-Round,5,RETAILER,71.57,1372.17,1322.69,0,1023.49,True
Tomato,Desi,Vegetable,Maharashtra,Mumbai,Zaid,10,RESTAURANT,19.11,931.69,1226.58,1,1966.83,True
Onion,Red,Vegetable,Karnataka,Bengaluru,Zaid,3,RESTAURANT,52.27,1490.83,1506.68,0,1286.41,True
Rice,Basmati,Cereal,Uttar Pradesh,Agra,Kharif,3,BUSINESS,85.65,2554.57,2830.79,0,2501.3,True
Onion,Red,Vegetable,Gujarat,Rajkot,Zaid,6,RETAILER,57.49,1912.64,1591.11,0,1475.84,True
Potato,Local,Vegetable,Madhya Pradesh,Indore,Year-Round,1,BUSINESS,29.67,1771.16,1866.32,0,2574.04,True
Wheat,Common,Cereal,Maharashtra,Nashik,Year-Round,12,WHOLESALER,38.11,2810.15,2285.67,0,3327.92,True
Tomato,Desi,Vegetable,Madhya Pradesh,Indore,Rabi,2,BUSINESS,28.7,1652.17,1373.23,0,1555.83,True
Green Chilli,Local,Spice,Gujarat,Rajkot,Kharif,3,RETAILER,71.95,451.63,527.1,0,356.99,True
Tomato,Desi,Vegetable,Maharashtra,Mumbai,Rabi,9,INDIVIDUAL,17.98,1219.41,1408.75,0,665.09,True
Wheat,Common,Cereal,Uttar Pradesh,Agra,Rabi,4,RETAILER,33.07,2719.93,2616.36,1,3532.5,True
Rice,Common,Cereal,Maharashtra,Pune,Zaid,12,BUSINESS,52.0,2612.11,2885.71,0,3138.49,True
Tomato,Desi,Vegetable,Gujarat,Rajkot,Kharif,4,WHOLESALER,29.72,1388.66,1448.85,1,2922.77,True
Mango,Local,Fruit,Madhya Pradesh,Indore,Zaid,12,RESTAURANT,17.11,802.17,816.92,0,1139.35,True
Wheat,Common,Cereal,Tamil Nadu,Chennai,Rabi,6,RESTAURANT,72.92,2678.23,2506.14,0,2546.79,True
Soybean,Local,Oilseed,Uttar Pradesh,Agra,Zaid,8,WHOLESALER,49.14,1011.05,947.64,0,1418.88,True
Groundnut,Local,Oilseed,Punjab,Ludhiana,Kharif,8,BUSINESS,67.7,748.06,767.88,0,781.65,True
Potato,Local,Vegetable,Maharashtra,Pune,Rabi,9,RETAILER,57.24,2071.82,1937.98,0,1797.75,True
Tomato,Hybrid,Vegetable,Maharashtra,Mumbai,Kharif,1,INDIVIDUAL,81.52,1237.13,1176.7,0,395.61,True
Tomato,Desi,Vegetable,Gujarat,Rajkot,Zaid,7,WHOLESALER,55.29,913.57,1247.04,0,1786.32,True
Onion,Red,Vegetable,Punjab,Ludhiana,Rabi,10,INDIVIDUAL,22.06,1534.18,1387.93,1,834.0,True
Groundnut,Local,Oilseed,Karnataka,Bengaluru,Rabi,3,RETAILER,62.8,920.71,864.26,0,733.29,True
Wheat,Common,Cereal,Uttar Pradesh,Agra,Rabi,4,WHOLESALER,75.49,1928.24,2211.57,1,3380.39,True
Onion,Red,Vegetable,Gujarat,Rajkot,Kharif,3,WHOLESALER,19.0,1355.99,1324.52,0,2234.75,True
Groundnut,Local,Oilseed,Maharashtra,Nashik,Rabi,4,WHOLESALER,72.1,959.69,907.44,1,1322.62,True
Groundnut,Local,Oilseed,Maharashtra,Mumbai,Year-Round,6,INDIVIDUAL,54.53,1061.32,1004.71,0,438.8,True
Maize,Hybrid,Cereal,Uttar Pradesh,Agra,Year-Round,11,BUSINESS,87.48,1193.0,1092.66,1,1279.71,True
Green Chilli,Local,Spice,Karnataka,Bengaluru,Zaid,5,WHOLESALER,13.44,595.96,548.76,0,1208.76,True
Tomato,Desi,Vegetable,Maharashtra,Nashik,Year-Round,5,WHOLESALER,78.82,1413.61,1220.79,0,1522.61,True
Green Chilli,Local,Spice,Karnataka,Bengaluru,Year-Round,1,WHOLESALER,74.4,437.32,513.15,0,520.15,True
Groundnut,Local,Oilseed,Maharashtra,Nashik,Rabi,12,INDIVIDUAL,22.72,773.6,772.95,0,398.0,True
Rice,Basmati,Cereal,Punjab,Ludhiana,Zaid,2,BUSINESS,49.9,2549.47,2462.84,0,2636.37,True
Green Chilli,Local,Spice,Maharashtra,Pune,Rabi,10,RESTAURANT,43.25,576.17,550.59,1,814.82,True
Maize,Hybrid,Cereal,Gujarat,Rajkot,Year-Round,6,RESTAURANT,77.84,1146.0,1290.91,0,1332.18,True
Onion,Red,Vegetable,Maharashtra,Mumbai,Kharif,3,WHOLESALER,75.87,1415.12,1437.84,0,1524.58,True
Soybean,Local,Oilseed,Madhya Pradesh,Indore,Kharif,6,RETAILER,16.93,1048.19,997.77,0,1203.33,True
Mango,Local,Fruit,Punjab,Ludhiana,Year-Round,10,RETAILER,79.54,814.27,852.11,1,816.4,True
Mango,Local,Fruit,Uttar Pradesh,Agra,Zaid,5,RETAILER,48.33,1020.76,945.73,0,907.37,True
Potato,Local,Vegetable,Punjab,Ludhiana,Rabi,3,BUSINESS,67.87,1504.81,1564.24,0,1520.93,True
Mango,Local,Fruit,Gujarat,Rajkot,Year-Round,1,INDIVIDUAL,58.25,858.32,753.89,0,306.83,True
Onion,Red,Vegetable,Gujarat,Rajkot,Year-Round,12,RETAILER,57.55,1119.04,1329.51,0,1051.8,True
Mango,Local,Fruit,Karnataka,Bengaluru,Kharif,2,BUSINESS,60.08,990.16,821.86,0,784.92,True
Rice,Common,Cereal,Madhya Pradesh,Indore,Kharif,5,RESTAURANT,76.67,2748.06,2793.94,0,2448.07,True
Wheat,Common,Cereal,Maharashtra,Mumbai,Rabi,9,BUSINESS,65.64,3330.66,2786.95,0,2663.07,True
Groundnut,Local,Oilseed,Tamil Nadu,Chennai,Rabi,1,RETAILER,74.52,685.3,809.78,0,542.68,True
Potato,Local,Vegetable,Maharashtra,Pune,Year-Round,11,INDIVIDUAL,42.85,1550.44,1640.57,1,809.89,True
Green Chilli,Local,Spice,Karnataka,Bengaluru,Zaid,2,RESTAURANT,21.77,558.86,645.19,0,825.49,True
Maize,Hybrid,Cereal,Maharashtra,Pune,Rabi,7,RESTAURANT,38.91,1079.1,1149.48,0,1442.51,True
Tomato,Desi,Vegetable,Uttar Pradesh,Agra,Year-Round,3,RETAILER,40.67,1319.17,1141.3,0,1044.76,True
Green Chilli,Local,Spice,Karnataka,Bengaluru,Kharif,12,BUSINESS,35.8,524.88,624.27,0,581.97,True
Green Chilli,Local,Spice,Maharashtra,Nashik,Kharif,9,RESTAURANT,70.95,546.3,585.5,0,518.3,True
Rice,Basmati,Cereal,Maharashtra,Pune,Rabi,10,RETAILER,70.33,1806.43,1786.0,1,1734.55,True
Green Chilli,Local,Spice,Madhya Pradesh,Indore,Year-Round,10,INDIVIDUAL,70.82,527.24,552.29,1,256.26,True
Green Chilli,Local,Spice,Karnataka,Bengaluru,Rabi,11,INDIVIDUAL,12.54,599.62,583.89,1,429.13,True
Green Chilli,Local,Spice,Uttar Pradesh,Agra,Zaid,10,BUSINESS,49.42,540.51,521.57,1,585.79,True
Soybean,Local,Oilseed,Maharashtra,Mumbai,Kharif,11,WHOLESALER,74.08,989.19,1054.23,1,1280.72,True
Green Chilli,Local,Spice,Gujarat,Rajkot,Rabi,7,BUSINESS,79.51,623.41,565.69,0,594.77,True
Potato,Local,Vegetable,Uttar Pradesh,Agra,Rabi,9,RETAILER,74.69,2219.99,1803.87,0,1471.56,True
Mango,Local,Fruit,Maharashtra,Mumbai,Year-Round,2,RESTAURANT,77.44,752.96,710.64,0,570.92,True
Rice,Basmati,Cereal,Maharashtra,Pune,Zaid,10,RETAILER,64.3,2902.29,2635.17,1,2744.9,True
Green Chilli,Local,Spice,Madhya Pradesh,Indore,Year-Round,11,RESTAURANT,67.15,584.75,589.48,1,575.23,True
Tomato,Desi,Vegetable,Tamil Nadu,Chennai,Year-Round,6,RESTAURANT,85.0,1247.66,1200.47,0,1024.98,True
Groundnut,Local,Oilseed,Karnataka,Bengaluru,Year-Round,8,WHOLESALER,22.49,583.9,692.36,0,1293.66,True
Groundnut,Local,Oilseed,Maharashtra,Mumbai,Zaid,9,BUSINESS,24.69,941.3,823.71,0,1144.61,True
Wheat,Common,Cereal,Tamil Nadu,Chennai,Rabi,8,BUSINESS,22.88,2104.7,2307.57,0,3050.25,True
Wheat,Common,Cereal,Maharashtra,Mumbai,Zaid,6,WHOLESALER,42.7,2160.64,2559.33,0,3660.15,True
Maize,Hybrid,Cereal,Maharashtra,Nashik,Zaid,3,BUSINESS,45.78,1191.05,1306.75,0,1382.22,True
Onion,Red,Vegetable,Karnataka,Bengaluru,Kharif,6,RESTAURANT,58.55,1050.6,1229.01,0,1309.66,True
Rice,Common,Cereal,Maharashtra,Mumbai,Kharif,7,WHOLESALER,47.96,2554.26,2581.24,0,3543.56,True
Potato,Local,Vegetable,Maharashtra,Pune,Zaid,5,INDIVIDUAL,47.27,1899.48,2054.23,0,895.33,True
Wheat,Common,Cereal,Maharashtra,Pune,Rabi,11,RESTAURANT,37.6,2064.7,2386.41,1,3016.26,True
Mango,Local,Fruit,Maharashtra,Nashik,Rabi,5,WHOLESALER,86.26,1068.79,822.28,0,1002.96,True
Wheat,Common,Cereal,Maharashtra,Pune,Rabi,8,RETAILER,86.58,1931.25,1932.92,0,1560.08,True
Tomato,Desi,Vegetable,Punjab,Ludhiana,Year-Round,2,INDIVIDUAL,74.74,1445.7,1340.96,0,480.36,True
Maize,Hybrid,Cereal,Karnataka,Bengaluru,Year-Round,2,RETAILER,68.38,1247.23,1057.16,0,780.5,True
Wheat,Common,Cereal,Maharashtra,Mumbai,Year-Round,9,WHOLESALER,51.96,1988.38,2430.26,0,3180.58,True
Tomato,Hybrid,Vegetable,Maharashtra,Pune,Year-Round,5,RESTAURANT,41.1,1530.41,1611.95,0,1662.01,True
Tomato,Hybrid,Vegetable,Gujarat,Rajkot,Zaid,7,WHOLESALER,33.89,1704.97,1449.41,0,2400.07,True
Tomato,Hybrid,Vegetable,Maharashtra,Nashik,Rabi,5,WHOLESALER,63.71,1314.22,1347.8,0,1643.19,True
Green Chilli,Local,Spice,Uttar Pradesh,Agra,Year-Round,7,RETAILER,62.28,584.43,638.11,0,556.07,True
Soybean,Local,Oilseed,Madhya Pradesh,Indore,Year-Round,9,RETAILER,60.84,992.99,817.48,0,570.95,True
Rice,Common,Cereal,Karnataka,Bengaluru,Kharif,6,BUSINESS,39.17,2370.37,2777.6,0,3876.6,True
Mango,Local,Fruit,Maharashtra,Nashik,Kharif,4,BUSINESS,49.67,849.56,849.13,1,1204.42,True
Wheat,Common,Cereal,Maharashtra,Nashik,Zaid,9,BUSINESS,70.44,1925.36,2204.34,0,2133.55,True
Maize,Hybrid,Cereal,Karnataka,Bengaluru,Zaid,3,WHOLESALER,41.58,1024.1,986.01,0,1374.76,True
Groundnut,Local,Oilseed,Madhya Pradesh,Indore,Rabi,1,RETAILER,82.42,730.75,776.8,0,503.06,True
Rice,Common,Cereal,Punjab,Ludhiana,Zaid,7,WHOLESALER,60.0,2265.6,2596.87,0,3330.16,True
Rice,Common,Cereal,Maharashtra,Pune,Kharif,2,RETAILER,85.81,2952.13,2712.43,0,1576.16,True
Soybean,Local,Oilseed,Karnataka,Bengaluru,Kharif,3,RETAILER,40.51,795.27,941.48,0,752.84,True
Potato,Local,Vegetable,Karnataka,Bengaluru,Year-Round,1,RETAILER,73.83,1638.62,1726.01,0,1362.62,True
Potato,Local,Vegetable,Karnataka,Bengaluru,Kharif,12,RESTAURANT,48.83,2198.34,1946.16,0,1884.02,True
Maize,Hybrid,Cereal,Tamil Nadu,Chennai,Kharif,4,BUSINESS,88.04,1132.21,1142.4,1,1502.18,True
Rice,Basmati,Cereal,Punjab,Ludhiana,Rabi,10,WHOLESALER,87.79,3693.72,2848.22,1,3345.86,True
Rice,Basmati,Cereal,Maharashtra,Nashik,Kharif,1,RESTAURANT,83.92,2432.81,2536.83,0,1901.7,True
Rice,Basmati,Cereal,Maharashtra,Mumbai,Kharif,12,WHOLESALER,55.54,2270.92,2539.37,0,3214.51,True
Mango,Local,Fruit,Tamil Nadu,Chennai,Kharif,5,WHOLESALER,75.66,849.58,907.15,0,1186.16,True
Mango,Local,Fruit,Uttar Pradesh,Agra,Rabi,4,RETAILER,54.78,699.67,686.06,1,767.75,True
Onion,Red,Vegetable,Punjab,Ludhiana,Zaid,12,RETAILER,18.58,1421.11,1764.84,0,1940.51,True
Tomato,Hybrid,Vegetable,Maharashtra,Nashik,Rabi,2,RESTAURANT,80.23,2119.12,1690.73,0,1334.63,True
Rice,Basmati,Cereal,Tamil Nadu,Chennai,Kharif,2,RETAILER,41.47,3911.91,2841.29,0,2142.76,True
Wheat,Common,Cereal,Gujarat,Rajkot,Kharif,9,RETAILER,25.61,2464.32,2693.93,0,2721.53,True
Groundnut,Local,Oilseed,Gujarat,Rajkot,Kharif,8,INDIVIDUAL,48.0,832.71,822.23,0,328.98,True
Potato,Local,Vegetable,Tamil Nadu,Chennai,Rabi,7,RESTAURANT,54.67,1543.39,1752.15,0,2077.65,True
Onion,Red,Vegetable,Maharashtra,Nashik,Kharif,4,WHOLESALER,40.99,1319.85,1298.61,1,2485.38,True
Tomato,Hybrid,Vegetable,Punjab,Ludhiana,Zaid,4,WHOLESALER,62.63,1516.58,1495.47,1,2300.58,True
Rice,Basmati,Cereal,Maharashtra,Pune,Year-Round,4,RETAILER,15.35,2841.42,2429.17,1,3598.02,True
Wheat,Common,Cereal,Uttar Pradesh,Agra,Zaid,10,RESTAURANT,24.23,2335.47,1991.3,1,3119.71,True
Soybean,Local,Oilseed,Maharashtra,Nashik,Rabi,6,INDIVIDUAL,36.08,1479.7,1064.45,0,555.16,True
Tomato,Desi,Vegetable,Maharashtra,Pune,Year-Round,12,RESTAURANT,30.02,1286.71,1203.73,0,1325.75,True
Potato,Local,Vegetable,Tamil Nadu,Chennai,Rabi,1,RESTAURANT,30.4,1332.22,1669.56,0,1673.6,True
