crop_name,variety,category,state,district,mandi_name,season,month,quantity_kg,grade,demand_index,historical_avg_price,unit_price,is_synthetic
Rice,Common,Cereal,Karnataka,Bengaluru,Bengaluru APMC,Kharif,8,3013.36,Grade A,0.79,35.78,33.84,True
Wheat,Common,Cereal,Maharashtra,Mumbai,Vashi APMC,Rabi,8,4170.59,Grade A,0.85,26.96,24.81,True
Mango,Local,Fruit,Maharashtra,Pune,Pune APMC,Rabi,9,1491.58,Grade A,1.33,62.77,88.87,True
Potato,Local,Vegetable,Karnataka,Bengaluru,Bengaluru APMC,Zaid,9,279.93,Grade C,1.33,17.14,19.74,True
Green Chilli,Local,Spice,Maharashtra,Pune,Pune APMC,Year-Round,12,654.09,Grade A,1.19,42.63,53.98,True
Tomato,Desi,Vegetable,Uttar Pradesh,Agra,Agra Mandi,Rabi,4,965.03,Grade A,1.76,20.35,42.08,True
Wheat,Common,Cereal,Uttar Pradesh,Agra,Agra Mandi,Zaid,8,4230.44,Grade B,1.5,33.24,49.66,True
Maize,Hybrid,Cereal,Karnataka,Bengaluru,Bengaluru APMC,Year-Round,9,1516.55,Grade B,0.8,21.92,16.36,True
Tomato,Hybrid,Vegetable,Karnataka,Bengaluru,Bengaluru APMC,Year-Round,11,1034.27,Grade A,1.45,25.95,42.31,True
Soybean,Local,Oilseed,Madhya Pradesh,Indore,Indore Mandi,Rabi,7,4257.69,Grade A,1.14,44.12,56.8,True
Wheat,Common,Cereal,Punjab,Ludhiana,Ludhiana Mandi,Zaid,6,4441.7,Grade B,1.17,28.81,33.83,True
Tomato,Hybrid,Vegetable,Punjab,Ludhiana,Ludhiana Mandi,Rabi,7,250.15,Grade A,1.45,24.7,43.87,True
Potato,Local,Vegetable,Madhya Pradesh,Indore,Indore Mandi,Year-Round,4,2838.21,Grade B,1.43,18.43,24.43,True
Groundnut,Local,Oilseed,Punjab,Ludhiana,Ludhiana Mandi,Year-Round,7,1484.27,Grade C,0.79,59.03,43.21,True
Mango,Local,Fruit,Karnataka,Bengaluru,Bengaluru APMC,Year-Round,11,1655.51,Grade B,0.75,68.77,47.04,True
Tomato,Hybrid,Vegetable,Maharashtra,Nashik,Nashik APMC,Zaid,4,1795.22,Grade B,0.97,25.25,22.52,True
Green Chilli,Local,Spice,Maharashtra,Nashik,Nashik APMC,Zaid,8,4717.4,Grade A,0.99,46.04,50.98,True
Tomato,Hybrid,Vegetable,Uttar Pradesh,Agra,Agra Mandi,Kharif,12,1296.32,Grade A,1.2,22.85,28.86,True
Tomato,Hybrid,Vegetable,Maharashtra,Mumbai,Vashi APMC,Kharif,12,304.82,Grade C,0.93,24.62,19.33,True
Tomato,Desi,Vegetable,Punjab,Ludhiana,Ludhiana Mandi,Year-Round,6,1248.17,Grade B,1.41,18.76,29.66,True
Rice,Basmati,Cereal,Gujarat,Rajkot,Rajkot APMC,Kharif,6,2024.18,Grade B,1.58,72.34,124.25,True
Groundnut,Local,Oilseed,Uttar Pradesh,Agra,Agra Mandi,Year-Round,4,1663.5,Grade A,0.86,58.91,59.12,True
Onion,Red,Vegetable,Gujarat,Rajkot,Rajkot APMC,Zaid,1,2017.98,Grade A,1.22,22.85,30.25,True
Maize,Hybrid,Cereal,Maharashtra,Nashik,Nashik APMC,Rabi,10,1326.81,Grade C,1.39,22.4,25.66,True
Mango,Local,Fruit,Maharashtra,Nashik,Nashik APMC,Rabi,12,2813.55,Grade C,1.66,61.87,77.99,True
Potato,Local,Vegetable,Gujarat,Rajkot,Rajkot APMC,Year-Round,8,2052.32,Grade C,1.67,18.94,28.06,True
Potato,Local,Vegetable,Gujarat,Rajkot,Rajkot APMC,Rabi,9,75.05,Grade C,0.79,20.69,14.02,True
Maize,Hybrid,Cereal,Karnataka,Bengaluru,Bengaluru APMC,Kharif,5,935.17,Grade A,1.04,23.53,30.88,True
Tomato,Hybrid,Vegetable,Gujarat,Rajkot,Rajkot APMC,Year-Round,6,1362.75,Grade B,0.89,24.85,24.52,True
Rice,Basmati,Cereal,Gujarat,Rajkot,Rajkot APMC,Zaid,5,2538.05,Grade B,1.29,66.56,87.89,True
Potato,Local,Vegetable,Karnataka,Bengaluru,Bengaluru APMC,Zaid,1,4973.03,Grade B,1.16,18.87,18.82,True
Mango,Local,Fruit,Maharashtra,Nashik,Nashik APMC,Kharif,1,2786.19,Grade C,1.29,60.06,57.14,True
Tomato,Hybrid,Vegetable,Gujarat,Rajkot,Rajkot APMC,Zaid,9,2003.72,Grade A,1.61,26.27,44.41,True
Rice,Common,Cereal,Maharashtra,Pune,Pune APMC,Zaid,2,1646.63,Grade B,1.62,36.17,50.86,True
Rice,Common,Cereal,Punjab,Ludhiana,Ludhiana Mandi,Rabi,3,1318.22,Grade C,1.33,31.69,34.35,True
Wheat,Common,Cereal,Gujarat,Rajkot,Rajkot APMC,Rabi,12,4438.75,Grade B,0.63,24.5,16.72,True
Rice,Basmati,Cereal,Maharashtra,Mumbai,Vashi APMC,Kharif,6,2974.62,Grade A,0.64,69.64,52.73,True
Tomato,Hybrid,Vegetable,Gujarat,Rajkot,Rajkot APMC,Kharif,12,3133.31,Grade A,0.7,25.09,17.74,True
Potato,Local,Vegetable,Madhya Pradesh,Indore,Indore Mandi,Year-Round,2,2605.69,Grade B,0.99,17.05,15.49,True
Mango,Local,Fruit,Maharashtra,Pune,Pune APMC,Zaid,10,4815.11,Grade A,1.6,60.99,102.45,True
Soybean,Local,Oilseed,Maharashtra,Pune,Pune APMC,Kharif,6,3587.25,Grade B,1.39,46.36,70.71,True
Rice,Basmati,Cereal,Punjab,Ludhiana,Ludhiana Mandi,Zaid,10,1812.06,Grade A,1.51,77.66,125.08,True
Mango,Local,Fruit,Gujarat,Rajkot,Rajkot APMC,Rabi,5,2393.69,Grade B,0.81,54.63,41.28,True
Soybean,Local,Oilseed,Uttar Pradesh,Agra,Agra Mandi,Kharif,4,1904.33,Grade C,1.35,49.19,55.4,True
Green Chilli,Local,Spice,Punjab,Ludhiana,Ludhiana Mandi,Year-Round,7,4724.05,Grade B,1.64,43.75,73.67,True
Mango,Local,Fruit,Maharashtra,Pune,Pune APMC,Zaid,1,4065.46,Grade B,1.58,70.91,99.37,True
Wheat,Common,Cereal,Maharashtra,Pune,Pune APMC,Zaid,12,548.85,Grade A,0.62,28.63,18.91,True
Tomato,Hybrid,Vegetable,Maharashtra,Pune,Pune APMC,Year-Round,10,165.2,Grade A,1.58,23.76,40.0,True
Green Chilli,Local,Spice,Maharashtra,Pune,Pune APMC,Kharif,8,3688.6,Grade C,1.56,37.35,47.05,True
Maize,Hybrid,Cereal,Gujarat,Rajkot,Rajkot APMC,Year-Round,3,2092.46,Grade B,1.05,20.82,21.39,True
Green Chilli,Local,Spice,Karnataka,Bengaluru,Bengaluru APMC,Kharif,7,3784.99,Grade B,0.72,40.04,31.17,True
Maize,Hybrid,Cereal,Uttar Pradesh,Agra,Agra Mandi,Kharif,1,314.75,Grade C,1.75,21.28,30.96,True
Mango,Local,Fruit,Uttar Pradesh,Agra,Agra Mandi,Zaid,3,2490.48,Grade C,0.7,66.05,33.23,True
Onion,Red,Vegetable,Maharashtra,Mumbai,Vashi APMC,Kharif,7,3917.42,Grade B,0.74,22.57,18.78,True
Groundnut,Local,Oilseed,Maharashtra,Pune,Pune APMC,Zaid,10,4192.97,Grade A,1.64,53.86,91.1,True
Wheat,Common,Cereal,Maharashtra,Pune,Pune APMC,Kharif,10,775.69,Grade C,1.22,29.0,25.78,True
Tomato,Hybrid,Vegetable,Uttar Pradesh,Agra,Agra Mandi,Year-Round,7,4930.71,Grade A,1.5,23.56,40.86,True
Mango,Local,Fruit,Uttar Pradesh,Agra,Agra Mandi,Zaid,10,1684.75,Grade B,1.12,62.01,58.24,True
Soybean,Local,Oilseed,Karnataka,Bengaluru,Bengaluru APMC,Year-Round,9,3733.85,Grade B,1.42,43.06,52.25,True
Mango,Local,Fruit,Maharashtra,Nashik,Nashik APMC,Kharif,6,2209.86,Grade C,1.56,65.24,93.87,True
Green Chilli,Local,Spice,Gujarat,Rajkot,Rajkot APMC,Rabi,12,415.29,Grade C,1.26,40.08,42.71,True
Maize,Hybrid,Cereal,Maharashtra,Nashik,Nashik APMC,Rabi,1,3156.41,Grade A,1.3,21.8,30.08,True
Mango,Local,Fruit,Punjab,Ludhiana,Ludhiana Mandi,Year-Round,4,2345.31,Grade A,1.02,61.05,70.11,True
Maize,Hybrid,Cereal,Karnataka,Bengaluru,Bengaluru APMC,Year-Round,1,1434.83,Grade B,1.09,19.33,20.19,True
Potato,Local,Vegetable,Punjab,Ludhiana,Ludhiana Mandi,Rabi,5,3086.41,Grade C,1.1,19.7,18.24,True
Tomato,Hybrid,Vegetable,Maharashtra,Mumbai,Vashi APMC,Kharif,9,4851.08,Grade B,1.61,24.77,37.5,True
Potato,Local,Vegetable,Madhya Pradesh,Indore,Indore Mandi,Kharif,7,4330.38,Grade A,1.58,20.18,37.39,True
Green Chilli,Local,Spice,Maharashtra,Pune,Pune APMC,Rabi,5,2280.19,Grade A,0.75,40.38,36.93,True
Tomato,Hybrid,Vegetable,Maharashtra,Nashik,Nashik APMC,Year-Round,12,1379.93,Grade B,0.63,18.04,10.5,True
Potato,Local,Vegetable,Maharashtra,Mumbai,Vashi APMC,Rabi,6,4841.47,Grade C,0.71,18.6,12.77,True
Rice,Common,Cereal,Madhya Pradesh,Indore,Indore Mandi,Kharif,2,4034.97,Grade B,1.68,35.57,50.67,True
Tomato,Desi,Vegetable,Maharashtra,Pune,Pune APMC,Rabi,11,500.46,Grade A,1.47,16.75,28.87,True
Mango,Local,Fruit,Uttar Pradesh,Agra,Agra Mandi,Zaid,1,4750.13,Grade B,0.78,64.92,46.85,True
Mango,Local,Fruit,Karnataka,Bengaluru,Bengaluru APMC,Year-Round,6,2488.46,Grade A,0.99,58.22,72.72,True
Potato,Local,Vegetable,Madhya Pradesh,Indore,Indore Mandi,Kharif,11,737.19,Grade B,1.37,17.26,21.41,True
Potato,Local,Vegetable,Gujarat,Rajkot,Rajkot APMC,Zaid,2,3029.58,Grade B,0.87,17.28,13.93,True
Soybean,Local,Oilseed,Punjab,Ludhiana,Ludhiana Mandi,Rabi,1,2695.4,Grade A,1.03,40.61,40.62,True
Soybean,Local,Oilseed,Maharashtra,Nashik,Nashik APMC,Zaid,8,4374.21,Grade B,1.71,44.6,73.18,True
Tomato,Hybrid,Vegetable,Gujarat,Rajkot,Rajkot APMC,Kharif,4,1086.28,Grade B,1.04,29.75,30.48,True
Rice,Common,Cereal,Uttar Pradesh,Agra,Agra Mandi,Year-Round,10,231.58,Grade B,0.9,36.61,31.37,True
Groundnut,Local,Oilseed,Madhya Pradesh,Indore,Indore Mandi,Year-Round,10,1803.03,Grade A,1.08,56.29,62.0,True
Mango,Local,Fruit,Maharashtra,Pune,Pune APMC,Zaid,7,491.56,Grade A,1.24,61.35,91.41,True
Maize,Hybrid,Cereal,Karnataka,Bengaluru,Bengaluru APMC,Rabi,2,480.26,Grade B,1.24,24.68,28.48,True
Tomato,Hybrid,Vegetable,Karnataka,Bengaluru,Bengaluru APMC,Zaid,5,1847.26,Grade A,1.38,21.17,36.12,True
Rice,Basmati,Cereal,Punjab,Ludhiana,Ludhiana Mandi,Kharif,6,1165.4,Grade A,1.04,82.13,107.3,True
Wheat,Common,Cereal,Madhya Pradesh,Indore,Indore Mandi,Kharif,3,140.3,Grade A,1.44,29.79,47.43,True
Rice,Basmati,Cereal,Uttar Pradesh,Agra,Agra Mandi,Kharif,6,3359.78,Grade B,1.72,87.26,162.88,True
Potato,Local,Vegetable,Punjab,Ludhiana,Ludhiana Mandi,Year-Round,10,1652.21,Grade A,1.11,15.66,18.21,True
Tomato,Hybrid,Vegetable,Maharashtra,Pune,Pune APMC,Rabi,5,2555.21,Grade A,1.72,26.76,52.14,True
Rice,Basmati,Cereal,Maharashtra,Pune,Pune APMC,Year-Round,7,2767.16,Grade A,0.84,71.5,72.75,True
Green Chilli,Local,Spice,Maharashtra,Nashik,Nashik APMC,Kharif,8,3050.2,Grade A,1.55,38.21,70.16,True
Green Chilli,Local,Spice,Gujarat,Rajkot,Rajkot APMC,Zaid,12,1927.18,Grade C,1.71,41.85,58.31,True
Green Chilli,Local,Spice,Uttar Pradesh,Agra,Agra Mandi,Year-Round,5,972.7,Grade A,0.88,42.38,45.91,True
Maize,Hybrid,Cereal,Punjab,Ludhiana,Ludhiana Mandi,Rabi,8,2287.15,Grade A,1.46,22.44,38.64,True
Tomato,Hybrid,Vegetable,Madhya Pradesh,Indore,Indore Mandi,Zaid,9,1809.04,Grade B,1.07,23.51,23.83,True
Wheat,Common,Cereal,Maharashtra,Mumbai,Vashi APMC,Zaid,6,1697.44,Grade A,1.48,26.02,48.63,True
Tomato,Hybrid,Vegetable,Karnataka,Bengaluru,Bengaluru APMC,Rabi,4,4988.58,Grade C,1.5,26.94,33.13,True
Tomato,Hybrid,Vegetable,Uttar Pradesh,Agra,Agra Mandi,Year-Round,10,2495.21,Grade B,1.51,25.17,32.76,True
Onion,Red,Vegetable,Punjab,Ludhiana,Ludhiana Mandi,Year-Round,8,792.09,Grade B,0.88,23.7,22.62,True
Potato,Local,Vegetable,Maharashtra,Mumbai,Vashi APMC,Year-Round,11,3015.2,Grade B,1.59,17.84,25.88,True
Rice,Basmati,Cereal,Gujarat,Rajkot,Rajkot APMC,Zaid,11,809.09,Grade B,1.3,89.67,110.58,True
Wheat,Common,Cereal,Karnataka,Bengaluru,Bengaluru APMC,Zaid,4,4597.82,Grade C,1.55,26.65,34.77,True
Maize,Hybrid,Cereal,Uttar Pradesh,Agra,Agra Mandi,Zaid,8,4210.18,Grade B,1.69,21.42,34.45,True
Soybean,Local,Oilseed,Uttar Pradesh,Agra,Agra Mandi,Year-Round,9,1694.12,Grade A,0.97,46.94,46.52,True
Maize,Hybrid,Cereal,Punjab,Ludhiana,Ludhiana Mandi,Kharif,9,72.93,Grade A,1.0,23.5,23.89,True
Groundnut,Local,Oilseed,Uttar Pradesh,Agra,Agra Mandi,Rabi,11,3700.63,Grade B,1.14,53.86,50.45,True
Potato,Local,Vegetable,Uttar Pradesh,Agra,Agra Mandi,Year-Round,4,2123.68,Grade B,1.7,19.56,30.82,True
Rice,Basmati,Cereal,Maharashtra,Pune,Pune APMC,Year-Round,1,931.28,Grade A,1.75,73.39,133.55,True
Mango,Local,Fruit,Madhya Pradesh,Indore,Indore Mandi,Kharif,7,2997.16,Grade A,0.68,60.93,51.46,True
Potato,Local,Vegetable,Uttar Pradesh,Agra,Agra Mandi,Year-Round,1,230.92,Grade B,1.17,16.97,18.87,True
Potato,Local,Vegetable,Madhya Pradesh,Indore,Indore Mandi,Rabi,12,2431.39,Grade B,1.2,17.49,19.78,True
Wheat,Common,Cereal,Punjab,Ludhiana,Ludhiana Mandi,Zaid,10,1390.19,Grade C,1.37,27.19,28.84,True
Mango,Local,Fruit,Gujarat,Rajkot,Rajkot APMC,Rabi,8,184.13,Grade C,0.87,68.75,49.52,True
Wheat,Common,Cereal,Uttar Pradesh,Agra,Agra Mandi,Kharif,3,4442.93,Grade B,1.27,29.93,34.44,True
Wheat,Common,Cereal,Uttar Pradesh,Agra,Agra Mandi,Year-Round,11,4815.11,Grade C,1.73,27.38,34.08,True
Rice,Common,Cereal,Gujarat,Rajkot,Rajkot APMC,Rabi,7,3692.73,Grade A,1.62,38.83,75.37,True
Tomato,Hybrid,Vegetable,Madhya Pradesh,Indore,Indore Mandi,Kharif,10,4134.28,Grade A,1.04,27.37,27.47,True
Maize,Hybrid,Cereal,Maharashtra,Pune,Pune APMC,Kharif,4,4874.01,Grade A,1.54,22.29,35.97,True
Groundnut,Local,Oilseed,Uttar Pradesh,Agra,Agra Mandi,Zaid,1,2449.65,Grade B,1.21,58.83,67.22,True
Maize,Hybrid,Cereal,Madhya Pradesh,Indore,Indore Mandi,Kharif,11,2137.43,Grade A,0.76,22.52,18.77,True
Green Chilli,Local,Spice,Maharashtra,Mumbai,Vashi APMC,Rabi,5,4084.52,Grade C,1.2,39.52,38.69,True
Rice,Basmati,Cereal,Maharashtra,Pune,Pune APMC,Year-Round,10,743.09,Grade A,0.92,80.47,75.4,True
Tomato,Desi,Vegetable,Karnataka,Bengaluru,Bengaluru APMC,Kharif,7,2887.81,Grade B,1.61,22.25,36.63,True
Tomato,Desi,Vegetable,Karnataka,Bengaluru,Bengaluru APMC,Rabi,3,497.17,Grade B,1.53,21.32,30.88,True
Groundnut,Local,Oilseed,Madhya Pradesh,Indore,Indore Mandi,Year-Round,2,2013.41,Grade B,1.74,54.78,81.08,True
Soybean,Local,Oilseed,Karnataka,Bengaluru,Bengaluru APMC,Zaid,3,4215.57,Grade A,1.62,43.27,76.37,True
Maize,Hybrid,Cereal,Maharashtra,Nashik,Nashik APMC,Year-Round,9,3539.38,Grade B,1.32,20.6,24.68,True
Tomato,Desi,Vegetable,Punjab,Ludhiana,Ludhiana Mandi,Year-Round,6,2971.64,Grade B,1.03,17.89,19.19,True
Wheat,Common,Cereal,Maharashtra,Mumbai,Vashi APMC,Year-Round,1,3310.98,Grade B,1.43,26.98,35.11,True
Maize,Hybrid,Cereal,Karnataka,Bengaluru,Bengaluru APMC,Zaid,9,4723.09,Grade B,0.65,22.76,13.57,True
Rice,Common,Cereal,Maharashtra,Pune,Pune APMC,Kharif,7,218.03,Grade B,1.44,36.25,56.8,True
Tomato,Desi,Vegetable,Maharashtra,Mumbai,Vashi APMC,Zaid,4,4230.52,Grade B,0.98,17.75,16.82,True
Mango,Local,Fruit,Punjab,Ludhiana,Ludhiana Mandi,Rabi,11,1732.38,Grade C,1.47,64.03,72.72,True
Tomato,Hybrid,Vegetable,Karnataka,Bengaluru,Bengaluru APMC,Kharif,2,2624.83,Grade B,1.11,24.56,25.01,True
Potato,Local,Vegetable,Maharashtra,Pune,Pune APMC,Rabi,7,968.09,Grade A,1.06,21.74,28.0,True
Mango,Local,Fruit,Madhya Pradesh,Indore,Indore Mandi,Kharif,9,1715.03,Grade B,1.23,55.32,63.42,True
Tomato,Desi,Vegetable,Karnataka,Bengaluru,Bengaluru APMC,Rabi,9,1422.46,Grade A,1.69,18.47,33.9,True
Groundnut,Local,Oilseed,Maharashtra,Pune,Pune APMC,Kharif,11,2963.34,Grade B,1.78,56.07,92.69,True
Tomato,Desi,Vegetable,Maharashtra,Nashik,Nashik APMC,Zaid,11,2037.82,Grade C,1.61,20.99,25.95,True
Soybean,Local,Oilseed,Maharashtra,Mumbai,Vashi APMC,Rabi,9,972.87,Grade A,1.54,43.21,73.16,True
Rice,Common,Cereal,Maharashtra,Nashik,Nashik APMC,Kharif,10,2648.91,Grade C,0.91,29.87,26.11,True
Tomato,Hybrid,Vegetable,Gujarat,Rajkot,Rajkot APMC,Zaid,6,3133.54,Grade C,1.5,24.73,34.51,True
Wheat,Common,Cereal,Maharashtra,Mumbai,Vashi APMC,Zaid,9,269.66,Grade A,1.62,27.85,50.31,True
Maize,Hybrid,Cereal,Punjab,Ludhiana,Ludhiana Mandi,Zaid,8,1300.61,Grade A,0.61,21.59,15.6,True
Tomato,Desi,Vegetable,Uttar Pradesh,Agra,Agra Mandi,Kharif,12,426.85,Grade A,1.62,14.43,25.25,True
Potato,Local,Vegetable,Maharashtra,Pune,Pune APMC,Zaid,2,2741.71,Grade A,1.64,18.23,31.45,True
Wheat,Common,Cereal,Karnataka,Bengaluru,Bengaluru APMC,Kharif,9,1703.34,Grade A,0.89,25.92,25.94,True
Green Chilli,Local,Spice,Maharashtra,Mumbai,Vashi APMC,Kharif,3,4401.4,Grade C,0.61,38.27,18.8,True
Rice,Common,Cereal,Madhya Pradesh,Indore,Indore Mandi,Rabi,12,81.61,Grade C,0.94,35.54,27.86,True
Tomato,Hybrid,Vegetable,Gujarat,Rajkot,Rajkot APMC,Zaid,8,4102.46,Grade A,0.75,27.37,22.51,True
Mango,Local,Fruit,Karnataka,Bengaluru,Bengaluru APMC,Zaid,6,4689.28,Grade C,1.43,64.03,78.88,True
Tomato,Hybrid,Vegetable,Karnataka,Bengaluru,Bengaluru APMC,Rabi,6,1762.12,Grade B,1.35,23.88,35.31,True
Mango,Local,Fruit,Madhya Pradesh,Indore,Indore Mandi,Kharif,6,1890.58,Grade A,1.58,64.41,122.14,True
Onion,Red,Vegetable,Maharashtra,Nashik,Nashik APMC,Zaid,7,2658.77,Grade B,1.59,23.47,38.32,True
Onion,Red,Vegetable,Uttar Pradesh,Agra,Agra Mandi,Zaid,1,4818.02,Grade A,0.64,22.76,14.91,True
Green Chilli,Local,Spice,Maharashtra,Mumbai,Vashi APMC,Year-Round,9,2239.38,Grade A,0.97,43.72,43.8,True
Tomato,Desi,Vegetable,Punjab,Ludhiana,Ludhiana Mandi,Zaid,9,3588.87,Grade A,1.28,24.02,30.51,True
Mango,Local,Fruit,Uttar Pradesh,Agra,Agra Mandi,Kharif,5,810.61,Grade C,1.14,63.07,65.01,True
Mango,Local,Fruit,Punjab,Ludhiana,Ludhiana Mandi,Year-Round,3,968.02,Grade C,1.15,57.58,54.96,True
Maize,Hybrid,Cereal,Uttar Pradesh,Agra,Agra Mandi,Year-Round,6,2930.76,Grade B,0.92,20.88,21.35,True
Tomato,Hybrid,Vegetable,Gujarat,Rajkot,Rajkot APMC,Kharif,2,2425.7,Grade A,1.32,27.05,34.58,True
Tomato,Hybrid,Vegetable,Karnataka,Bengaluru,Bengaluru APMC,Rabi,11,2428.51,Grade C,0.73,24.99,12.72,True
Rice,Basmati,Cereal,Karnataka,Bengaluru,Bengaluru APMC,Year-Round,8,98.37,Grade A,0.99,69.74,83.35,True
Tomato,Hybrid,Vegetable,Punjab,Ludhiana,Ludhiana Mandi,Year-Round,7,706.94,Grade A,1.28,26.98,43.85,True
Tomato,Desi,Vegetable,Maharashtra,Pune,Pune APMC,Zaid,8,3200.33,Grade B,1.45,20.1,28.0,True
Tomato,Desi,Vegetable,Karnataka,Bengaluru,Bengaluru APMC,Year-Round,12,4018.55,Grade C,1.01,20.18,16.57,True
Soybean,Local,Oilseed,Uttar Pradesh,Agra,Agra Mandi,Rabi,9,861.8,Grade B,1.13,47.34,55.05,True
Mango,Local,Fruit,Punjab,Ludhiana,Ludhiana Mandi,Kharif,10,1678.64,Grade C,1.16,67.97,62.1,True
Green Chilli,Local,Spice,Madhya Pradesh,Indore,Indore Mandi,Year-Round,2,153.26,Grade B,1.38,41.62,48.68,True
Groundnut,Local,Oilseed,Maharashtra,Mumbai,Vashi APMC,Year-Round,3,1141.78,Grade A,1.1,57.12,66.63,True
Tomato,Hybrid,Vegetable,Uttar Pradesh,Agra,Agra Mandi,Kharif,8,2156.19,Grade B,1.02,21.88,24.93,True
Green Chilli,Local,Spice,Maharashtra,Pune,Pune APMC,Year-Round,2,3975.13,Grade B,1.39,35.91,39.17,True
Tomato,Desi,Vegetable,Gujarat,Rajkot,Rajkot APMC,Kharif,3,3891.2,Grade B,1.09,22.66,23.14,True
Tomato,Desi,Vegetable,Madhya Pradesh,Indore,Indore Mandi,Kharif,9,1273.79,Grade C,1.64,21.23,25.42,True
Maize,Hybrid,Cereal,Karnataka,Bengaluru,Bengaluru APMC,Rabi,1,1985.85,Grade A,1.76,23.42,41.87,True
Tomato,Hybrid,Vegetable,Gujarat,Rajkot,Rajkot APMC,Year-Round,7,2296.26,Grade A,0.88,20.81,22.42,True
Maize,Hybrid,Cereal,Maharashtra,Nashik,Nashik APMC,Kharif,11,4745.49,Grade A,0.9,19.72,16.36,True
Groundnut,Local,Oilseed,Punjab,Ludhiana,Ludhiana Mandi,Zaid,5,3919.86,Grade B,1.45,59.82,85.89,True
Rice,Basmati,Cereal,Karnataka,Bengaluru,Bengaluru APMC,Zaid,2,4934.13,Grade A,0.75,67.58,51.69,True
Green Chilli,Local,Spice,Punjab,Ludhiana,Ludhiana Mandi,Zaid,1,2944.12,Grade A,1.43,38.46,51.64,True
Groundnut,Local,Oilseed,Maharashtra,Mumbai,Vashi APMC,Rabi,2,4866.83,Grade C,1.3,55.65,47.44,True
Rice,Common,Cereal,Karnataka,Bengaluru,Bengaluru APMC,Rabi,4,3538.17,Grade A,0.84,35.77,31.61,True
Rice,Basmati,Cereal,Punjab,Ludhiana,Ludhiana Mandi,Zaid,2,3325.08,Grade A,1.77,74.38,129.93,True
Tomato,Desi,Vegetable,Maharashtra,Nashik,Nashik APMC,Rabi,8,3854.17,Grade C,0.74,20.99,12.94,True
Green Chilli,Local,Spice,Gujarat,Rajkot,Rajkot APMC,Kharif,12,838.47,Grade B,1.33,42.57,53.76,True
Maize,Hybrid,Cereal,Gujarat,Rajkot,Rajkot APMC,Kharif,9,590.09,Grade B,1.38,23.59,31.37,True
Maize,Hybrid,Cereal,Madhya Pradesh,Indore,Indore Mandi,Zaid,1,645.03,Grade C,1.25,19.75,17.87,True
Green Chilli,Local,Spice,Maharashtra,Mumbai,Vashi APMC,Year-Round,1,1225.84,Grade B,1.05,45.25,46.05,True
Soybean,Local,Oilseed,Maharashtra,Pune,Pune APMC,Rabi,5,4323.5,Grade B,1.22,43.36,52.52,True
Soybean,Local,Oilseed,Maharashtra,Nashik,Nashik APMC,Year-Round,5,1268.04,Grade A,1.17,48.68,64.03,True
Tomato,Desi,Vegetable,Karnataka,Bengaluru,Bengaluru APMC,Zaid,5,1019.1,Grade B,0.61,21.21,13.97,True
Maize,Hybrid,Cereal,Karnataka,Bengaluru,Bengaluru APMC,Zaid,4,4675.46,Grade A,1.02,21.94,23.1,True
Green Chilli,Local,Spice,Karnataka,Bengaluru,Bengaluru APMC,Rabi,12,2718.85,Grade A,0.97,44.85,47.91,True
Tomato,Hybrid,Vegetable,Punjab,Ludhiana,Ludhiana Mandi,Year-Round,11,659.95,Grade C,1.63,23.92,32.04,True
Wheat,Common,Cereal,Maharashtra,Nashik,Nashik APMC,Rabi,8,4816.49,Grade A,1.18,28.5,39.27,True
Wheat,Common,Cereal,Punjab,Ludhiana,Ludhiana Mandi,Rabi,7,3208.03,Grade A,1.22,30.97,45.32,True
Soybean,Local,Oilseed,Gujarat,Rajkot,Rajkot APMC,Rabi,10,4505.11,Grade A,1.02,47.69,46.8,True
Tomato,Desi,Vegetable,Gujarat,Rajkot,Rajkot APMC,Zaid,7,3354.37,Grade C,0.71,18.66,13.7,True
Tomato,Desi,Vegetable,Punjab,Ludhiana,Ludhiana Mandi,Zaid,12,4320.85,Grade A,0.86,21.96,21.2,True
Groundnut,Local,Oilseed,Maharashtra,Pune,Pune APMC,Kharif,9,2509.0,Grade A,1.79,56.82,106.75,True
Potato,Local,Vegetable,Maharashtra,Pune,Pune APMC,Rabi,9,3477.56,Grade B,1.79,18.82,32.18,True
Rice,Common,Cereal,Punjab,Ludhiana,Ludhiana Mandi,Rabi,5,4476.24,Grade A,0.83,31.92,29.03,True
Maize,Hybrid,Cereal,Madhya Pradesh,Indore,Indore Mandi,Year-Round,12,384.68,Grade B,1.56,22.41,32.29,True
Rice,Basmati,Cereal,Gujarat,Rajkot,Rajkot APMC,Rabi,12,1655.45,Grade B,1.0,79.17,82.32,True
Tomato,Desi,Vegetable,Madhya Pradesh,Indore,Indore Mandi,Rabi,6,2833.37,Grade A,1.75,20.86,43.43,True
Maize,Hybrid,Cereal,Madhya Pradesh,Indore,Indore Mandi,Year-Round,9,4117.94,Grade B,0.6,17.89,9.13,True
Rice,Common,Cereal,Karnataka,Bengaluru,Bengaluru APMC,Zaid,5,3699.04,Grade A,1.52,37.16,62.94,True
Onion,Red,Vegetable,Uttar Pradesh,Agra,Agra Mandi,Rabi,7,4330.2,Grade A,1.33,19.82,30.71,True
Onion,Red,Vegetable,Maharashtra,Nashik,Nashik APMC,Zaid,2,1935.5,Grade A,1.02,22.11,21.16,True
Potato,Local,Vegetable,Karnataka,Bengaluru,Bengaluru APMC,Rabi,4,4373.02,Grade B,0.79,18.53,15.0,True
Mango,Local,Fruit,Punjab,Ludhiana,Ludhiana Mandi,Year-Round,1,626.01,Grade A,1.58,69.78,118.0,True
Rice,Basmati,Cereal,Maharashtra,Mumbai,Vashi APMC,Year-Round,9,1646.51,Grade A,0.63,72.4,47.67,True
Onion,Red,Vegetable,Maharashtra,Pune,Pune APMC,Year-Round,2,706.0,Grade C,1.63,21.96,28.5,True
Rice,Basmati,Cereal,Uttar Pradesh,Agra,Agra Mandi,Kharif,3,2023.38,Grade A,0.78,71.34,58.25,True
Tomato,Desi,Vegetable,Karnataka,Bengaluru,Bengaluru APMC,Kharif,12,3894.78,Grade A,0.75,21.05,16.55,True
Onion,Red,Vegetable,Maharashtra,Pune,Pune APMC,Kharif,6,51.65,Grade A,0.62,19.08,16.6,True
Potato,Local,Vegetable,Punjab,Ludhiana,Ludhiana Mandi,Zaid,9,337.91,Grade A,1.79,18.21,36.18,True
Maize,Hybrid,Cereal,Madhya Pradesh,Indore,Indore Mandi,Zaid,5,650.86,Grade A,0.96,22.53,25.82,True
Mango,Local,Fruit,Maharashtra,Nashik,Nashik APMC,Year-Round,8,4079.15,Grade B,1.34,69.94,85.71,True
Mango,Local,Fruit,Uttar Pradesh,Agra,Agra Mandi,Zaid,5,4438.69,Grade B,1.14,62.36,66.83,True
Mango,Local,Fruit,Uttar Pradesh,Agra,Agra Mandi,Rabi,6,4820.92,Grade A,0.9,63.79,64.63,True
Rice,Basmati,Cereal,Madhya Pradesh,Indore,Indore Mandi,Kharif,10,988.99,Grade B,1.34,80.61,97.68,True
Green Chilli,Local,Spice,Punjab,Ludhiana,Ludhiana Mandi,Rabi,4,1888.47,Grade A,0.92,39.97,45.94,True
Rice,Common,Cereal,Punjab,Ludhiana,Ludhiana Mandi,Rabi,2,1657.15,Grade A,1.48,28.55,42.44,True
Onion,Red,Vegetable,Punjab,Ludhiana,Ludhiana Mandi,Rabi,10,4465.82,Grade A,1.75,20.82,37.38,True
Tomato,Hybrid,Vegetable,Maharashtra,Pune,Pune APMC,Year-Round,1,4212.31,Grade A,0.65,24.82,17.37,True
Groundnut,Local,Oilseed,Madhya Pradesh,Indore,Indore Mandi,Rabi,6,3201.51,Grade A,1.34,55.14,87.0,True
Potato,Local,Vegetable,Punjab,Ludhiana,Ludhiana Mandi,Year-Round,7,3417.13,Grade C,0.65,18.34,9.98,True
Potato,Local,Vegetable,Gujarat,Rajkot,Rajkot APMC,Zaid,5,2567.47,Grade A,1.07,18.34,23.1,True
Onion,Red,Vegetable,Madhya Pradesh,Indore,Indore Mandi,Zaid,12,1806.46,Grade B,1.09,24.21,25.13,True
Wheat,Common,Cereal,Gujarat,Rajkot,Rajkot APMC,Rabi,12,4499.56,Grade A,1.54,26.07,40.39,True
Maize,Hybrid,Cereal,Maharashtra,Nashik,Nashik APMC,Kharif,2,1644.97,Grade B,0.75,20.22,13.42,True
Green Chilli,Local,Spice,Gujarat,Rajkot,Rajkot APMC,Zaid,12,825.36,Grade B,0.65,40.74,23.71,True
Maize,Hybrid,Cereal,Maharashtra,Nashik,Nashik APMC,Year-Round,12,1973.83,Grade B,0.8,22.55,16.8,True
Mango,Local,Fruit,Gujarat,Rajkot,Rajkot APMC,Zaid,8,4962.46,Grade C,1.41,68.88,78.58,True
Mango,Local,Fruit,Maharashtra,Nashik,Nashik APMC,Zaid,5,4893.07,Grade A,1.5,58.27,100.63,True
Groundnut,Local,Oilseed,Gujarat,Rajkot,Rajkot APMC,Rabi,9,4690.07,Grade B,0.65,54.58,31.75,True
Onion,Red,Vegetable,Maharashtra,Mumbai,Vashi APMC,Rabi,3,795.85,Grade A,1.01,24.6,26.45,True
Tomato,Hybrid,Vegetable,Gujarat,Rajkot,Rajkot APMC,Zaid,3,800.27,Grade A,0.71,27.0,21.08,True
Green Chilli,Local,Spice,Madhya Pradesh,Indore,Indore Mandi,Year-Round,8,1271.06,Grade B,1.47,44.12,65.52,True
Groundnut,Local,Oilseed,Maharashtra,Nashik,Nashik APMC,Rabi,7,3094.14,Grade B,1.43,58.02,79.53,True
Onion,Red,Vegetable,Uttar Pradesh,Agra,Agra Mandi,Rabi,6,4171.77,Grade B,0.61,23.46,15.62,True
Onion,Red,Vegetable,Maharashtra,Mumbai,Vashi APMC,Year-Round,7,2378.08,Grade A,1.2,21.49,30.03,True
Onion,Red,Vegetable,Karnataka,Bengaluru,Bengaluru APMC,Rabi,3,732.22,Grade C,1.4,21.27,22.64,True
Tomato,Hybrid,Vegetable,Madhya Pradesh,Indore,Indore Mandi,Zaid,3,371.03,Grade B,1.3,28.72,37.93,True
Wheat,Common,Cereal,Maharashtra,Pune,Pune APMC,Rabi,12,4133.99,Grade C,1.2,30.5,27.14,True
Rice,Basmati,Cereal,Punjab,Ludhiana,Ludhiana Mandi,Zaid,3,2228.99,Grade C,0.78,70.7,35.99,True
Tomato,Desi,Vegetable,Madhya Pradesh,Indore,Indore Mandi,Year-Round,12,3691.53,Grade A,1.8,20.3,38.72,True
Tomato,Hybrid,Vegetable,Uttar Pradesh,Agra,Agra Mandi,Year-Round,11,3445.26,Grade B,1.79,26.7,43.81,True
Soybean,Local,Oilseed,Gujarat,Rajkot,Rajkot APMC,Kharif,10,1705.83,Grade A,0.63,45.51,25.96,True
Potato,Local,Vegetable,Punjab,Ludhiana,Ludhiana Mandi,Zaid,10,4370.01,Grade A,1.61,18.74,29.53,True
Soybean,Local,Oilseed,Gujarat,Rajkot,Rajkot APMC,Kharif,10,448.98,Grade B,1.47,34.66,47.1,True
Maize,Hybrid,Cereal,Karnataka,Bengaluru,Bengaluru APMC,Rabi,12,700.18,Grade A,1.08,21.91,27.19,True
Green Chilli,Local,Spice,Uttar Pradesh,Agra,Agra Mandi,Year-Round,6,1345.44,Grade A,0.9,39.28,45.04,True
Rice,Basmati,Cereal,Madhya Pradesh,Indore,Indore Mandi,Rabi,6,373.56,Grade C,1.19,60.45,71.29,True
Rice,Common,Cereal,Uttar Pradesh,Agra,Agra Mandi,Zaid,8,2764.19,Grade A,0.75,34.28,30.95,True
Soybean,Local,Oilseed,Karnataka,Bengaluru,Bengaluru APMC,Year-Round,9,2497.68,Grade A,1.78,46.61,87.25,True
Green Chilli,Local,Spice,Gujarat,Rajkot,Rajkot APMC,Kharif,9,4737.83,Grade B,1.76,38.06,63.65,True
Maize,Hybrid,Cereal,Madhya Pradesh,Indore,Indore Mandi,Rabi,1,4903.56,Grade B,0.87,23.78,15.57,True
Rice,Common,Cereal,Uttar Pradesh,Agra,Agra Mandi,Kharif,6,1169.43,Grade B,1.62,31.93,56.2,True
Rice,Basmati,Cereal,Gujarat,Rajkot,Rajkot APMC,Kharif,2,4316.84,Grade B,1.15,69.94,71.84,True
Wheat,Common,Cereal,Uttar Pradesh,Agra,Agra Mandi,Year-Round,3,307.19,Grade A,1.54,26.55,43.74,True
Onion,Red,Vegetable,Maharashtra,Pune,Pune APMC,Zaid,4,2620.96,Grade B,0.85,21.37,18.12,True
Maize,Hybrid,Cereal,Gujarat,Rajkot,Rajkot APMC,Rabi,1,184.48,Grade B,0.68,23.55,15.07,True
Tomato,Hybrid,Vegetable,Maharashtra,Pune,Pune APMC,Year-Round,7,3301.06,Grade B,1.59,27.62,44.41,True
Potato,Local,Vegetable,Maharashtra,Mumbai,Vashi APMC,Year-Round,8,1471.33,Grade A,1.55,20.7,38.57,True
Rice,Common,Cereal,Maharashtra,Nashik,Nashik APMC,Zaid,8,2624.94,Grade A,1.14,31.56,41.54,True
Potato,Local,Vegetable,Punjab,Ludhiana,Ludhiana Mandi,Zaid,11,4918.43,Grade C,0.77,17.21,9.48,True
Green Chilli,Local,Spice,Gujarat,Rajkot,Rajkot APMC,Year-Round,5,2229.6,Grade C,1.34,40.08,49.93,True
Tomato,Hybrid,Vegetable,Madhya Pradesh,Indore,Indore Mandi,Kharif,5,3639.67,Grade C,0.99,23.28,20.07,True
Green Chilli,Local,Spice,Maharashtra,Nashik,Nashik APMC,Zaid,9,4123.64,Grade B,0.85,40.94,31.22,True
Mango,Local,Fruit,Punjab,Ludhiana,Ludhiana Mandi,Kharif,2,598.2,Grade C,1.51,58.09,71.29,True
Wheat,Common,Cereal,Maharashtra,Pune,Pune APMC,Rabi,12,2650.9,Grade C,0.89,26.66,21.01,True
Tomato,Desi,Vegetable,Maharashtra,Nashik,Nashik APMC,Zaid,10,3088.2,Grade B,1.12,22.53,22.77,True
Mango,Local,Fruit,Maharashtra,Mumbai,Vashi APMC,Rabi,3,204.02,Grade C,1.49,63.35,74.51,True
Wheat,Common,Cereal,Karnataka,Bengaluru,Bengaluru APMC,Zaid,9,3293.65,Grade A,1.79,29.94,55.89,True
Rice,Basmati,Cereal,Madhya Pradesh,Indore,Indore Mandi,Zaid,9,1554.53,Grade A,1.38,79.34,122.06,True
Tomato,Desi,Vegetable,Maharashtra,Mumbai,Vashi APMC,Kharif,11,2824.18,Grade C,0.73,17.27,7.43,True
Onion,Red,Vegetable,Punjab,Ludhiana,Ludhiana Mandi,Year-Round,3,4885.16,Grade A,0.73,21.06,15.52,True
Wheat,Common,Cereal,Uttar Pradesh,Agra,Agra Mandi,Rabi,6,4298.79,Grade C,0.95,28.44,24.11,True
Maize,Hybrid,Cereal,Karnataka,Bengaluru,Bengaluru APMC,Year-Round,9,1558.52,Grade C,1.6,23.16,29.48,True
Wheat,Common,Cereal,Uttar Pradesh,Agra,Agra Mandi,Kharif,8,1353.41,Grade B,0.66,24.19,17.05,True
Groundnut,Local,Oilseed,Punjab,Ludhiana,Ludhiana Mandi,Zaid,9,288.31,Grade A,1.68,56.88,109.55,True
Rice,Basmati,Cereal,Maharashtra,Nashik,Nashik APMC,Year-Round,7,2680.02,Grade A,1.61,71.65,131.76,True
Groundnut,Local,Oilseed,Gujarat,Rajkot,Rajkot APMC,Rabi,5,365.02,Grade C,1.6,50.92,74.9,True
Maize,Hybrid,Cereal,Punjab,Ludhiana,Ludhiana Mandi,Kharif,1,370.2,Grade B,1.75,20.03,32.93,True
Potato,Local,Vegetable,Maharashtra,Pune,Pune APMC,Year-Round,8,4743.14,Grade B,1.13,18.84,21.65,True
Rice,Common,Cereal,Madhya Pradesh,Indore,Indore Mandi,Year-Round,6,3944.41,Grade A,1.76,32.49,66.21,True
Groundnut,Local,Oilseed,Madhya Pradesh,Indore,Indore Mandi,Kharif,7,2064.51,Grade B,1.67,58.55,103.68,True
Potato,Local,Vegetable,Karnataka,Bengaluru,Bengaluru APMC,Rabi,1,3131.47,Grade C,1.16,16.15,11.81,True
Tomato,Hybrid,Vegetable,Punjab,Ludhiana,Ludhiana Mandi,Kharif,1,1134.39,Grade A,0.64,24.38,15.72,True
Green Chilli,Local,Spice,Punjab,Ludhiana,Ludhiana Mandi,Kharif,10,1502.77,Grade A,1.72,37.51,67.26,True
Maize,Hybrid,Cereal,Maharashtra,Nashik,Nashik APMC,Year-Round,11,2561.69,Grade B,1.65,25.35,38.03,True
Potato,Local,Vegetable,Maharashtra,Mumbai,Vashi APMC,Kharif,1,1979.87,Grade C,1.48,18.5,21.93,True
Mango,Local,Fruit,Punjab,Ludhiana,Ludhiana Mandi,Year-Round,10,4777.55,Grade A,1.59,65.75,101.97,True
Tomato,Desi,Vegetable,Maharashtra,Pune,Pune APMC,Rabi,1,2308.37,Grade B,1.04,19.66,17.54,True
Onion,Red,Vegetable,Maharashtra,Nashik,Nashik APMC,Kharif,3,1806.12,Grade B,1.73,24.16,39.95,True
Tomato,Desi,Vegetable,Maharashtra,Mumbai,Vashi APMC,Zaid,2,737.41,Grade B,0.74,19.52,12.78,True
Rice,Basmati,Cereal,Maharashtra,Mumbai,Vashi APMC,Kharif,6,4153.64,Grade C,1.79,78.35,126.27,True
Mango,Local,Fruit,Maharashtra,Mumbai,Vashi APMC,Zaid,10,4555.17,Grade B,1.57,64.09,82.19,True
Wheat,Common,Cereal,Maharashtra,Nashik,Nashik APMC,Rabi,6,4266.61,Grade C,1.08,28.18,25.53,True
Rice,Basmati,Cereal,Maharashtra,Pune,Pune APMC,Rabi,2,1951.99,Grade B,1.14,83.98,86.35,True
Rice,Common,Cereal,Gujarat,Rajkot,Rajkot APMC,Zaid,10,1881.76,Grade B,0.63,36.62,16.68,True
Tomato,Desi,Vegetable,Gujarat,Rajkot,Rajkot APMC,Year-Round,4,271.65,Grade B,1.51,19.75,30.68,True
Soybean,Local,Oilseed,Karnataka,Bengaluru,Bengaluru APMC,Rabi,11,1960.08,Grade B,1.55,41.88,60.34,True
Green Chilli,Local,Spice,Gujarat,Rajkot,Rajkot APMC,Rabi,8,4940.78,Grade C,1.14,37.41,35.87,True
Green Chilli,Local,Spice,Uttar Pradesh,Agra,Agra Mandi,Year-Round,3,4821.89,Grade C,1.06,36.49,28.31,True
Tomato,Desi,Vegetable,Uttar Pradesh,Agra,Agra Mandi,Zaid,5,1481.76,Grade A,1.68,21.12,42.43,True
Onion,Red,Vegetable,Maharashtra,Pune,Pune APMC,Year-Round,11,4807.62,Grade B,1.07,19.24,16.94,True
Onion,Red,Vegetable,Punjab,Ludhiana,Ludhiana Mandi,Kharif,2,883.27,Grade B,0.9,21.24,18.4,True
Tomato,Desi,Vegetable,Gujarat,Rajkot,Rajkot APMC,Kharif,1,2561.86,Grade A,1.41,21.02,30.21,True
Onion,Red,Vegetable,Maharashtra,Mumbai,Vashi APMC,Kharif,8,4998.58,Grade B,0.78,21.08,16.5,True
Tomato,Hybrid,Vegetable,Maharashtra,Mumbai,Vashi APMC,Year-Round,6,2868.42,Grade A,1.34,24.1,37.61,True
Mango,Local,Fruit,Punjab,Ludhiana,Ludhiana Mandi,Kharif,6,1177.36,Grade B,1.76,66.32,129.17,True
Mango,Local,Fruit,Uttar Pradesh,Agra,Agra Mandi,Kharif,7,667.86,Grade B,1.55,68.23,113.58,True
Mango,Local,Fruit,Uttar Pradesh,Agra,Agra Mandi,Kharif,10,4905.89,Grade C,1.18,66.33,60.93,True
Soybean,Local,Oilseed,Karnataka,Bengaluru,Bengaluru APMC,Rabi,8,2234.06,Grade B,1.33,44.2,60.48,True
Tomato,Hybrid,Vegetable,Maharashtra,Mumbai,Vashi APMC,Kharif,2,2245.11,Grade C,1.32,27.56,27.65,True
Potato,Local,Vegetable,Gujarat,Rajkot,Rajkot APMC,Zaid,4,65.68,Grade A,1.37,16.53,25.81,True
Rice,Basmati,Cereal,Maharashtra,Mumbai,Vashi APMC,Zaid,7,144.62,Grade A,1.17,81.74,124.18,True
Rice,Basmati,Cereal,Maharashtra,Pune,Pune APMC,Rabi,5,1825.64,Grade B,1.57,69.63,111.19,True
Maize,Hybrid,Cereal,Uttar Pradesh,Agra,Agra Mandi,Zaid,2,3400.27,Grade C,1.59,23.28,27.55,True
Tomato,Hybrid,Vegetable,Madhya Pradesh,Indore,Indore Mandi,Kharif,8,3856.17,Grade A,1.39,26.17,41.1,True
Tomato,Desi,Vegetable,Madhya Pradesh,Indore,Indore Mandi,Year-Round,2,434.36,Grade A,1.09,18.92,21.48,True
Potato,Local,Vegetable,Gujarat,Rajkot,Rajkot APMC,Zaid,2,80.14,Grade B,0.72,18.56,12.99,True
Tomato,Hybrid,Vegetable,Madhya Pradesh,Indore,Indore Mandi,Rabi,6,298.62,Grade B,0.69,21.78,15.78,True
Mango,Local,Fruit,Maharashtra,Pune,Pune APMC,Zaid,7,4649.68,Grade B,1.09,63.55,72.16,True
Green Chilli,Local,Spice,Madhya Pradesh,Indore,Indore Mandi,Kharif,5,216.66,Grade B,0.86,44.74,40.42,True
Tomato,Hybrid,Vegetable,Madhya Pradesh,Indore,Indore Mandi,Zaid,10,2950.03,Grade C,1.35,25.42,25.19,True
Tomato,Desi,Vegetable,Karnataka,Bengaluru,Bengaluru APMC,Rabi,8,1485.35,Grade C,1.28,18.89,22.5,True
Tomato,Desi,Vegetable,Maharashtra,Pune,Pune APMC,Year-Round,11,1394.16,Grade B,1.08,21.13,22.23,True
Rice,Basmati,Cereal,Uttar Pradesh,Agra,Agra Mandi,Kharif,2,2361.49,Grade A,1.01,76.11,73.54,True
Tomato,Desi,Vegetable,Karnataka,Bengaluru,Bengaluru APMC,Year-Round,3,2197.4,Grade B,1.69,20.62,31.88,True
Green Chilli,Local,Spice,Maharashtra,Nashik,Nashik APMC,Rabi,1,4654.35,Grade A,1.61,37.3,61.18,True
Green Chilli,Local,Spice,Punjab,Ludhiana,Ludhiana Mandi,Zaid,1,1428.28,Grade B,0.76,41.27,29.26,True
Maize,Hybrid,Cereal,Punjab,Ludhiana,Ludhiana Mandi,Year-Round,12,4997.36,Grade B,0.73,17.73,11.64,True
Maize,Hybrid,Cereal,Maharashtra,Mumbai,Vashi APMC,Zaid,3,1880.58,Grade A,0.66,21.2,16.46,True
Onion,Red,Vegetable,Madhya Pradesh,Indore,Indore Mandi,Rabi,9,4355.33,Grade A,1.48,24.02,37.49,True
Rice,Common,Cereal,Punjab,Ludhiana,Ludhiana Mandi,Kharif,8,4657.5,Grade A,0.75,35.39,28.89,True
Rice,Basmati,Cereal,Uttar Pradesh,Agra,Agra Mandi,Kharif,12,262.88,Grade C,1.4,78.09,92.8,True
Green Chilli,Local,Spice,Karnataka,Bengaluru,Bengaluru APMC,Zaid,5,4559.79,Grade C,1.61,40.56,55.32,True
Potato,Local,Vegetable,Maharashtra,Nashik,Nashik APMC,Zaid,1,4535.03,Grade B,0.92,18.89,15.52,True
Soybean,Local,Oilseed,Karnataka,Bengaluru,Bengaluru APMC,Rabi,4,2301.85,Grade B,0.92,43.41,38.1,True
Mango,Local,Fruit,Maharashtra,Mumbai,Vashi APMC,Rabi,11,1943.77,Grade A,1.04,63.64,66.04,True
Green Chilli,Local,Spice,Maharashtra,Nashik,Nashik APMC,Kharif,7,1773.07,Grade B,1.05,40.53,45.25,True
Potato,Local,Vegetable,Maharashtra,Nashik,Nashik APMC,Year-Round,1,3050.43,Grade C,0.95,17.32,12.12,True
Wheat,Common,Cereal,Maharashtra,Mumbai,Vashi APMC,Kharif,2,3036.29,Grade A,1.17,28.39,32.39,True
Onion,Red,Vegetable,Maharashtra,Pune,Pune APMC,Year-Round,5,2677.15,Grade C,1.38,23.48,30.33,True
Rice,Basmati,Cereal,Maharashtra,Nashik,Nashik APMC,Kharif,12,3117.69,Grade A,1.68,72.24,131.49,True
Potato,Local,Vegetable,Maharashtra,Mumbai,Vashi APMC,Kharif,8,4536.78,Grade C,0.8,19.62,13.35,True
Onion,Red,Vegetable,Uttar Pradesh,Agra,Agra Mandi,Year-Round,9,4456.2,Grade B,1.45,20.08,26.08,True
Tomato,Desi,Vegetable,Uttar Pradesh,Agra,Agra Mandi,Zaid,10,3414.12,Grade B,0.69,21.35,12.28,True
Tomato,Desi,Vegetable,Uttar Pradesh,Agra,Agra Mandi,Rabi,3,870.46,Grade A,1.13,20.72,25.77,True
Mango,Local,Fruit,Karnataka,Bengaluru,Bengaluru APMC,Rabi,4,4759.58,Grade A,1.79,56.69,111.01,True
Maize,Hybrid,Cereal,Maharashtra,Pune,Pune APMC,Zaid,6,3130.6,Grade A,1.78,22.97,48.73,True
Groundnut,Local,Oilseed,Punjab,Ludhiana,Ludhiana Mandi,Rabi,11,2631.23,Grade B,1.77,52.18,85.34,True
Wheat,Common,Cereal,Uttar Pradesh,Agra,Agra Mandi,Year-Round,1,2318.26,Grade A,1.54,28.69,47.51,True
Green Chilli,Local,Spice,Maharashtra,Pune,Pune APMC,Year-Round,12,1181.95,Grade A,1.36,37.77,54.35,True
Tomato,Desi,Vegetable,Madhya Pradesh,Indore,Indore Mandi,Year-Round,6,2172.08,Grade C,0.64,23.36,13.37,True
Soybean,Local,Oilseed,Karnataka,Bengaluru,Bengaluru APMC,Kharif,7,4601.68,Grade A,1.79,40.16,80.05,True
Green Chilli,Local,Spice,Uttar Pradesh,Agra,Agra Mandi,Zaid,7,2906.76,Grade A,1.03,37.81,47.98,True
Onion,Red,Vegetable,Punjab,Ludhiana,Ludhiana Mandi,Zaid,1,1239.97,Grade B,0.83,19.31,14.88,True
Maize,Hybrid,Cereal,Punjab,Ludhiana,Ludhiana Mandi,Rabi,6,4340.51,Grade C,0.94,22.19,18.91,True
Groundnut,Local,Oilseed,Gujarat,Rajkot,Rajkot APMC,Zaid,12,3805.94,Grade B,0.94,58.43,48.93,True
Rice,Common,Cereal,Maharashtra,Pune,Pune APMC,Year-Round,4,4124.65,Grade B,1.67,31.03,49.0,True
Wheat,Common,Cereal,Maharashtra,Nashik,Nashik APMC,Year-Round,7,212.41,Grade A,1.36,24.85,41.27,True
Potato,Local,Vegetable,Punjab,Ludhiana,Ludhiana Mandi,Kharif,8,4142.4,Grade B,0.66,19.3,12.98,True
Wheat,Common,Cereal,Maharashtra,Pune,Pune APMC,Year-Round,9,2343.3,Grade A,0.65,28.83,19.88,True
Green Chilli,Local,Spice,Uttar Pradesh,Agra,Agra Mandi,Kharif,9,353.59,Grade A,1.03,37.23,44.2,True
Rice,Common,Cereal,Uttar Pradesh,Agra,Agra Mandi,Kharif,3,4419.54,Grade A,0.66,33.34,20.66,True
Potato,Local,Vegetable,Madhya Pradesh,Indore,Indore Mandi,Year-Round,5,3807.39,Grade B,1.33,16.77,21.42,True
Maize,Hybrid,Cereal,Uttar Pradesh,Agra,Agra Mandi,Year-Round,6,2058.47,Grade C,0.86,22.45,19.35,True
Wheat,Common,Cereal,Maharashtra,Nashik,Nashik APMC,Year-Round,10,3561.14,Grade A,0.8,28.94,25.21,True
Groundnut,Local,Oilseed,Gujarat,Rajkot,Rajkot APMC,Rabi,1,3027.69,Grade B,0.96,59.27,52.99,True
Rice,Basmati,Cereal,Maharashtra,Nashik,Nashik APMC,Kharif,3,1877.94,Grade B,1.72,78.21,127.62,True
Rice,Common,Cereal,Maharashtra,Mumbai,Vashi APMC,Rabi,7,669.37,Grade C,1.62,34.43,51.33,True
Maize,Hybrid,Cereal,Punjab,Ludhiana,Ludhiana Mandi,Kharif,6,3342.47,Grade A,0.79,22.55,20.92,True
Rice,Common,Cereal,Gujarat,Rajkot,Rajkot APMC,Kharif,10,857.02,Grade A,1.54,33.01,56.54,True
Potato,Local,Vegetable,Maharashtra,Mumbai,Vashi APMC,Year-Round,10,3098.76,Grade A,1.61,18.19,28.89,True
Potato,Local,Vegetable,Uttar Pradesh,Agra,Agra Mandi,Kharif,8,305.76,Grade B,1.21,19.01,24.38,True
Potato,Local,Vegetable,Maharashtra,Mumbai,Vashi APMC,Year-Round,11,4333.21,Grade A,0.79,16.39,12.24,True
Wheat,Common,Cereal,Uttar Pradesh,Agra,Agra Mandi,Zaid,8,1289.82,Grade B,1.35,30.71,42.77,True
Potato,Local,Vegetable,Maharashtra,Mumbai,Vashi APMC,Rabi,8,306.59,Grade A,1.26,16.56,24.05,True
Groundnut,Local,Oilseed,Karnataka,Bengaluru,Bengaluru APMC,Kharif,5,3676.86,Grade C,1.09,52.64,44.1,True
Potato,Local,Vegetable,Uttar Pradesh,Agra,Agra Mandi,Kharif,7,4725.02,Grade A,1.37,19.61,32.57,True
Rice,Common,Cereal,Maharashtra,Mumbai,Vashi APMC,Year-Round,8,4952.29,Grade B,0.99,34.92,32.93,True
Soybean,Local,Oilseed,Maharashtra,Nashik,Nashik APMC,Rabi,5,4895.84,Grade C,1.27,46.23,46.69,True
Tomato,Hybrid,Vegetable,Maharashtra,Mumbai,Vashi APMC,Kharif,11,3047.14,Grade A,1.22,26.49,35.21,True
Wheat,Common,Cereal,Maharashtra,Pune,Pune APMC,Rabi,11,2997.03,Grade C,0.81,31.96,18.98,True
Potato,Local,Vegetable,Karnataka,Bengaluru,Bengaluru APMC,Zaid,5,124.8,Grade B,1.76,19.17,35.31,True
Tomato,Hybrid,Vegetable,Gujarat,Rajkot,Rajkot APMC,Year-Round,11,1391.93,Grade B,1.32,24.57,30.61,True
Rice,Basmati,Cereal,Karnataka,Bengaluru,Bengaluru APMC,Rabi,12,3156.06,Grade A,1.06,75.42,87.12,True
Potato,Local,Vegetable,Maharashtra,Nashik,Nashik APMC,Rabi,10,3710.07,Grade A,0.86,17.96,17.35,True
Groundnut,Local,Oilseed,Uttar Pradesh,Agra,Agra Mandi,Rabi,11,467.29,Grade A,1.57,56.15,97.23,True
Groundnut,Local,Oilseed,Maharashtra,Nashik,Nashik APMC,Zaid,8,1184.4,Grade A,1.26,60.37,92.52,True
Wheat,Common,Cereal,Madhya Pradesh,Indore,Indore Mandi,Kharif,4,118.04,Grade C,0.9,26.44,19.36,True
Tomato,Desi,Vegetable,Gujarat,Rajkot,Rajkot APMC,Zaid,3,1115.95,Grade B,1.32,17.25,22.65,True
Rice,Common,Cereal,Maharashtra,Pune,Pune APMC,Rabi,3,2492.83,Grade C,0.94,33.67,26.86,True
Rice,Basmati,Cereal,Maharashtra,Nashik,Nashik APMC,Zaid,8,388.87,Grade B,1.05,75.92,85.93,True
Maize,Hybrid,Cereal,Madhya Pradesh,Indore,Indore Mandi,Kharif,1,4481.96,Grade C,1.4,21.59,24.05,True
Soybean,Local,Oilseed,Maharashtra,Mumbai,Vashi APMC,Zaid,10,2522.19,Grade B,1.24,46.38,50.25,True
Tomato,Desi,Vegetable,Maharashtra,Pune,Pune APMC,Zaid,11,3014.28,Grade A,0.84,17.34,16.74,True
Groundnut,Local,Oilseed,Uttar Pradesh,Agra,Agra Mandi,Year-Round,1,3833.98,Grade C,1.09,49.47,42.44,True
Rice,Basmati,Cereal,Punjab,Ludhiana,Ludhiana Mandi,Year-Round,1,968.95,Grade B,1.4,75.81,99.49,True
Onion,Red,Vegetable,Maharashtra,Mumbai,Vashi APMC,Zaid,1,1583.54,Grade C,0.9,27.19,20.5,True
Green Chilli,Local,Spice,Punjab,Ludhiana,Ludhiana Mandi,Zaid,8,3957.0,Grade A,0.97,36.33,36.46,True
Soybean,Local,Oilseed,Maharashtra,Pune,Pune APMC,Zaid,1,557.71,Grade A,1.07,45.63,59.46,True
Rice,Basmati,Cereal,Maharashtra,Nashik,Nashik APMC,Rabi,7,4197.65,Grade B,1.63,72.66,125.82,True
Rice,Basmati,Cereal,Maharashtra,Nashik,Nashik APMC,Kharif,7,937.3,Grade B,1.43,72.5,110.8,True
Tomato,Hybrid,Vegetable,Madhya Pradesh,Indore,Indore Mandi,Year-Round,5,3675.39,Grade C,1.22,24.44,25.89,True
Soybean,Local,Oilseed,Madhya Pradesh,Indore,Indore Mandi,Year-Round,2,2620.16,Grade B,1.33,40.04,45.15,True
Mango,Local,Fruit,Gujarat,Rajkot,Rajkot APMC,Year-Round,9,2108.09,Grade C,1.11,74.73,67.45,True
Soybean,Local,Oilseed,Maharashtra,Nashik,Nashik APMC,Kharif,3,2756.09,Grade B,1.29,44.85,56.83,True
Rice,Common,Cereal,Gujarat,Rajkot,Rajkot APMC,Year-Round,7,615.71,Grade B,1.52,38.06,64.11,True
Rice,Common,Cereal,Punjab,Ludhiana,Ludhiana Mandi,Kharif,1,4293.68,Grade A,1.41,37.62,52.92,True
Groundnut,Local,Oilseed,Gujarat,Rajkot,Rajkot APMC,Rabi,9,3670.02,Grade A,1.44,54.01,85.69,True
Rice,Basmati,Cereal,Gujarat,Rajkot,Rajkot APMC,Kharif,3,1463.27,Grade B,1.24,82.99,96.06,True
Maize,Hybrid,Cereal,Punjab,Ludhiana,Ludhiana Mandi,Zaid,5,2078.21,Grade B,1.38,19.64,27.96,True
Wheat,Common,Cereal,Karnataka,Bengaluru,Bengaluru APMC,Zaid,9,4909.45,Grade A,1.14,28.66,33.89,True
Onion,Red,Vegetable,Gujarat,Rajkot,Rajkot APMC,Kharif,3,1139.55,Grade B,1.02,20.9,19.8,True
Onion,Red,Vegetable,Maharashtra,Mumbai,Vashi APMC,Year-Round,10,1782.23,Grade B,1.72,23.95,36.9,True
Tomato,Hybrid,Vegetable,Maharashtra,Nashik,Nashik APMC,Year-Round,2,3875.41,Grade B,1.26,27.79,30.24,True
Rice,Common,Cereal,Gujarat,Rajkot,Rajkot APMC,Rabi,3,3372.23,Grade B,1.34,32.98,40.49,True
Maize,Hybrid,Cereal,Madhya Pradesh,Indore,Indore Mandi,Year-Round,10,4545.73,Grade A,1.51,24.99,38.71,True
Onion,Red,Vegetable,Maharashtra,Pune,Pune APMC,Kharif,10,1569.18,Grade B,1.1,20.58,22.27,True
Wheat,Common,Cereal,Maharashtra,Mumbai,Vashi APMC,Kharif,11,4314.49,Grade A,1.64,30.11,51.36,True
Tomato,Hybrid,Vegetable,Maharashtra,Pune,Pune APMC,Rabi,3,4118.06,Grade A,1.39,23.68,34.5,True
Rice,Basmati,Cereal,Maharashtra,Nashik,Nashik APMC,Zaid,3,3200.05,Grade B,0.99,70.1,60.07,True
Soybean,Local,Oilseed,Uttar Pradesh,Agra,Agra Mandi,Kharif,7,1359.94,Grade B,1.39,46.99,71.3,True
Rice,Common,Cereal,Madhya Pradesh,Indore,Indore Mandi,Rabi,10,3509.8,Grade B,1.04,33.71,30.53,True
Rice,Basmati,Cereal,Uttar Pradesh,Agra,Agra Mandi,Kharif,3,4130.42,Grade C,1.36,77.24,80.62,True
Maize,Hybrid,Cereal,Gujarat,Rajkot,Rajkot APMC,Rabi,8,3694.33,Grade C,1.12,20.82,19.58,True
Wheat,Common,Cereal,Maharashtra,Mumbai,Vashi APMC,Kharif,6,519.84,Grade B,1.8,30.6,59.91,True
Soybean,Local,Oilseed,Maharashtra,Mumbai,Vashi APMC,Kharif,1,4807.74,Grade B,1.67,43.93,66.59,True
Mango,Local,Fruit,Gujarat,Rajkot,Rajkot APMC,Kharif,6,134.89,Grade A,1.7,59.63,133.83,True
Rice,Common,Cereal,Madhya Pradesh,Indore,Indore Mandi,Year-Round,3,4695.15,Grade B,1.1,30.37,26.92,True
Onion,Red,Vegetable,Punjab,Ludhiana,Ludhiana Mandi,Kharif,11,3396.82,Grade B,0.77,24.91,19.22,True
Rice,Common,Cereal,Gujarat,Rajkot,Rajkot APMC,Zaid,7,3111.71,Grade C,1.36,27.95,30.95,True
Tomato,Desi,Vegetable,Karnataka,Bengaluru,Bengaluru APMC,Rabi,4,4702.66,Grade C,1.2,21.5,20.22,True
Wheat,Common,Cereal,Madhya Pradesh,Indore,Indore Mandi,Zaid,5,319.23,Grade A,1.37,31.6,53.92,True
Rice,Common,Cereal,Karnataka,Bengaluru,Bengaluru APMC,Kharif,12,259.59,Grade A,1.3,36.78,53.49,True
Tomato,Desi,Vegetable,Karnataka,Bengaluru,Bengaluru APMC,Rabi,7,898.6,Grade B,1.14,23.05,27.92,True
Rice,Basmati,Cereal,Maharashtra,Mumbai,Vashi APMC,Year-Round,2,2884.41,Grade B,0.93,75.91,64.07,True
Wheat,Common,Cereal,Karnataka,Bengaluru,Bengaluru APMC,Year-Round,4,207.13,Grade B,1.11,28.44,31.0,True
Onion,Red,Vegetable,Madhya Pradesh,Indore,Indore Mandi,Year-Round,11,1095.6,Grade B,1.64,21.71,33.66,True
Green Chilli,Local,Spice,Madhya Pradesh,Indore,Indore Mandi,Year-Round,9,4986.33,Grade C,0.64,40.81,21.66,True
Rice,Common,Cereal,Maharashtra,Nashik,Nashik APMC,Year-Round,5,358.85,Grade C,1.0,35.96,33.31,True
Potato,Local,Vegetable,Uttar Pradesh,Agra,Agra Mandi,Zaid,7,1093.43,Grade B,0.88,15.51,14.48,True
Soybean,Local,Oilseed,Gujarat,Rajkot,Rajkot APMC,Year-Round,4,4866.73,Grade B,1.51,44.78,64.53,True
Wheat,Common,Cereal,Madhya Pradesh,Indore,Indore Mandi,Year-Round,8,1137.55,Grade A,0.62,26.99,21.27,True
Onion,Red,Vegetable,Punjab,Ludhiana,Ludhiana Mandi,Kharif,5,892.07,Grade A,1.68,23.5,49.81,True
Green Chilli,Local,Spice,Gujarat,Rajkot,Rajkot APMC,Rabi,8,3138.79,Grade B,0.93,37.29,34.08,True
Rice,Common,Cereal,Madhya Pradesh,Indore,Indore Mandi,Zaid,7,332.04,Grade A,1.1,39.87,54.55,True
Tomato,Desi,Vegetable,Maharashtra,Mumbai,Vashi APMC,Year-Round,10,1603.68,Grade B,1.25,19.55,23.08,True
Groundnut,Local,Oilseed,Punjab,Ludhiana,Ludhiana Mandi,Rabi,9,2488.22,Grade B,1.18,53.13,61.23,True
Potato,Local,Vegetable,Gujarat,Rajkot,Rajkot APMC,Rabi,7,2297.25,Grade A,1.51,17.65,31.9,True
Tomato,Hybrid,Vegetable,Maharashtra,Nashik,Nashik APMC,Kharif,9,2588.84,Grade B,1.64,25.79,39.2,True
Wheat,Common,Cereal,Maharashtra,Nashik,Nashik APMC,Kharif,6,701.69,Grade B,1.63,28.52,51.03,True
Potato,Local,Vegetable,Punjab,Ludhiana,Ludhiana Mandi,Rabi,6,3039.06,Grade C,1.29,15.06,18.21,True
Rice,Basmati,Cereal,Uttar Pradesh,Agra,Agra Mandi,Year-Round,3,4475.23,Grade B,1.0,78.12,75.1,True
Green Chilli,Local,Spice,Uttar Pradesh,Agra,Agra Mandi,Year-Round,9,1300.6,Grade B,1.22,48.09,57.25,True
Onion,Red,Vegetable,Punjab,Ludhiana,Ludhiana Mandi,Kharif,2,314.9,Grade C,1.05,20.65,15.88,True
Tomato,Hybrid,Vegetable,Madhya Pradesh,Indore,Indore Mandi,Kharif,10,1223.57,Grade A,1.74,25.28,47.1,True
Groundnut,Local,Oilseed,Maharashtra,Pune,Pune APMC,Zaid,7,81.85,Grade C,1.53,58.8,88.16,True
Rice,Basmati,Cereal,Maharashtra,Pune,Pune APMC,Zaid,7,4679.1,Grade B,1.05,73.7,85.26,True
Groundnut,Local,Oilseed,Punjab,Ludhiana,Ludhiana Mandi,Rabi,7,3250.67,Grade A,0.87,53.34,60.46,True
Mango,Local,Fruit,Madhya Pradesh,Indore,Indore Mandi,Kharif,4,1428.43,Grade A,1.62,68.38,128.69,True
Maize,Hybrid,Cereal,Gujarat,Rajkot,Rajkot APMC,Zaid,9,3061.18,Grade B,0.94,21.27,17.15,True
Wheat,Common,Cereal,Maharashtra,Pune,Pune APMC,Rabi,7,671.16,Grade A,1.53,29.69,55.13,True
Green Chilli,Local,Spice,Gujarat,Rajkot,Rajkot APMC,Zaid,6,377.52,Grade C,0.62,40.31,26.2,True
Maize,Hybrid,Cereal,Maharashtra,Nashik,Nashik APMC,Zaid,8,199.01,Grade B,1.75,22.89,42.11,True
Mango,Local,Fruit,Maharashtra,Mumbai,Vashi APMC,Kharif,8,1621.87,Grade B,1.62,60.38,102.48,True
Groundnut,Local,Oilseed,Karnataka,Bengaluru,Bengaluru APMC,Rabi,10,3594.45,Grade B,1.45,50.21,60.0,True
Wheat,Common,Cereal,Gujarat,Rajkot,Rajkot APMC,Zaid,10,1749.76,Grade C,1.6,29.43,36.04,True
Mango,Local,Fruit,Maharashtra,Mumbai,Vashi APMC,Kharif,8,2996.3,Grade A,0.78,64.71,58.87,True
Tomato,Desi,Vegetable,Maharashtra,Mumbai,Vashi APMC,Rabi,6,3326.47,Grade A,1.5,20.75,38.94,True
Potato,Local,Vegetable,Gujarat,Rajkot,Rajkot APMC,Kharif,11,325.25,Grade A,0.61,18.92,11.65,True
Soybean,Local,Oilseed,Madhya Pradesh,Indore,Indore Mandi,Rabi,2,4483.04,Grade C,1.69,49.09,57.2,True
Tomato,Hybrid,Vegetable,Uttar Pradesh,Agra,Agra Mandi,Kharif,3,1743.43,Grade B,1.12,25.46,28.56,True
Rice,Basmati,Cereal,Punjab,Ludhiana,Ludhiana Mandi,Zaid,4,3682.72,Grade C,1.36,64.17,75.24,True
Rice,Basmati,Cereal,Maharashtra,Nashik,Nashik APMC,Zaid,7,3310.37,Grade A,1.72,76.58,160.36,True
Rice,Common,Cereal,Gujarat,Rajkot,Rajkot APMC,Zaid,10,1667.63,Grade B,0.61,36.31,21.01,True
Green Chilli,Local,Spice,Maharashtra,Pune,Pune APMC,Kharif,5,637.61,Grade A,1.78,44.85,99.09,True
Mango,Local,Fruit,Maharashtra,Mumbai,Vashi APMC,Rabi,12,561.16,Grade C,0.81,55.93,39.21,True
Rice,Basmati,Cereal,Karnataka,Bengaluru,Bengaluru APMC,Rabi,7,4850.13,Grade B,1.12,72.42,81.54,True
Onion,Red,Vegetable,Maharashtra,Nashik,Nashik APMC,Year-Round,6,1171.28,Grade B,1.34,22.86,31.8,True
Rice,Basmati,Cereal,Maharashtra,Pune,Pune APMC,Kharif,6,2412.88,Grade B,1.02,81.92,87.12,True
Tomato,Hybrid,Vegetable,Uttar Pradesh,Agra,Agra Mandi,Rabi,6,2360.13,Grade A,1.18,24.1,35.59,True
Wheat,Common,Cereal,Punjab,Ludhiana,Ludhiana Mandi,Zaid,11,3918.45,Grade C,0.93,26.81,19.07,True
Rice,Common,Cereal,Maharashtra,Nashik,Nashik APMC,Rabi,5,1593.42,Grade A,0.9,38.33,44.17,True
Onion,Red,Vegetable,Maharashtra,Nashik,Nashik APMC,Kharif,7,2117.45,Grade B,0.74,23.07,18.16,True
Mango,Local,Fruit,Maharashtra,Mumbai,Vashi APMC,Kharif,4,2775.78,Grade B,1.08,67.1,71.2,True
Tomato,Hybrid,Vegetable,Madhya Pradesh,Indore,Indore Mandi,Zaid,3,1806.74,Grade C,1.1,27.31,25.24,True
Onion,Red,Vegetable,Gujarat,Rajkot,Rajkot APMC,Zaid,4,2124.96,Grade A,0.8,22.27,21.13,True
Rice,Basmati,Cereal,Gujarat,Rajkot,Rajkot APMC,Year-Round,9,1599.6,Grade C,1.6,74.7,93.98,True
Rice,Common,Cereal,Maharashtra,Pune,Pune APMC,Kharif,3,502.3,Grade B,0.98,31.73,25.85,True
Rice,Common,Cereal,Punjab,Ludhiana,Ludhiana Mandi,Rabi,10,1223.87,Grade B,0.73,35.01,26.2,True
Soybean,Local,Oilseed,Maharashtra,Pune,Pune APMC,Zaid,9,1576.92,Grade B,1.29,44.19,53.91,True
Potato,Local,Vegetable,Maharashtra,Pune,Pune APMC,Zaid,4,1655.51,Grade B,0.88,18.65,15.86,True
Wheat,Common,Cereal,Uttar Pradesh,Agra,Agra Mandi,Zaid,4,1942.15,Grade C,1.34,31.33,34.65,True
Maize,Hybrid,Cereal,Karnataka,Bengaluru,Bengaluru APMC,Year-Round,1,2183.37,Grade B,0.97,21.65,20.12,True
Onion,Red,Vegetable,Gujarat,Rajkot,Rajkot APMC,Zaid,12,695.98,Grade B,1.28,24.45,29.95,True
Soybean,Local,Oilseed,Maharashtra,Nashik,Nashik APMC,Rabi,7,4034.57,Grade A,0.66,43.34,31.15,True
Soybean,Local,Oilseed,Maharashtra,Mumbai,Vashi APMC,Zaid,5,4743.85,Grade A,0.97,41.74,44.08,True
Tomato,Desi,Vegetable,Karnataka,Bengaluru,Bengaluru APMC,Kharif,6,1107.81,Grade B,1.1,18.89,23.8,True
Soybean,Local,Oilseed,Karnataka,Bengaluru,Bengaluru APMC,Year-Round,7,80.97,Grade A,0.67,53.74,48.4,True
Wheat,Common,Cereal,Madhya Pradesh,Indore,Indore Mandi,Zaid,8,511.32,Grade A,1.09,26.95,34.31,True
Tomato,Hybrid,Vegetable,Gujarat,Rajkot,Rajkot APMC,Year-Round,5,495.09,Grade C,0.83,25.28,18.44,True
Green Chilli,Local,Spice,Uttar Pradesh,Agra,Agra Mandi,Zaid,10,3330.84,Grade A,1.64,42.57,72.27,True
Onion,Red,Vegetable,Madhya Pradesh,Indore,Indore Mandi,Rabi,10,1082.51,Grade B,0.96,22.18,20.53,True
Maize,Hybrid,Cereal,Uttar Pradesh,Agra,Agra Mandi,Zaid,6,671.55,Grade A,0.81,22.55,24.54,True
Potato,Local,Vegetable,Madhya Pradesh,Indore,Indore Mandi,Rabi,6,1336.15,Grade A,1.66,17.55,37.07,True
Rice,Common,Cereal,Maharashtra,Mumbai,Vashi APMC,Zaid,4,3378.3,Grade B,1.59,37.74,57.98,True
Tomato,Desi,Vegetable,Punjab,Ludhiana,Ludhiana Mandi,Year-Round,11,1834.35,Grade B,1.41,19.4,25.09,True
Soybean,Local,Oilseed,Maharashtra,Nashik,Nashik APMC,Rabi,4,4887.54,Grade B,1.55,48.21,74.24,True
Potato,Local,Vegetable,Madhya Pradesh,Indore,Indore Mandi,Kharif,11,2085.39,Grade B,1.11,19.03,17.74,True
Rice,Common,Cereal,Punjab,Ludhiana,Ludhiana Mandi,Zaid,1,689.41,Grade B,0.72,36.56,28.91,True
Mango,Local,Fruit,Madhya Pradesh,Indore,Indore Mandi,Kharif,12,1015.29,Grade C,1.38,68.44,79.15,True
Soybean,Local,Oilseed,Gujarat,Rajkot,Rajkot APMC,Year-Round,10,1474.76,Grade A,0.71,41.38,30.05,True
Soybean,Local,Oilseed,Karnataka,Bengaluru,Bengaluru APMC,Rabi,8,3748.04,Grade A,0.86,48.86,47.67,True
Groundnut,Local,Oilseed,Maharashtra,Mumbai,Vashi APMC,Kharif,10,2991.0,Grade C,1.09,60.26,50.66,True
Onion,Red,Vegetable,Madhya Pradesh,Indore,Indore Mandi,Year-Round,3,2763.32,Grade B,0.81,23.77,16.08,True
Tomato,Desi,Vegetable,Punjab,Ludhiana,Ludhiana Mandi,Zaid,12,871.21,Grade C,0.63,21.15,8.8,True
Green Chilli,Local,Spice,Maharashtra,Pune,Pune APMC,Year-Round,10,2062.62,Grade A,0.77,36.81,31.45,True
Onion,Red,Vegetable,Gujarat,Rajkot,Rajkot APMC,Kharif,4,3091.7,Grade A,1.3,23.48,32.7,True
Groundnut,Local,Oilseed,Punjab,Ludhiana,Ludhiana Mandi,Year-Round,3,2987.63,Grade A,0.62,51.02,36.06,True
Rice,Common,Cereal,Uttar Pradesh,Agra,Agra Mandi,Kharif,12,4625.06,Grade A,1.15,29.37,35.0,True
Groundnut,Local,Oilseed,Karnataka,Bengaluru,Bengaluru APMC,Zaid,11,1528.98,Grade B,1.67,49.93,78.09,True
Rice,Common,Cereal,Gujarat,Rajkot,Rajkot APMC,Year-Round,4,2850.44,Grade C,1.22,35.28,33.72,True
Rice,Basmati,Cereal,Maharashtra,Pune,Pune APMC,Kharif,11,1239.48,Grade C,0.71,71.23,39.16,True
Groundnut,Local,Oilseed,Madhya Pradesh,Indore,Indore Mandi,Zaid,11,2682.77,Grade C,1.65,52.53,69.72,True
Tomato,Hybrid,Vegetable,Maharashtra,Nashik,Nashik APMC,Rabi,6,2981.89,Grade B,1.43,27.7,40.76,True
Green Chilli,Local,Spice,Maharashtra,Mumbai,Vashi APMC,Year-Round,4,3779.69,Grade B,1.65,45.64,71.0,True
Groundnut,Local,Oilseed,Punjab,Ludhiana,Ludhiana Mandi,Kharif,6,1572.27,Grade A,1.19,52.2,79.43,True
Wheat,Common,Cereal,Karnataka,Bengaluru,Bengaluru APMC,Year-Round,3,2418.53,Grade C,1.3,26.09,26.46,True
Potato,Local,Vegetable,Gujarat,Rajkot,Rajkot APMC,Zaid,7,1207.02,Grade C,1.37,20.84,26.03,True
Onion,Red,Vegetable,Uttar Pradesh,Agra,Agra Mandi,Kharif,1,4886.31,Grade B,1.25,20.77,23.97,True
Potato,Local,Vegetable,Punjab,Ludhiana,Ludhiana Mandi,Kharif,8,4624.33,Grade A,1.77,17.26,34.72,True
Onion,Red,Vegetable,Uttar Pradesh,Agra,Agra Mandi,Year-Round,1,3396.72,Grade A,0.97,23.44,20.83,True
Rice,Common,Cereal,Maharashtra,Pune,Pune APMC,Year-Round,9,1920.3,Grade B,0.67,35.22,18.51,True
Potato,Local,Vegetable,Uttar Pradesh,Agra,Agra Mandi,Year-Round,4,2033.49,Grade C,0.74,17.69,11.75,True
Soybean,Local,Oilseed,Maharashtra,Mumbai,Vashi APMC,Zaid,6,3258.76,Grade B,0.67,46.44,32.87,True
Maize,Hybrid,Cereal,Maharashtra,Pune,Pune APMC,Rabi,2,2037.24,Grade A,1.01,21.51,20.99,True
Tomato,Desi,Vegetable,Karnataka,Bengaluru,Bengaluru APMC,Kharif,6,339.9,Grade B,1.26,21.59,30.52,True
Potato,Local,Vegetable,Gujarat,Rajkot,Rajkot APMC,Kharif,4,2724.38,Grade A,0.7,19.24,15.06,True
Tomato,Desi,Vegetable,Karnataka,Bengaluru,Bengaluru APMC,Year-Round,3,799.66,Grade C,1.12,18.79,17.07,True
Soybean,Local,Oilseed,Gujarat,Rajkot,Rajkot APMC,Zaid,6,2410.35,Grade B,1.36,46.77,69.09,True
Green Chilli,Local,Spice,Madhya Pradesh,Indore,Indore Mandi,Zaid,10,4939.36,Grade B,0.99,44.93,35.31,True
Wheat,Common,Cereal,Uttar Pradesh,Agra,Agra Mandi,Zaid,5,101.94,Grade B,1.67,28.89,51.31,True
Groundnut,Local,Oilseed,Madhya Pradesh,Indore,Indore Mandi,Kharif,12,4081.21,Grade C,0.94,54.23,36.12,True
Onion,Red,Vegetable,Madhya Pradesh,Indore,Indore Mandi,Kharif,2,3017.33,Grade A,1.68,19.72,32.35,True
Tomato,Hybrid,Vegetable,Karnataka,Bengaluru,Bengaluru APMC,Zaid,11,4140.39,Grade A,1.31,27.28,35.6,True
Rice,Basmati,Cereal,Maharashtra,Pune,Pune APMC,Year-Round,10,3932.81,Grade C,1.32,78.13,75.55,True
Rice,Common,Cereal,Karnataka,Bengaluru,Bengaluru APMC,Year-Round,7,2417.76,Grade A,0.63,36.22,28.22,True
Green Chilli,Local,Spice,Maharashtra,Pune,Pune APMC,Kharif,10,2737.84,Grade B,1.05,41.38,37.34,True
Potato,Local,Vegetable,Uttar Pradesh,Agra,Agra Mandi,Year-Round,3,4423.65,Grade A,0.92,17.83,15.41,True
Potato,Local,Vegetable,Punjab,Ludhiana,Ludhiana Mandi,Zaid,7,2626.22,Grade A,1.79,17.07,35.9,True
Green Chilli,Local,Spice,Maharashtra,Nashik,Nashik APMC,Zaid,6,4120.58,Grade A,1.68,31.52,65.45,True
Soybean,Local,Oilseed,Maharashtra,Mumbai,Vashi APMC,Year-Round,8,2285.25,Grade C,1.72,47.83,72.58,True
Onion,Red,Vegetable,Maharashtra,Nashik,Nashik APMC,Zaid,5,4747.45,Grade C,0.77,23.72,13.11,True
Tomato,Desi,Vegetable,Maharashtra,Mumbai,Vashi APMC,Year-Round,12,3227.01,Grade A,1.09,15.77,17.8,True
Onion,Red,Vegetable,Karnataka,Bengaluru,Bengaluru APMC,Kharif,9,537.2,Grade A,1.75,24.69,48.9,True
Rice,Common,Cereal,Uttar Pradesh,Agra,Agra Mandi,Kharif,9,302.33,Grade A,1.34,36.13,51.88,True
Tomato,Desi,Vegetable,Madhya Pradesh,Indore,Indore Mandi,Zaid,2,3157.34,Grade B,1.38,19.26,23.82,True
Soybean,Local,Oilseed,Uttar Pradesh,Agra,Agra Mandi,Rabi,12,2474.86,Grade C,1.36,47.44,54.33,True
Wheat,Common,Cereal,Uttar Pradesh,Agra,Agra Mandi,Zaid,7,1399.62,Grade A,1.48,28.88,49.35,True
Onion,Red,Vegetable,Punjab,Ludhiana,Ludhiana Mandi,Rabi,10,4456.18,Grade A,1.38,25.46,34.45,True
Rice,Common,Cereal,Karnataka,Bengaluru,Bengaluru APMC,Rabi,12,3393.51,Grade A,1.08,33.37,35.81,True
Rice,Common,Cereal,Maharashtra,Mumbai,Vashi APMC,Zaid,11,1781.78,Grade B,0.89,31.9,27.29,True
Groundnut,Local,Oilseed,Punjab,Ludhiana,Ludhiana Mandi,Year-Round,3,4146.12,Grade A,0.91,52.38,48.32,True
Groundnut,Local,Oilseed,Uttar Pradesh,Agra,Agra Mandi,Zaid,9,3991.41,Grade B,1.48,53.85,78.58,True
Rice,Common,Cereal,Karnataka,Bengaluru,Bengaluru APMC,Kharif,12,3016.53,Grade C,1.22,29.85,28.45,True
Rice,Basmati,Cereal,Uttar Pradesh,Agra,Agra Mandi,Kharif,2,4710.3,Grade A,0.81,69.65,54.68,True
Tomato,Desi,Vegetable,Gujarat,Rajkot,Rajkot APMC,Kharif,8,2630.82,Grade A,1.68,20.37,40.22,True
Maize,Hybrid,Cereal,Gujarat,Rajkot,Rajkot APMC,Rabi,7,2176.88,Grade B,1.5,22.25,36.02,True
Potato,Local,Vegetable,Maharashtra,Nashik,Nashik APMC,Rabi,8,1271.94,Grade A,0.97,21.06,25.24,True
Soybean,Local,Oilseed,Uttar Pradesh,Agra,Agra Mandi,Year-Round,11,484.55,Grade C,0.81,39.64,26.16,True
Mango,Local,Fruit,Gujarat,Rajkot,Rajkot APMC,Year-Round,4,3264.43,Grade A,1.4,64.44,102.16,True
Onion,Red,Vegetable,Madhya Pradesh,Indore,Indore Mandi,Rabi,4,4984.9,Grade C,1.46,23.14,26.55,True
Maize,Hybrid,Cereal,Uttar Pradesh,Agra,Agra Mandi,Kharif,5,733.72,Grade A,1.63,25.61,51.09,True
Soybean,Local,Oilseed,Karnataka,Bengaluru,Bengaluru APMC,Year-Round,7,1597.36,Grade A,1.09,47.01,63.17,True
Soybean,Local,Oilseed,Maharashtra,Mumbai,Vashi APMC,Kharif,9,801.84,Grade B,0.99,44.73,43.79,True
Mango,Local,Fruit,Maharashtra,Pune,Pune APMC,Zaid,10,778.77,Grade B,0.85,70.38,50.74,True
Rice,Basmati,Cereal,Maharashtra,Mumbai,Vashi APMC,Year-Round,8,4134.8,Grade A,1.55,81.71,137.91,True
Tomato,Hybrid,Vegetable,Maharashtra,Mumbai,Vashi APMC,Rabi,3,3950.45,Grade B,1.68,26.6,38.76,True
Tomato,Desi,Vegetable,Karnataka,Bengaluru,Bengaluru APMC,Year-Round,10,2752.32,Grade C,1.71,20.5,26.87,True
Onion,Red,Vegetable,Maharashtra,Nashik,Nashik APMC,Rabi,7,4273.98,Grade B,0.99,22.27,21.87,True
Groundnut,Local,Oilseed,Maharashtra,Pune,Pune APMC,Zaid,2,365.24,Grade A,0.81,54.94,46.38,True
Green Chilli,Local,Spice,Uttar Pradesh,Agra,Agra Mandi,Year-Round,11,4069.13,Grade A,1.73,42.61,74.02,True
Maize,Hybrid,Cereal,Punjab,Ludhiana,Ludhiana Mandi,Kharif,8,3404.73,Grade B,0.9,21.89,19.36,True
Wheat,Common,Cereal,Madhya Pradesh,Indore,Indore Mandi,Zaid,6,486.35,Grade C,0.83,29.21,24.23,True
Tomato,Hybrid,Vegetable,Maharashtra,Pune,Pune APMC,Zaid,9,1573.98,Grade B,1.17,23.47,23.07,True
Tomato,Hybrid,Vegetable,Karnataka,Bengaluru,Bengaluru APMC,Year-Round,2,2068.5,Grade A,1.66,27.13,47.49,True
Wheat,Common,Cereal,Madhya Pradesh,Indore,Indore Mandi,Zaid,9,704.83,Grade B,1.77,27.8,47.73,True
Tomato,Desi,Vegetable,Uttar Pradesh,Agra,Agra Mandi,Zaid,9,899.4,Grade A,0.8,19.18,16.94,True
Maize,Hybrid,Cereal,Uttar Pradesh,Agra,Agra Mandi,Rabi,6,2396.33,Grade C,1.14,22.16,24.1,True
Onion,Red,Vegetable,Punjab,Ludhiana,Ludhiana Mandi,Kharif,3,4480.53,Grade B,1.62,20.52,29.8,True
Soybean,Local,Oilseed,Madhya Pradesh,Indore,Indore Mandi,Rabi,7,1638.23,Grade C,1.32,44.99,53.75,True
Onion,Red,Vegetable,Gujarat,Rajkot,Rajkot APMC,Year-Round,5,1061.0,Grade A,1.1,20.74,28.31,True
Rice,Basmati,Cereal,Maharashtra,Mumbai,Vashi APMC,Rabi,7,4647.6,Grade C,1.12,75.2,68.54,True
Tomato,Desi,Vegetable,Maharashtra,Mumbai,Vashi APMC,Zaid,1,3607.65,Grade B,0.73,22.0,13.71,True
Tomato,Hybrid,Vegetable,Punjab,Ludhiana,Ludhiana Mandi,Zaid,10,4393.39,Grade B,1.53,24.81,32.87,True
Tomato,Desi,Vegetable,Maharashtra,Pune,Pune APMC,Year-Round,8,1637.59,Grade C,1.27,21.46,22.82,True
Onion,Red,Vegetable,Uttar Pradesh,Agra,Agra Mandi,Kharif,11,1372.02,Grade C,1.24,21.27,21.87,True
Soybean,Local,Oilseed,Maharashtra,Mumbai,Vashi APMC,Year-Round,4,4146.24,Grade C,0.6,41.17,17.93,True
Wheat,Common,Cereal,Gujarat,Rajkot,Rajkot APMC,Zaid,6,2799.97,Grade A,0.95,23.9,25.89,True
Rice,Basmati,Cereal,Maharashtra,Mumbai,Vashi APMC,Year-Round,3,1684.27,Grade C,0.73,68.66,35.55,True
Rice,Common,Cereal,Maharashtra,Nashik,Nashik APMC,Zaid,6,3603.77,Grade B,0.94,34.74,31.68,True
Green Chilli,Local,Spice,Punjab,Ludhiana,Ludhiana Mandi,Year-Round,6,115.48,Grade A,1.21,39.47,61.8,True
Rice,Common,Cereal,Karnataka,Bengaluru,Bengaluru APMC,Zaid,4,3784.96,Grade C,1.13,39.6,37.18,True
Tomato,Desi,Vegetable,Punjab,Ludhiana,Ludhiana Mandi,Kharif,6,3290.89,Grade B,1.09,18.73,21.7,True
Soybean,Local,Oilseed,Uttar Pradesh,Agra,Agra Mandi,Zaid,1,247.07,Grade A,0.93,43.62,43.82,True
Rice,Common,Cereal,Gujarat,Rajkot,Rajkot APMC,Zaid,2,3829.4,Grade C,0.73,34.87,18.7,True
Soybean,Local,Oilseed,Maharashtra,Mumbai,Vashi APMC,Zaid,2,2278.9,Grade B,1.24,47.59,53.04,True
Tomato,Desi,Vegetable,Maharashtra,Mumbai,Vashi APMC,Zaid,4,3196.44,Grade C,1.03,20.48,16.04,True
Onion,Red,Vegetable,Punjab,Ludhiana,Ludhiana Mandi,Rabi,1,1023.61,Grade A,0.88,23.72,20.83,True
Wheat,Common,Cereal,Gujarat,Rajkot,Rajkot APMC,Kharif,11,3577.69,Grade B,0.83,23.07,13.85,True
Onion,Red,Vegetable,Maharashtra,Pune,Pune APMC,Zaid,9,3435.16,Grade B,0.63,20.05,12.79,True
Soybean,Local,Oilseed,Maharashtra,Nashik,Nashik APMC,Kharif,5,1964.7,Grade A,0.7,43.37,34.45,True
Tomato,Hybrid,Vegetable,Gujarat,Rajkot,Rajkot APMC,Kharif,9,1265.48,Grade C,1.57,23.44,29.49,True
Tomato,Desi,Vegetable,Gujarat,Rajkot,Rajkot APMC,Rabi,11,1239.09,Grade A,1.13,19.32,23.28,True
Tomato,Hybrid,Vegetable,Maharashtra,Pune,Pune APMC,Rabi,5,3016.9,Grade A,0.84,25.0,24.29,True
Wheat,Common,Cereal,Gujarat,Rajkot,Rajkot APMC,Zaid,9,1604.52,Grade C,1.2,28.91,27.54,True
Soybean,Local,Oilseed,Karnataka,Bengaluru,Bengaluru APMC,Rabi,10,1345.67,Grade B,1.35,43.43,54.67,True
Tomato,Hybrid,Vegetable,Maharashtra,Pune,Pune APMC,Zaid,1,2182.75,Grade B,0.97,26.73,24.38,True
Soybean,Local,Oilseed,Maharashtra,Mumbai,Vashi APMC,Year-Round,5,3026.85,Grade B,1.01,42.96,44.15,True
Rice,Basmati,Cereal,Uttar Pradesh,Agra,Agra Mandi,Kharif,10,359.41,Grade A,1.06,68.82,87.29,True
Rice,Basmati,Cereal,Gujarat,Rajkot,Rajkot APMC,Year-Round,9,1134.67,Grade A,0.74,72.6,68.64,True
Maize,Hybrid,Cereal,Punjab,Ludhiana,Ludhiana Mandi,Year-Round,4,2680.22,Grade A,1.07,24.16,29.2,True
Tomato,Hybrid,Vegetable,Karnataka,Bengaluru,Bengaluru APMC,Rabi,8,3419.33,Grade B,1.4,19.5,27.23,True
Wheat,Common,Cereal,Maharashtra,Pune,Pune APMC,Rabi,7,1969.09,Grade C,0.77,29.46,20.98,True
Potato,Local,Vegetable,Madhya Pradesh,Indore,Indore Mandi,Year-Round,4,2120.54,Grade B,0.97,18.04,17.75,True
Onion,Red,Vegetable,Uttar Pradesh,Agra,Agra Mandi,Rabi,11,3089.96,Grade A,0.99,22.43,21.52,True
Potato,Local,Vegetable,Uttar Pradesh,Agra,Agra Mandi,Year-Round,11,467.11,Grade C,1.03,16.33,14.43,True
Potato,Local,Vegetable,Maharashtra,Pune,Pune APMC,Kharif,5,639.58,Grade B,0.77,18.22,13.31,True
Wheat,Common,Cereal,Punjab,Ludhiana,Ludhiana Mandi,Kharif,8,4646.55,Grade B,1.49,25.57,35.55,True
Soybean,Local,Oilseed,Karnataka,Bengaluru,Bengaluru APMC,Rabi,2,311.49,Grade B,1.47,43.68,57.12,True
Potato,Local,Vegetable,Maharashtra,Nashik,Nashik APMC,Year-Round,10,872.96,Grade A,1.06,18.5,20.91,True
Green Chilli,Local,Spice,Maharashtra,Mumbai,Vashi APMC,Rabi,10,2979.0,Grade A,0.83,43.57,39.78,True
Mango,Local,Fruit,Maharashtra,Nashik,Nashik APMC,Rabi,11,725.03,Grade B,1.47,61.93,88.61,True
Onion,Red,Vegetable,Punjab,Ludhiana,Ludhiana Mandi,Rabi,6,3762.27,Grade B,1.57,21.57,36.02,True
Maize,Hybrid,Cereal,Maharashtra,Nashik,Nashik APMC,Rabi,6,4319.32,Grade B,0.98,22.24,21.9,True
Rice,Basmati,Cereal,Gujarat,Rajkot,Rajkot APMC,Zaid,8,1719.47,Grade A,0.82,72.94,63.12,True
Tomato,Hybrid,Vegetable,Maharashtra,Mumbai,Vashi APMC,Rabi,9,2311.25,Grade A,1.61,24.36,41.52,True
Maize,Hybrid,Cereal,Karnataka,Bengaluru,Bengaluru APMC,Rabi,10,2357.95,Grade A,1.55,19.46,29.0,True
Rice,Common,Cereal,Punjab,Ludhiana,Ludhiana Mandi,Zaid,8,4721.7,Grade A,0.9,34.37,32.89,True
Onion,Red,Vegetable,Maharashtra,Mumbai,Vashi APMC,Zaid,6,3286.24,Grade B,1.02,23.57,25.46,True
Green Chilli,Local,Spice,Maharashtra,Pune,Pune APMC,Zaid,11,4349.36,Grade B,1.28,34.15,38.89,True
Maize,Hybrid,Cereal,Karnataka,Bengaluru,Bengaluru APMC,Rabi,5,1485.72,Grade B,0.84,20.68,17.62,True
Mango,Local,Fruit,Gujarat,Rajkot,Rajkot APMC,Rabi,8,900.97,Grade A,1.26,59.47,86.59,True
Wheat,Common,Cereal,Maharashtra,Mumbai,Vashi APMC,Rabi,12,4535.86,Grade B,1.49,30.53,41.16,True
Mango,Local,Fruit,Maharashtra,Pune,Pune APMC,Zaid,10,4262.21,Grade B,1.02,62.6,56.56,True
Green Chilli,Local,Spice,Maharashtra,Mumbai,Vashi APMC,Rabi,9,699.88,Grade B,0.97,42.44,42.03,True
Onion,Red,Vegetable,Punjab,Ludhiana,Ludhiana Mandi,Rabi,11,3494.19,Grade B,1.73,21.98,34.09,True
Tomato,Hybrid,Vegetable,Maharashtra,Mumbai,Vashi APMC,Zaid,7,4762.87,Grade A,1.01,23.83,29.25,True
Mango,Local,Fruit,Karnataka,Bengaluru,Bengaluru APMC,Rabi,1,479.2,Grade C,1.25,63.93,66.38,True
Wheat,Common,Cereal,Maharashtra,Mumbai,Vashi APMC,Kharif,2,3769.55,Grade C,1.73,25.54,33.94,True
Soybean,Local,Oilseed,Uttar Pradesh,Agra,Agra Mandi,Year-Round,7,3519.0,Grade B,1.52,47.34,75.41,True
Green Chilli,Local,Spice,Punjab,Ludhiana,Ludhiana Mandi,Zaid,10,1557.23,Grade A,1.78,44.32,84.4,True
Maize,Hybrid,Cereal,Madhya Pradesh,Indore,Indore Mandi,Year-Round,5,2200.93,Grade A,1.64,20.81,39.32,True
Maize,Hybrid,Cereal,Uttar Pradesh,Agra,Agra Mandi,Year-Round,2,3724.73,Grade B,0.87,21.74,15.75,True
Soybean,Local,Oilseed,Maharashtra,Nashik,Nashik APMC,Zaid,1,2029.92,Grade B,0.67,48.45,30.05,True
Rice,Common,Cereal,Maharashtra,Pune,Pune APMC,Kharif,7,2125.71,Grade A,1.44,35.38,57.12,True
Tomato,Desi,Vegetable,Maharashtra,Nashik,Nashik APMC,Year-Round,8,1588.04,Grade A,1.22,19.83,29.43,True
Soybean,Local,Oilseed,Gujarat,Rajkot,Rajkot APMC,Kharif,11,2311.6,Grade B,1.17,46.4,49.49,True
Rice,Basmati,Cereal,Maharashtra,Nashik,Nashik APMC,Rabi,2,2428.77,Grade C,0.68,61.81,36.22,True
Mango,Local,Fruit,Madhya Pradesh,Indore,Indore Mandi,Rabi,5,357.92,Grade C,1.59,60.56,82.43,True
Tomato,Hybrid,Vegetable,Maharashtra,Pune,Pune APMC,Kharif,2,919.58,Grade C,1.22,24.61,22.21,True
Tomato,Desi,Vegetable,Punjab,Ludhiana,Ludhiana Mandi,Zaid,10,1679.69,Grade C,0.66,17.39,8.53,True
Groundnut,Local,Oilseed,Karnataka,Bengaluru,Bengaluru APMC,Year-Round,8,667.0,Grade A,1.75,60.63,128.21,True
Tomato,Hybrid,Vegetable,Maharashtra,Nashik,Nashik APMC,Kharif,9,984.53,Grade B,1.1,24.86,27.18,True
Potato,Local,Vegetable,Karnataka,Bengaluru,Bengaluru APMC,Rabi,8,4471.86,Grade A,1.12,15.54,21.71,True
Soybean,Local,Oilseed,Madhya Pradesh,Indore,Indore Mandi,Rabi,7,1712.29,Grade C,1.34,34.17,42.63,True
Rice,Basmati,Cereal,Maharashtra,Nashik,Nashik APMC,Year-Round,5,2920.16,Grade A,0.94,70.95,72.1,True
Tomato,Hybrid,Vegetable,Punjab,Ludhiana,Ludhiana Mandi,Zaid,3,458.73,Grade C,0.79,25.99,13.03,True
Rice,Common,Cereal,Karnataka,Bengaluru,Bengaluru APMC,Year-Round,2,1550.94,Grade A,1.76,34.55,63.09,True
Tomato,Hybrid,Vegetable,Madhya Pradesh,Indore,Indore Mandi,Kharif,2,4691.32,Grade A,1.42,28.91,41.51,True
Groundnut,Local,Oilseed,Karnataka,Bengaluru,Bengaluru APMC,Kharif,2,2277.22,Grade A,1.43,56.43,76.53,True
Tomato,Hybrid,Vegetable,Madhya Pradesh,Indore,Indore Mandi,Year-Round,4,4888.41,Grade A,1.62,30.02,52.43,True
Maize,Hybrid,Cereal,Karnataka,Bengaluru,Bengaluru APMC,Zaid,5,2600.08,Grade A,1.79,19.24,42.04,True
Wheat,Common,Cereal,Maharashtra,Mumbai,Vashi APMC,Zaid,1,1767.45,Grade A,1.12,27.81,34.94,True
Potato,Local,Vegetable,Uttar Pradesh,Agra,Agra Mandi,Zaid,12,3542.18,Grade A,0.83,16.82,15.32,True
Groundnut,Local,Oilseed,Maharashtra,Mumbai,Vashi APMC,Year-Round,12,2588.67,Grade B,1.61,55.99,82.51,True
Groundnut,Local,Oilseed,Madhya Pradesh,Indore,Indore Mandi,Kharif,12,2278.04,Grade B,1.71,50.12,84.55,True
Mango,Local,Fruit,Uttar Pradesh,Agra,Agra Mandi,Zaid,11,3604.93,Grade A,0.75,70.75,61.46,True
Mango,Local,Fruit,Uttar Pradesh,Agra,Agra Mandi,Year-Round,9,4450.61,Grade C,0.79,62.17,35.16,True
Onion,Red,Vegetable,Punjab,Ludhiana,Ludhiana Mandi,Rabi,8,737.9,Grade A,1.5,22.15,41.28,True
Tomato,Desi,Vegetable,Maharashtra,Pune,Pune APMC,Zaid,10,3942.34,Grade B,1.09,19.87,16.36,True
Tomato,Desi,Vegetable,Uttar Pradesh,Agra,Agra Mandi,Rabi,10,1427.42,Grade B,1.07,21.53,21.61,True
Green Chilli,Local,Spice,Maharashtra,Pune,Pune APMC,Year-Round,6,3401.87,Grade A,0.74,39.91,33.92,True
Tomato,Hybrid,Vegetable,Madhya Pradesh,Indore,Indore Mandi,Kharif,4,493.35,Grade B,1.46,26.82,38.55,True
Soybean,Local,Oilseed,Maharashtra,Nashik,Nashik APMC,Zaid,5,1985.04,Grade B,1.77,40.91,73.09,True
Mango,Local,Fruit,Maharashtra,Nashik,Nashik APMC,Year-Round,11,3240.2,Grade A,0.82,68.36,53.73,True
Tomato,Desi,Vegetable,Maharashtra,Nashik,Nashik APMC,Kharif,4,921.32,Grade B,1.64,18.24,29.78,True
Potato,Local,Vegetable,Maharashtra,Mumbai,Vashi APMC,Year-Round,8,4553.23,Grade B,1.62,19.64,32.98,True
Soybean,Local,Oilseed,Maharashtra,Nashik,Nashik APMC,Kharif,3,2398.45,Grade B,1.0,48.39,44.66,True
Wheat,Common,Cereal,Maharashtra,Pune,Pune APMC,Rabi,3,303.27,Grade B,0.88,23.6,19.7,True
Maize,Hybrid,Cereal,Madhya Pradesh,Indore,Indore Mandi,Year-Round,2,1327.63,Grade B,1.16,22.71,24.38,True
Groundnut,Local,Oilseed,Uttar Pradesh,Agra,Agra Mandi,Rabi,6,3160.61,Grade A,1.13,55.0,73.43,True
Tomato,Hybrid,Vegetable,Karnataka,Bengaluru,Bengaluru APMC,Kharif,5,220.17,Grade B,1.37,24.75,35.45,True
Soybean,Local,Oilseed,Madhya Pradesh,Indore,Indore Mandi,Rabi,12,3985.31,Grade B,0.8,45.28,35.04,True
Maize,Hybrid,Cereal,Gujarat,Rajkot,Rajkot APMC,Zaid,12,4346.6,Grade C,1.59,20.83,25.6,True
Soybean,Local,Oilseed,Punjab,Ludhiana,Ludhiana Mandi,Zaid,7,721.52,Grade A,0.91,47.07,53.07,True
Tomato,Desi,Vegetable,Punjab,Ludhiana,Ludhiana Mandi,Zaid,3,3692.81,Grade B,0.93,17.76,15.91,True
Onion,Red,Vegetable,Uttar Pradesh,Agra,Agra Mandi,Zaid,4,3288.39,Grade B,1.8,18.94,31.33,True
Tomato,Desi,Vegetable,Maharashtra,Mumbai,Vashi APMC,Year-Round,2,4402.66,Grade C,1.22,17.35,15.49,True
Tomato,Hybrid,Vegetable,Maharashtra,Nashik,Nashik APMC,Zaid,3,1102.69,Grade B,0.72,25.28,16.26,True
Soybean,Local,Oilseed,Punjab,Ludhiana,Ludhiana Mandi,Kharif,12,3932.14,Grade B,1.74,42.5,63.33,True
Green Chilli,Local,Spice,Maharashtra,Nashik,Nashik APMC,Zaid,1,4906.17,Grade C,1.39,41.84,44.66,True
Soybean,Local,Oilseed,Uttar Pradesh,Agra,Agra Mandi,Zaid,8,1748.11,Grade A,1.4,46.54,74.31,True
Wheat,Common,Cereal,Gujarat,Rajkot,Rajkot APMC,Zaid,2,3370.29,Grade B,1.59,26.96,34.66,True
Maize,Hybrid,Cereal,Maharashtra,Mumbai,Vashi APMC,Year-Round,5,3374.72,Grade A,1.0,23.27,25.47,True
Green Chilli,Local,Spice,Gujarat,Rajkot,Rajkot APMC,Year-Round,10,3048.48,Grade A,1.36,48.05,67.98,True
Soybean,Local,Oilseed,Maharashtra,Pune,Pune APMC,Kharif,4,981.75,Grade B,0.82,45.45,35.86,True
Wheat,Common,Cereal,Punjab,Ludhiana,Ludhiana Mandi,Year-Round,6,1054.12,Grade B,1.8,24.01,47.86,True
Groundnut,Local,Oilseed,Gujarat,Rajkot,Rajkot APMC,Kharif,3,1339.0,Grade A,1.61,59.32,105.73,True
Soybean,Local,Oilseed,Madhya Pradesh,Indore,Indore Mandi,Rabi,11,3484.62,Grade A,0.97,47.26,50.14,True
Rice,Common,Cereal,Maharashtra,Pune,Pune APMC,Rabi,6,1676.42,Grade A,1.32,38.05,61.3,True
Soybean,Local,Oilseed,Maharashtra,Pune,Pune APMC,Rabi,12,3380.52,Grade C,1.2,44.65,42.11,True
Tomato,Hybrid,Vegetable,Maharashtra,Nashik,Nashik APMC,Zaid,4,4771.99,Grade C,0.85,26.31,18.7,True
Wheat,Common,Cereal,Uttar Pradesh,Agra,Agra Mandi,Year-Round,10,2443.69,Grade B,0.62,26.49,13.79,True
Groundnut,Local,Oilseed,Maharashtra,Nashik,Nashik APMC,Zaid,9,1786.35,Grade A,1.6,58.88,102.34,True
Green Chilli,Local,Spice,Maharashtra,Mumbai,Vashi APMC,Kharif,2,4920.46,Grade C,1.69,34.67,41.57,True
Tomato,Hybrid,Vegetable,Maharashtra,Pune,Pune APMC,Kharif,2,4539.58,Grade A,0.8,24.9,20.0,True
Onion,Red,Vegetable,Gujarat,Rajkot,Rajkot APMC,Year-Round,12,982.1,Grade B,0.96,21.69,19.0,True
Tomato,Hybrid,Vegetable,Punjab,Ludhiana,Ludhiana Mandi,Year-Round,8,3234.97,Grade B,0.84,27.69,21.27,True
Rice,Basmati,Cereal,Maharashtra,Pune,Pune APMC,Kharif,12,3162.23,Grade A,0.92,74.68,70.47,True
Mango,Local,Fruit,Madhya Pradesh,Indore,Indore Mandi,Zaid,1,859.9,Grade C,1.43,68.86,76.07,True
Potato,Local,Vegetable,Maharashtra,Nashik,Nashik APMC,Zaid,2,1945.03,Grade C,1.36,15.52,14.12,True
Potato,Local,Vegetable,Punjab,Ludhiana,Ludhiana Mandi,Kharif,10,4705.46,Grade A,1.74,18.92,31.54,True
Onion,Red,Vegetable,Karnataka,Bengaluru,Bengaluru APMC,Rabi,9,68.33,Grade A,0.8,19.65,16.49,True
Soybean,Local,Oilseed,Punjab,Ludhiana,Ludhiana Mandi,Zaid,2,2315.83,Grade A,0.71,47.95,34.71,True
Onion,Red,Vegetable,Maharashtra,Pune,Pune APMC,Year-Round,6,430.14,Grade C,1.1,20.04,21.64,True
Wheat,Common,Cereal,Karnataka,Bengaluru,Bengaluru APMC,Rabi,6,4943.03,Grade B,1.01,28.16,29.11,True
Potato,Local,Vegetable,Uttar Pradesh,Agra,Agra Mandi,Rabi,3,1058.59,Grade A,0.91,17.71,16.68,True
Potato,Local,Vegetable,Uttar Pradesh,Agra,Agra Mandi,Year-Round,7,4931.58,Grade B,1.59,17.51,28.02,True
Maize,Hybrid,Cereal,Karnataka,Bengaluru,Bengaluru APMC,Year-Round,2,1256.36,Grade B,0.97,20.71,17.99,True
Soybean,Local,Oilseed,Gujarat,Rajkot,Rajkot APMC,Year-Round,9,3776.6,Grade A,1.2,45.81,54.98,True
Potato,Local,Vegetable,Punjab,Ludhiana,Ludhiana Mandi,Zaid,8,2188.73,Grade B,1.56,19.33,30.48,True
Tomato,Hybrid,Vegetable,Karnataka,Bengaluru,Bengaluru APMC,Rabi,2,2116.05,Grade A,0.77,24.31,19.58,True
Tomato,Desi,Vegetable,Maharashtra,Mumbai,Vashi APMC,Zaid,8,4415.78,Grade A,1.75,20.98,39.92,True
Potato,Local,Vegetable,Punjab,Ludhiana,Ludhiana Mandi,Zaid,8,3464.47,Grade B,1.73,16.6,29.85,True
Potato,Local,Vegetable,Gujarat,Rajkot,Rajkot APMC,Rabi,7,3744.78,Grade A,0.77,17.48,16.29,True
Rice,Common,Cereal,Madhya Pradesh,Indore,Indore Mandi,Rabi,8,1221.77,Grade A,1.35,34.14,56.39,True
Rice,Basmati,Cereal,Madhya Pradesh,Indore,Indore Mandi,Kharif,11,2268.02,Grade A,1.19,78.14,93.42,True
Rice,Common,Cereal,Maharashtra,Nashik,Nashik APMC,Rabi,1,2850.97,Grade B,1.7,34.37,54.77,True
Wheat,Common,Cereal,Maharashtra,Pune,Pune APMC,Zaid,12,1001.96,Grade B,1.16,28.63,31.65,True
Rice,Basmati,Cereal,Uttar Pradesh,Agra,Agra Mandi,Rabi,12,3176.14,Grade B,1.25,73.11,80.34,True
Tomato,Desi,Vegetable,Maharashtra,Nashik,Nashik APMC,Kharif,10,3901.03,Grade B,0.86,19.48,13.36,True
Tomato,Desi,Vegetable,Maharashtra,Mumbai,Vashi APMC,Rabi,6,1941.17,Grade B,0.63,19.39,14.11,True
Tomato,Hybrid,Vegetable,Maharashtra,Mumbai,Vashi APMC,Zaid,9,915.19,Grade B,1.38,26.65,34.18,True
Green Chilli,Local,Spice,Maharashtra,Nashik,Nashik APMC,Zaid,2,547.26,Grade A,1.21,39.78,49.67,True
Wheat,Common,Cereal,Maharashtra,Mumbai,Vashi APMC,Rabi,7,4012.65,Grade B,1.61,27.09,44.31,True
Soybean,Local,Oilseed,Maharashtra,Nashik,Nashik APMC,Zaid,1,4829.77,Grade A,1.01,48.42,50.34,True
Soybean,Local,Oilseed,Punjab,Ludhiana,Ludhiana Mandi,Zaid,9,205.99,Grade B,0.75,47.84,35.61,True
Rice,Basmati,Cereal,Madhya Pradesh,Indore,Indore Mandi,Kharif,5,4228.72,Grade C,0.77,71.69,46.71,True
Mango,Local,Fruit,Punjab,Ludhiana,Ludhiana Mandi,Kharif,8,1740.27,Grade C,0.86,62.14,48.02,True
Rice,Basmati,Cereal,Madhya Pradesh,Indore,Indore Mandi,Rabi,5,4763.69,Grade A,0.66,75.76,52.72,True
Tomato,Hybrid,Vegetable,Madhya Pradesh,Indore,Indore Mandi,Rabi,3,4803.82,Grade A,0.65,26.45,17.6,True
Rice,Common,Cereal,Punjab,Ludhiana,Ludhiana Mandi,Kharif,4,2732.98,Grade A,1.15,32.79,41.81,True
Tomato,Desi,Vegetable,Maharashtra,Nashik,Nashik APMC,Rabi,10,2452.19,Grade B,0.78,18.33,13.25,True
Potato,Local,Vegetable,Karnataka,Bengaluru,Bengaluru APMC,Year-Round,3,3233.15,Grade A,1.52,15.74,25.22,True
Maize,Hybrid,Cereal,Madhya Pradesh,Indore,Indore Mandi,Rabi,5,4675.38,Grade C,0.85,23.1,17.02,True
Wheat,Common,Cereal,Maharashtra,Pune,Pune APMC,Year-Round,2,1340.34,Grade B,0.96,28.26,24.54,True
Mango,Local,Fruit,Maharashtra,Nashik,Nashik APMC,Year-Round,2,3134.53,Grade B,1.03,61.54,57.01,True
Green Chilli,Local,Spice,Uttar Pradesh,Agra,Agra Mandi,Year-Round,8,4021.13,Grade B,1.06,38.25,38.97,True
Rice,Common,Cereal,Gujarat,Rajkot,Rajkot APMC,Zaid,2,2293.67,Grade A,1.62,32.85,53.98,True
Green Chilli,Local,Spice,Maharashtra,Nashik,Nashik APMC,Zaid,1,1825.7,Grade B,1.24,44.28,51.02,True
Wheat,Common,Cereal,Punjab,Ludhiana,Ludhiana Mandi,Rabi,1,4168.11,Grade B,1.08,27.77,23.28,True
Tomato,Hybrid,Vegetable,Maharashtra,Mumbai,Vashi APMC,Zaid,8,2458.09,Grade C,1.0,24.47,20.27,True
Green Chilli,Local,Spice,Maharashtra,Mumbai,Vashi APMC,Zaid,1,224.04,Grade B,0.99,46.88,47.56,True
Mango,Local,Fruit,Maharashtra,Mumbai,Vashi APMC,Kharif,11,1917.87,Grade B,0.91,63.63,48.27,True
Onion,Red,Vegetable,Maharashtra,Nashik,Nashik APMC,Rabi,5,154.69,Grade A,1.1,20.81,29.61,True
Tomato,Hybrid,Vegetable,Punjab,Ludhiana,Ludhiana Mandi,Rabi,10,4100.59,Grade C,1.42,25.92,26.49,True
Wheat,Common,Cereal,Maharashtra,Mumbai,Vashi APMC,Zaid,1,2620.07,Grade A,0.88,31.52,29.5,True
Groundnut,Local,Oilseed,Gujarat,Rajkot,Rajkot APMC,Year-Round,2,4577.74,Grade B,1.19,52.62,52.85,True
Rice,Basmati,Cereal,Maharashtra,Pune,Pune APMC,Rabi,5,594.87,Grade A,1.06,75.67,98.82,True
Rice,Common,Cereal,Karnataka,Bengaluru,Bengaluru APMC,Rabi,12,2961.22,Grade A,1.4,35.8,52.75,True
Groundnut,Local,Oilseed,Maharashtra,Pune,Pune APMC,Year-Round,4,2081.97,Grade A,1.72,60.13,117.72,True
Groundnut,Local,Oilseed,Karnataka,Bengaluru,Bengaluru APMC,Year-Round,8,4385.87,Grade C,1.54,55.21,66.3,True
Rice,Basmati,Cereal,Maharashtra,Pune,Pune APMC,Zaid,11,2919.87,Grade C,1.25,80.22,80.6,True
Potato,Local,Vegetable,Gujarat,Rajkot,Rajkot APMC,Rabi,4,1540.82,Grade B,0.9,16.03,13.62,True
Wheat,Common,Cereal,Maharashtra,Nashik,Nashik APMC,Kharif,5,3265.24,Grade C,0.96,24.05,19.36,True
Tomato,Hybrid,Vegetable,Maharashtra,Mumbai,Vashi APMC,Zaid,6,99.55,Grade B,1.66,21.31,40.52,True
Rice,Common,Cereal,Punjab,Ludhiana,Ludhiana Mandi,Kharif,12,1978.1,Grade B,0.89,34.38,28.14,True
Wheat,Common,Cereal,Punjab,Ludhiana,Ludhiana Mandi,Year-Round,2,4999.25,Grade B,0.6,25.86,13.65,True
Tomato,Desi,Vegetable,Karnataka,Bengaluru,Bengaluru APMC,Year-Round,12,3074.09,Grade A,0.6,20.09,13.72,True
Soybean,Local,Oilseed,Maharashtra,Mumbai,Vashi APMC,Year-Round,12,2444.27,Grade C,0.98,47.37,39.13,True
Rice,Basmati,Cereal,Punjab,Ludhiana,Ludhiana Mandi,Kharif,11,4661.71,Grade B,0.73,75.91,42.41,True
Soybean,Local,Oilseed,Maharashtra,Nashik,Nashik APMC,Kharif,8,992.39,Grade B,1.04,45.96,47.34,True
Tomato,Desi,Vegetable,Uttar Pradesh,Agra,Agra Mandi,Year-Round,12,1981.68,Grade A,1.29,20.18,29.03,True
Soybean,Local,Oilseed,Maharashtra,Pune,Pune APMC,Year-Round,12,3271.09,Grade A,1.64,45.35,76.31,True
Soybean,Local,Oilseed,Maharashtra,Nashik,Nashik APMC,Year-Round,9,875.6,Grade B,1.56,43.39,65.71,True
Potato,Local,Vegetable,Madhya Pradesh,Indore,Indore Mandi,Zaid,11,139.5,Grade A,1.08,21.09,25.88,True
Green Chilli,Local,Spice,Maharashtra,Mumbai,Vashi APMC,Zaid,10,2391.3,Grade C,1.22,39.46,33.9,True
Tomato,Desi,Vegetable,Karnataka,Bengaluru,Bengaluru APMC,Rabi,11,1550.18,Grade C,1.37,20.94,22.48,True
Tomato,Desi,Vegetable,Punjab,Ludhiana,Ludhiana Mandi,Kharif,12,3281.0,Grade C,0.91,21.64,14.92,True
Mango,Local,Fruit,Madhya Pradesh,Indore,Indore Mandi,Year-Round,11,359.1,Grade C,1.06,59.18,50.26,True
Tomato,Hybrid,Vegetable,Uttar Pradesh,Agra,Agra Mandi,Year-Round,2,1549.58,Grade C,1.49,27.02,28.99,True
Wheat,Common,Cereal,Maharashtra,Pune,Pune APMC,Rabi,8,157.42,Grade A,1.36,28.53,45.02,True
Green Chilli,Local,Spice,Maharashtra,Mumbai,Vashi APMC,Year-Round,12,4250.6,Grade A,1.67,45.64,78.78,True
Maize,Hybrid,Cereal,Maharashtra,Nashik,Nashik APMC,Year-Round,5,1607.09,Grade A,0.7,24.01,21.32,True
Tomato,Hybrid,Vegetable,Karnataka,Bengaluru,Bengaluru APMC,Kharif,8,1007.03,Grade B,1.74,23.25,38.62,True
Maize,Hybrid,Cereal,Maharashtra,Nashik,Nashik APMC,Kharif,6,1372.93,Grade C,1.11,24.58,24.74,True
Mango,Local,Fruit,Gujarat,Rajkot,Rajkot APMC,Zaid,6,4131.36,Grade B,1.1,64.1,71.59,True
Groundnut,Local,Oilseed,Gujarat,Rajkot,Rajkot APMC,Kharif,11,917.9,Grade A,0.61,56.83,36.12,True
Soybean,Local,Oilseed,Gujarat,Rajkot,Rajkot APMC,Kharif,7,1084.84,Grade B,1.62,45.33,81.04,True
Tomato,Desi,Vegetable,Karnataka,Bengaluru,Bengaluru APMC,Year-Round,8,2543.41,Grade A,1.6,18.02,34.3,True
Wheat,Common,Cereal,Gujarat,Rajkot,Rajkot APMC,Year-Round,9,245.12,Grade B,1.49,28.52,42.7,True
Mango,Local,Fruit,Maharashtra,Mumbai,Vashi APMC,Kharif,7,3677.74,Grade B,1.21,63.62,82.38,True
Wheat,Common,Cereal,Maharashtra,Nashik,Nashik APMC,Year-Round,1,4953.68,Grade B,0.93,23.35,18.95,True
Rice,Common,Cereal,Karnataka,Bengaluru,Bengaluru APMC,Rabi,11,3991.61,Grade B,1.3,35.29,41.06,True
Wheat,Common,Cereal,Gujarat,Rajkot,Rajkot APMC,Year-Round,5,1531.28,Grade A,1.5,26.62,47.22,True
Rice,Common,Cereal,Maharashtra,Nashik,Nashik APMC,Zaid,10,4435.31,Grade A,1.53,37.31,57.91,True
Rice,Basmati,Cereal,Maharashtra,Pune,Pune APMC,Year-Round,3,1714.91,Grade B,1.3,76.76,90.61,True
Wheat,Common,Cereal,Maharashtra,Nashik,Nashik APMC,Year-Round,4,3621.17,Grade B,1.73,28.09,47.43,True
Mango,Local,Fruit,Uttar Pradesh,Agra,Agra Mandi,Zaid,7,617.97,Grade B,0.75,55.99,46.34,True
Wheat,Common,Cereal,Maharashtra,Mumbai,Vashi APMC,Year-Round,7,762.82,Grade A,1.8,25.52,59.97,True
Groundnut,Local,Oilseed,Uttar Pradesh,Agra,Agra Mandi,Year-Round,7,518.67,Grade C,0.64,66.14,39.11,True
Rice,Basmati,Cereal,Maharashtra,Nashik,Nashik APMC,Kharif,6,3441.75,Grade B,1.78,79.23,148.4,True
Groundnut,Local,Oilseed,Maharashtra,Pune,Pune APMC,Zaid,2,4267.25,Grade C,1.03,51.08,39.83,True
Groundnut,Local,Oilseed,Uttar Pradesh,Agra,Agra Mandi,Rabi,2,3781.15,Grade C,1.35,62.18,61.4,True
Wheat,Common,Cereal,Maharashtra,Mumbai,Vashi APMC,Zaid,3,2058.77,Grade B,1.76,27.27,43.41,True
Onion,Red,Vegetable,Gujarat,Rajkot,Rajkot APMC,Zaid,1,1420.93,Grade B,0.68,20.24,13.57,True
Tomato,Hybrid,Vegetable,Karnataka,Bengaluru,Bengaluru APMC,Kharif,8,2086.08,Grade A,0.77,26.1,23.29,True
Rice,Common,Cereal,Maharashtra,Nashik,Nashik APMC,Zaid,11,228.03,Grade B,1.39,36.36,45.26,True
Rice,Common,Cereal,Maharashtra,Mumbai,Vashi APMC,Rabi,8,3925.1,Grade C,1.61,35.11,49.0,True
Tomato,Desi,Vegetable,Madhya Pradesh,Indore,Indore Mandi,Zaid,2,1167.04,Grade B,0.85,19.08,15.11,True
Green Chilli,Local,Spice,Maharashtra,Nashik,Nashik APMC,Kharif,3,446.09,Grade A,1.03,38.72,44.71,True
Groundnut,Local,Oilseed,Gujarat,Rajkot,Rajkot APMC,Rabi,7,4630.18,Grade A,1.64,51.82,98.9,True
Tomato,Desi,Vegetable,Maharashtra,Mumbai,Vashi APMC,Year-Round,1,2816.82,Grade A,1.0,20.65,21.31,True
Tomato,Hybrid,Vegetable,Madhya Pradesh,Indore,Indore Mandi,Kharif,2,3730.83,Grade B,1.5,24.64,28.97,True
Tomato,Hybrid,Vegetable,Karnataka,Bengaluru,Bengaluru APMC,Zaid,11,2792.15,Grade B,0.6,26.26,13.83,True
Tomato,Hybrid,Vegetable,Uttar Pradesh,Agra,Agra Mandi,Kharif,7,3398.54,Grade A,0.83,24.83,24.39,True
Rice,Basmati,Cereal,Punjab,Ludhiana,Ludhiana Mandi,Zaid,7,2771.33,Grade B,1.14,77.65,87.97,True
Wheat,Common,Cereal,Karnataka,Bengaluru,Bengaluru APMC,Kharif,8,2540.07,Grade A,1.39,21.54,34.43,True
Tomato,Hybrid,Vegetable,Maharashtra,Mumbai,Vashi APMC,Kharif,10,1286.94,Grade A,1.03,26.1,27.18,True
Potato,Local,Vegetable,Madhya Pradesh,Indore,Indore Mandi,Kharif,12,1297.39,Grade B,1.7,19.44,33.74,True
Maize,Hybrid,Cereal,Madhya Pradesh,Indore,Indore Mandi,Year-Round,9,2640.27,Grade A,0.74,22.19,16.34,True
Wheat,Common,Cereal,Karnataka,Bengaluru,Bengaluru APMC,Zaid,11,3832.27,Grade A,0.9,26.11,24.85,True
Soybean,Local,Oilseed,Gujarat,Rajkot,Rajkot APMC,Zaid,6,2061.51,Grade A,1.18,49.75,72.88,True
Onion,Red,Vegetable,Maharashtra,Pune,Pune APMC,Year-Round,12,2801.56,Grade A,1.44,20.14,30.57,True
Tomato,Hybrid,Vegetable,Punjab,Ludhiana,Ludhiana Mandi,Rabi,8,1723.09,Grade C,1.69,23.41,34.3,True
Mango,Local,Fruit,Maharashtra,Pune,Pune APMC,Rabi,11,2498.26,Grade A,1.67,61.88,103.32,True
Onion,Red,Vegetable,Karnataka,Bengaluru,Bengaluru APMC,Rabi,9,4301.95,Grade A,0.71,21.29,16.57,True
Wheat,Common,Cereal,Maharashtra,Pune,Pune APMC,Year-Round,11,1293.4,Grade B,0.98,27.08,23.78,True
Tomato,Desi,Vegetable,Gujarat,Rajkot,Rajkot APMC,Kharif,5,3744.94,Grade C,1.67,18.78,27.8,True
Rice,Basmati,Cereal,Karnataka,Bengaluru,Bengaluru APMC,Rabi,1,3249.51,Grade B,1.65,86.64,131.81,True
Wheat,Common,Cereal,Uttar Pradesh,Agra,Agra Mandi,Rabi,6,3294.41,Grade A,0.88,27.08,29.77,True
Green Chilli,Local,Spice,Maharashtra,Nashik,Nashik APMC,Rabi,10,1790.96,Grade B,1.25,42.17,45.62,True
Soybean,Local,Oilseed,Gujarat,Rajkot,Rajkot APMC,Rabi,8,3069.71,Grade B,1.06,48.93,50.46,True
Tomato,Hybrid,Vegetable,Maharashtra,Nashik,Nashik APMC,Year-Round,4,1175.24,Grade B,1.01,19.21,19.22,True
Tomato,Desi,Vegetable,Karnataka,Bengaluru,Bengaluru APMC,Rabi,9,812.12,Grade C,1.45,19.68,21.77,True
Tomato,Hybrid,Vegetable,Maharashtra,Mumbai,Vashi APMC,Kharif,6,2166.96,Grade C,1.32,24.48,28.61,True
Tomato,Hybrid,Vegetable,Maharashtra,Pune,Pune APMC,Rabi,12,1156.83,Grade B,1.72,23.03,37.36,True
Onion,Red,Vegetable,Punjab,Ludhiana,Ludhiana Mandi,Kharif,11,2237.44,Grade A,0.77,23.28,19.63,True
Potato,Local,Vegetable,Maharashtra,Nashik,Nashik APMC,Zaid,1,4416.92,Grade B,1.12,17.16,17.1,True
Maize,Hybrid,Cereal,Madhya Pradesh,Indore,Indore Mandi,Zaid,12,2275.44,Grade A,1.6,20.23,33.74,True
Potato,Local,Vegetable,Karnataka,Bengaluru,Bengaluru APMC,Rabi,2,3974.56,Grade A,1.69,17.5,29.5,True
Green Chilli,Local,Spice,Karnataka,Bengaluru,Bengaluru APMC,Year-Round,6,3036.85,Grade B,1.57,42.56,66.89,True
Rice,Common,Cereal,Maharashtra,Pune,Pune APMC,Kharif,1,3014.47,Grade B,0.93,38.82,31.37,True
Tomato,Desi,Vegetable,Karnataka,Bengaluru,Bengaluru APMC,Rabi,2,2080.95,Grade C,1.0,18.23,14.53,True
Mango,Local,Fruit,Madhya Pradesh,Indore,Indore Mandi,Zaid,11,782.9,Grade A,0.72,74.66,62.19,True
Potato,Local,Vegetable,Punjab,Ludhiana,Ludhiana Mandi,Zaid,1,3710.4,Grade B,1.11,16.21,14.81,True
Green Chilli,Local,Spice,Uttar Pradesh,Agra,Agra Mandi,Rabi,11,3987.94,Grade A,1.17,38.84,45.16,True
Rice,Basmati,Cereal,Maharashtra,Pune,Pune APMC,Kharif,6,2437.01,Grade B,1.22,78.65,100.14,True
Tomato,Desi,Vegetable,Gujarat,Rajkot,Rajkot APMC,Rabi,1,2054.76,Grade A,1.72,20.04,35.23,True
Wheat,Common,Cereal,Maharashtra,Pune,Pune APMC,Rabi,3,1864.86,Grade A,1.34,25.02,32.58,True
Rice,Basmati,Cereal,Uttar Pradesh,Agra,Agra Mandi,Year-Round,7,4546.63,Grade A,1.54,66.53,122.25,True
Wheat,Common,Cereal,Maharashtra,Mumbai,Vashi APMC,Year-Round,8,4549.58,Grade A,1.75,28.14,53.57,True
Rice,Common,Cereal,Madhya Pradesh,Indore,Indore Mandi,Kharif,2,2911.46,Grade A,1.75,32.62,56.89,True
Green Chilli,Local,Spice,Gujarat,Rajkot,Rajkot APMC,Rabi,11,2201.66,Grade A,0.83,41.88,35.34,True
Mango,Local,Fruit,Punjab,Ludhiana,Ludhiana Mandi,Kharif,10,1642.35,Grade A,1.16,62.03,71.4,True
Potato,Local,Vegetable,Maharashtra,Pune,Pune APMC,Zaid,3,2411.39,Grade B,1.6,17.85,27.56,True
Soybean,Local,Oilseed,Gujarat,Rajkot,Rajkot APMC,Rabi,2,2137.78,Grade C,0.88,40.27,28.31,True
Rice,Basmati,Cereal,Maharashtra,Nashik,Nashik APMC,Year-Round,3,1917.04,Grade C,1.68,76.25,102.77,True
Groundnut,Local,Oilseed,Karnataka,Bengaluru,Bengaluru APMC,Year-Round,12,3095.97,Grade B,1.09,56.41,52.66,True
Onion,Red,Vegetable,Maharashtra,Mumbai,Vashi APMC,Kharif,4,3263.31,Grade B,1.44,19.52,27.99,True
Rice,Common,Cereal,Karnataka,Bengaluru,Bengaluru APMC,Rabi,3,2256.17,Grade A,0.66,29.5,22.56,True
Rice,Basmati,Cereal,Punjab,Ludhiana,Ludhiana Mandi,Rabi,4,408.33,Grade B,0.95,70.99,71.06,True
Groundnut,Local,Oilseed,Gujarat,Rajkot,Rajkot APMC,Year-Round,12,4443.33,Grade A,1.37,47.73,65.91,True
Groundnut,Local,Oilseed,Maharashtra,Nashik,Nashik APMC,Zaid,11,4668.73,Grade A,1.64,62.66,102.42,True
Tomato,Hybrid,Vegetable,Punjab,Ludhiana,Ludhiana Mandi,Rabi,4,424.37,Grade B,1.29,26.96,35.67,True
Mango,Local,Fruit,Maharashtra,Mumbai,Vashi APMC,Kharif,9,1800.2,Grade B,0.76,65.54,53.75,True
Tomato,Hybrid,Vegetable,Gujarat,Rajkot,Rajkot APMC,Kharif,2,2389.25,Grade C,1.65,26.98,32.69,True
Tomato,Hybrid,Vegetable,Uttar Pradesh,Agra,Agra Mandi,Zaid,4,2919.7,Grade A,1.4,24.5,38.72,True
Tomato,Hybrid,Vegetable,Maharashtra,Mumbai,Vashi APMC,Kharif,1,1875.08,Grade A,1.43,21.83,31.37,True
Green Chilli,Local,Spice,Madhya Pradesh,Indore,Indore Mandi,Year-Round,5,1289.89,Grade B,1.57,37.26,60.32,True
Rice,Common,Cereal,Maharashtra,Mumbai,Vashi APMC,Kharif,12,412.86,Grade A,1.67,37.1,67.76,True
Tomato,Desi,Vegetable,Madhya Pradesh,Indore,Indore Mandi,Zaid,8,2038.98,Grade B,0.69,21.16,16.15,True
Wheat,Common,Cereal,Karnataka,Bengaluru,Bengaluru APMC,Zaid,10,1334.03,Grade B,1.36,30.48,37.73,True
Tomato,Desi,Vegetable,Uttar Pradesh,Agra,Agra Mandi,Year-Round,4,1366.81,Grade A,1.31,19.39,28.99,True
Tomato,Desi,Vegetable,Uttar Pradesh,Agra,Agra Mandi,Zaid,4,3935.78,Grade A,1.55,19.75,31.99,True
Green Chilli,Local,Spice,Punjab,Ludhiana,Ludhiana Mandi,Kharif,7,1400.33,Grade C,1.16,39.63,43.76,True
Tomato,Hybrid,Vegetable,Maharashtra,Pune,Pune APMC,Rabi,10,1454.54,Grade B,1.12,23.43,26.57,True
Potato,Local,Vegetable,Gujarat,Rajkot,Rajkot APMC,Rabi,10,955.47,Grade A,1.04,20.85,22.02,True
Green Chilli,Local,Spice,Maharashtra,Pune,Pune APMC,Kharif,1,2805.71,Grade A,1.49,43.74,65.76,True
Mango,Local,Fruit,Maharashtra,Pune,Pune APMC,Year-Round,8,2644.57,Grade A,0.94,73.47,78.61,True
Tomato,Hybrid,Vegetable,Maharashtra,Nashik,Nashik APMC,Zaid,5,4186.08,Grade A,0.65,25.82,18.83,True
Wheat,Common,Cereal,Karnataka,Bengaluru,Bengaluru APMC,Kharif,7,3086.34,Grade C,0.91,29.09,22.77,True
Rice,Common,Cereal,Karnataka,Bengaluru,Bengaluru APMC,Rabi,3,2069.8,Grade A,0.83,37.52,33.02,True
Onion,Red,Vegetable,Madhya Pradesh,Indore,Indore Mandi,Kharif,12,610.69,Grade A,1.53,24.64,41.92,True
Potato,Local,Vegetable,Maharashtra,Pune,Pune APMC,Rabi,6,1426.81,Grade B,0.99,17.88,19.42,True
Soybean,Local,Oilseed,Gujarat,Rajkot,Rajkot APMC,Rabi,7,2457.89,Grade B,1.49,46.18,74.11,True
Rice,Common,Cereal,Maharashtra,Nashik,Nashik APMC,Kharif,3,706.24,Grade B,1.53,35.57,51.31,True
Potato,Local,Vegetable,Madhya Pradesh,Indore,Indore Mandi,Year-Round,5,3108.18,Grade C,1.52,17.54,23.44,True
Potato,Local,Vegetable,Maharashtra,Mumbai,Vashi APMC,Rabi,4,1474.21,Grade B,1.48,13.83,20.24,True
Groundnut,Local,Oilseed,Punjab,Ludhiana,Ludhiana Mandi,Year-Round,12,1415.85,Grade A,1.69,52.74,100.53,True
Green Chilli,Local,Spice,Maharashtra,Mumbai,Vashi APMC,Rabi,10,4811.35,Grade A,1.38,32.79,43.07,True
Tomato,Hybrid,Vegetable,Karnataka,Bengaluru,Bengaluru APMC,Year-Round,11,3867.56,Grade A,0.87,25.33,23.38,True
Maize,Hybrid,Cereal,Maharashtra,Nashik,Nashik APMC,Kharif,8,2821.46,Grade A,1.18,19.68,26.48,True
Rice,Common,Cereal,Maharashtra,Mumbai,Vashi APMC,Zaid,5,3842.48,Grade A,1.72,34.58,69.08,True
Soybean,Local,Oilseed,Madhya Pradesh,Indore,Indore Mandi,Rabi,1,4673.24,Grade A,0.82,42.97,32.05,True
Onion,Red,Vegetable,Maharashtra,Pune,Pune APMC,Zaid,9,4367.2,Grade B,0.69,22.69,14.66,True
Groundnut,Local,Oilseed,Maharashtra,Mumbai,Vashi APMC,Kharif,4,106.1,Grade B,1.26,54.76,71.4,True
Mango,Local,Fruit,Punjab,Ludhiana,Ludhiana Mandi,Rabi,8,4299.43,Grade C,1.26,55.16,59.79,True
Groundnut,Local,Oilseed,Gujarat,Rajkot,Rajkot APMC,Kharif,12,1459.2,Grade B,1.67,50.69,79.54,True
Rice,Basmati,Cereal,Madhya Pradesh,Indore,Indore Mandi,Rabi,2,4106.17,Grade B,1.69,75.52,104.14,True
Groundnut,Local,Oilseed,Punjab,Ludhiana,Ludhiana Mandi,Rabi,7,4320.72,Grade A,0.8,56.59,53.57,True
Tomato,Hybrid,Vegetable,Maharashtra,Mumbai,Vashi APMC,Rabi,11,1637.28,Grade C,1.26,24.13,26.15,True
Groundnut,Local,Oilseed,Maharashtra,Mumbai,Vashi APMC,Rabi,6,51.99,Grade C,1.57,53.59,73.4,True
Soybean,Local,Oilseed,Punjab,Ludhiana,Ludhiana Mandi,Rabi,2,779.89,Grade C,0.64,45.75,21.28,True
Green Chilli,Local,Spice,Karnataka,Bengaluru,Bengaluru APMC,Kharif,1,2873.05,Grade B,0.66,41.08,22.29,True
Maize,Hybrid,Cereal,Uttar Pradesh,Agra,Agra Mandi,Kharif,8,4751.65,Grade B,1.27,22.51,27.51,True
Rice,Basmati,Cereal,Maharashtra,Nashik,Nashik APMC,Kharif,10,4892.41,Grade B,0.79,61.38,41.15,True
Tomato,Desi,Vegetable,Maharashtra,Nashik,Nashik APMC,Year-Round,4,1899.02,Grade B,1.4,19.8,26.98,True
Groundnut,Local,Oilseed,Maharashtra,Nashik,Nashik APMC,Rabi,2,799.72,Grade B,1.13,51.67,55.24,True
Onion,Red,Vegetable,Uttar Pradesh,Agra,Agra Mandi,Year-Round,6,3053.79,Grade C,0.74,23.42,15.06,True
Mango,Local,Fruit,Maharashtra,Nashik,Nashik APMC,Rabi,3,1009.26,Grade B,0.86,60.92,51.23,True
Maize,Hybrid,Cereal,Maharashtra,Mumbai,Vashi APMC,Kharif,5,1208.59,Grade A,0.66,23.49,17.39,True
Groundnut,Local,Oilseed,Gujarat,Rajkot,Rajkot APMC,Year-Round,6,1781.53,Grade A,1.11,61.73,87.97,True
Potato,Local,Vegetable,Maharashtra,Mumbai,Vashi APMC,Kharif,3,2506.66,Grade B,1.25,18.73,20.76,True
Soybean,Local,Oilseed,Maharashtra,Nashik,Nashik APMC,Kharif,7,4383.05,Grade B,1.45,51.89,71.25,True
Green Chilli,Local,Spice,Maharashtra,Pune,Pune APMC,Kharif,5,2491.58,Grade B,1.29,43.53,60.51,True
Groundnut,Local,Oilseed,Uttar Pradesh,Agra,Agra Mandi,Rabi,1,439.55,Grade A,1.23,61.86,77.7,True
Maize,Hybrid,Cereal,Maharashtra,Mumbai,Vashi APMC,Kharif,6,4936.15,Grade B,1.27,20.04,27.54,True
Tomato,Hybrid,Vegetable,Uttar Pradesh,Agra,Agra Mandi,Year-Round,7,3266.83,Grade A,0.63,25.32,20.56,True
Mango,Local,Fruit,Punjab,Ludhiana,Ludhiana Mandi,Zaid,1,4480.42,Grade C,1.42,68.5,78.02,True
Rice,Basmati,Cereal,Uttar Pradesh,Agra,Agra Mandi,Kharif,11,3364.58,Grade B,1.76,77.15,117.09,True
Soybean,Local,Oilseed,Karnataka,Bengaluru,Bengaluru APMC,Zaid,1,4134.42,Grade A,1.18,38.27,46.32,True
Tomato,Hybrid,Vegetable,Karnataka,Bengaluru,Bengaluru APMC,Year-Round,8,2247.09,Grade B,0.83,23.11,19.75,True
Green Chilli,Local,Spice,Karnataka,Bengaluru,Bengaluru APMC,Zaid,3,322.79,Grade A,1.67,36.88,68.95,True
Green Chilli,Local,Spice,Maharashtra,Pune,Pune APMC,Zaid,1,4488.9,Grade C,0.85,37.6,21.89,True
Soybean,Local,Oilseed,Maharashtra,Pune,Pune APMC,Year-Round,2,3241.55,Grade B,1.01,46.76,44.61,True
Rice,Common,Cereal,Karnataka,Bengaluru,Bengaluru APMC,Kharif,5,4468.43,Grade C,1.15,34.91,37.47,True
Rice,Common,Cereal,Karnataka,Bengaluru,Bengaluru APMC,Zaid,6,1322.63,Grade B,1.18,37.0,47.21,True
Mango,Local,Fruit,Gujarat,Rajkot,Rajkot APMC,Kharif,1,4180.42,Grade A,1.6,59.4,98.85,True
Green Chilli,Local,Spice,Uttar Pradesh,Agra,Agra Mandi,Zaid,9,2933.72,Grade C,1.44,39.3,44.41,True
Groundnut,Local,Oilseed,Maharashtra,Pune,Pune APMC,Year-Round,12,451.24,Grade A,1.46,57.3,92.48,True
Wheat,Common,Cereal,Punjab,Ludhiana,Ludhiana Mandi,Year-Round,12,4669.98,Grade B,1.63,26.0,38.94,True
Mango,Local,Fruit,Maharashtra,Pune,Pune APMC,Year-Round,7,2542.92,Grade A,1.64,64.4,128.58,True
Onion,Red,Vegetable,Maharashtra,Pune,Pune APMC,Kharif,5,3972.33,Grade A,0.87,20.01,20.82,True
Soybean,Local,Oilseed,Maharashtra,Nashik,Nashik APMC,Kharif,5,2494.55,Grade A,1.75,44.76,95.96,True
Onion,Red,Vegetable,Maharashtra,Pune,Pune APMC,Year-Round,9,329.09,Grade B,1.04,27.09,27.73,True
Wheat,Common,Cereal,Maharashtra,Pune,Pune APMC,Rabi,2,2947.61,Grade B,1.26,25.04,28.4,True
Green Chilli,Local,Spice,Maharashtra,Mumbai,Vashi APMC,Kharif,11,2307.99,Grade A,1.19,41.23,52.42,True
Maize,Hybrid,Cereal,Maharashtra,Nashik,Nashik APMC,Kharif,4,4946.62,Grade A,0.8,23.24,19.48,True
Potato,Local,Vegetable,Madhya Pradesh,Indore,Indore Mandi,Zaid,8,3326.75,Grade B,1.16,16.83,21.03,True
Tomato,Hybrid,Vegetable,Maharashtra,Mumbai,Vashi APMC,Kharif,10,4116.6,Grade A,0.63,22.11,15.43,True
Rice,Common,Cereal,Punjab,Ludhiana,Ludhiana Mandi,Year-Round,8,323.03,Grade A,1.58,34.7,65.11,True
Onion,Red,Vegetable,Gujarat,Rajkot,Rajkot APMC,Rabi,4,2924.94,Grade B,1.46,22.42,31.97,True
Potato,Local,Vegetable,Punjab,Ludhiana,Ludhiana Mandi,Rabi,9,3543.01,Grade A,1.19,16.11,19.58,True
Groundnut,Local,Oilseed,Maharashtra,Nashik,Nashik APMC,Kharif,9,4207.99,Grade B,1.47,59.13,75.0,True
Tomato,Desi,Vegetable,Maharashtra,Pune,Pune APMC,Kharif,2,4211.13,Grade A,1.62,20.67,32.89,True
Maize,Hybrid,Cereal,Madhya Pradesh,Indore,Indore Mandi,Rabi,9,4210.99,Grade A,1.17,22.2,26.52,True
Mango,Local,Fruit,Maharashtra,Nashik,Nashik APMC,Kharif,9,987.98,Grade C,1.41,66.31,74.88,True
Tomato,Hybrid,Vegetable,Maharashtra,Nashik,Nashik APMC,Rabi,12,770.56,Grade B,1.09,25.38,25.5,True
Tomato,Hybrid,Vegetable,Gujarat,Rajkot,Rajkot APMC,Rabi,5,3353.39,Grade C,0.65,27.14,13.23,True
Rice,Common,Cereal,Maharashtra,Mumbai,Vashi APMC,Rabi,9,2219.58,Grade C,0.92,36.41,25.11,True
Rice,Common,Cereal,Uttar Pradesh,Agra,Agra Mandi,Year-Round,4,2979.45,Grade B,0.69,36.65,25.53,True
Tomato,Hybrid,Vegetable,Karnataka,Bengaluru,Bengaluru APMC,Year-Round,9,3229.28,Grade A,0.65,27.59,19.61,True
Tomato,Hybrid,Vegetable,Uttar Pradesh,Agra,Agra Mandi,Kharif,3,3231.87,Grade B,1.43,24.27,32.23,True
Wheat,Common,Cereal,Maharashtra,Mumbai,Vashi APMC,Rabi,10,4674.64,Grade B,1.23,25.71,26.07,True
Wheat,Common,Cereal,Maharashtra,Mumbai,Vashi APMC,Zaid,3,2799.85,Grade B,1.49,24.03,32.44,True
Groundnut,Local,Oilseed,Maharashtra,Nashik,Nashik APMC,Year-Round,1,2869.13,Grade A,1.49,50.54,78.16,True
Groundnut,Local,Oilseed,Maharashtra,Mumbai,Vashi APMC,Kharif,4,1360.02,Grade B,1.45,62.96,92.13,True
Rice,Common,Cereal,Karnataka,Bengaluru,Bengaluru APMC,Zaid,4,2423.62,Grade B,0.62,34.24,19.49,True
Rice,Common,Cereal,Karnataka,Bengaluru,Bengaluru APMC,Rabi,5,765.67,Grade B,1.43,36.05,53.15,True
Potato,Local,Vegetable,Maharashtra,Pune,Pune APMC,Year-Round,8,592.7,Grade C,1.28,20.43,22.49,True
Potato,Local,Vegetable,Maharashtra,Mumbai,Vashi APMC,Year-Round,4,4799.99,Grade B,1.06,19.21,18.79,True
Green Chilli,Local,Spice,Punjab,Ludhiana,Ludhiana Mandi,Rabi,12,2920.18,Grade A,0.8,37.36,32.5,True
Wheat,Common,Cereal,Maharashtra,Mumbai,Vashi APMC,Year-Round,2,897.8,Grade A,1.49,30.33,45.18,True
Maize,Hybrid,Cereal,Karnataka,Bengaluru,Bengaluru APMC,Kharif,12,2621.02,Grade C,1.28,22.43,22.76,True
Tomato,Desi,Vegetable,Uttar Pradesh,Agra,Agra Mandi,Rabi,8,2907.0,Grade A,1.72,22.36,43.88,True
Potato,Local,Vegetable,Maharashtra,Nashik,Nashik APMC,Kharif,6,3558.39,Grade B,0.9,16.31,14.15,True
Rice,Common,Cereal,Maharashtra,Pune,Pune APMC,Zaid,3,2214.87,Grade B,1.72,31.04,50.53,True
Mango,Local,Fruit,Karnataka,Bengaluru,Bengaluru APMC,Zaid,7,1742.58,Grade C,1.71,65.33,99.6,True
Potato,Local,Vegetable,Punjab,Ludhiana,Ludhiana Mandi,Year-Round,10,3278.71,Grade C,1.47,17.3,18.43,True
Tomato,Hybrid,Vegetable,Gujarat,Rajkot,Rajkot APMC,Zaid,9,3369.18,Grade A,0.98,25.08,23.77,True
Groundnut,Local,Oilseed,Maharashtra,Mumbai,Vashi APMC,Rabi,1,3094.7,Grade A,1.18,45.56,53.36,True
Groundnut,Local,Oilseed,Karnataka,Bengaluru,Bengaluru APMC,Rabi,11,2855.69,Grade C,1.03,49.22,34.13,True
Soybean,Local,Oilseed,Uttar Pradesh,Agra,Agra Mandi,Kharif,12,4723.27,Grade C,1.0,41.82,32.35,True
Onion,Red,Vegetable,Maharashtra,Pune,Pune APMC,Zaid,6,2664.72,Grade A,1.39,21.81,38.33,True
Maize,Hybrid,Cereal,Uttar Pradesh,Agra,Agra Mandi,Zaid,3,702.13,Grade B,1.42,21.2,29.13,True
Rice,Basmati,Cereal,Gujarat,Rajkot,Rajkot APMC,Rabi,4,635.89,Grade A,1.37,79.04,123.53,True
Potato,Local,Vegetable,Maharashtra,Mumbai,Vashi APMC,Kharif,7,1195.18,Grade B,0.76,15.88,13.88,True
Mango,Local,Fruit,Maharashtra,Pune,Pune APMC,Rabi,9,91.83,Grade A,1.61,65.46,121.72,True
Tomato,Desi,Vegetable,Gujarat,Rajkot,Rajkot APMC,Year-Round,9,271.6,Grade A,0.66,23.46,15.49,True
Mango,Local,Fruit,Maharashtra,Mumbai,Vashi APMC,Zaid,3,1089.73,Grade B,1.07,60.35,55.31,True
Tomato,Hybrid,Vegetable,Maharashtra,Nashik,Nashik APMC,Zaid,4,3553.53,Grade C,1.18,22.03,18.72,True
Potato,Local,Vegetable,Maharashtra,Pune,Pune APMC,Kharif,7,3807.03,Grade A,1.17,17.87,24.25,True
Maize,Hybrid,Cereal,Madhya Pradesh,Indore,Indore Mandi,Zaid,11,3362.46,Grade A,1.48,25.22,37.68,True
Tomato,Hybrid,Vegetable,Gujarat,Rajkot,Rajkot APMC,Kharif,7,2390.49,Grade B,1.37,24.69,34.24,True
Rice,Basmati,Cereal,Karnataka,Bengaluru,Bengaluru APMC,Zaid,4,3185.65,Grade C,0.73,70.38,42.62,True
Onion,Red,Vegetable,Uttar Pradesh,Agra,Agra Mandi,Year-Round,12,1719.15,Grade B,0.92,22.05,18.03,True
Rice,Basmati,Cereal,Madhya Pradesh,Indore,Indore Mandi,Year-Round,10,3256.72,Grade A,0.85,78.76,71.82,True
Tomato,Desi,Vegetable,Karnataka,Bengaluru,Bengaluru APMC,Zaid,8,3934.38,Grade A,1.59,20.77,38.2,True
Wheat,Common,Cereal,Karnataka,Bengaluru,Bengaluru APMC,Zaid,12,203.3,Grade B,0.93,27.83,24.62,True
Soybean,Local,Oilseed,Punjab,Ludhiana,Ludhiana Mandi,Zaid,5,850.11,Grade A,1.69,40.65,84.0,True
Maize,Hybrid,Cereal,Maharashtra,Nashik,Nashik APMC,Kharif,6,1041.68,Grade A,0.85,20.17,22.39,True
Onion,Red,Vegetable,Gujarat,Rajkot,Rajkot APMC,Rabi,3,1523.48,Grade A,1.39,22.73,32.94,True
Green Chilli,Local,Spice,Karnataka,Bengaluru,Bengaluru APMC,Zaid,9,4807.54,Grade A,1.35,37.18,50.0,True
Tomato,Desi,Vegetable,Karnataka,Bengaluru,Bengaluru APMC,Kharif,10,1759.45,Grade B,1.79,19.67,31.06,True
Onion,Red,Vegetable,Gujarat,Rajkot,Rajkot APMC,Year-Round,8,3386.34,Grade A,0.67,23.61,18.32,True
Onion,Red,Vegetable,Maharashtra,Mumbai,Vashi APMC,Year-Round,7,1537.42,Grade B,1.56,23.65,38.28,True
Soybean,Local,Oilseed,Maharashtra,Pune,Pune APMC,Zaid,4,2966.32,Grade C,1.15,42.09,41.03,True
Onion,Red,Vegetable,Punjab,Ludhiana,Ludhiana Mandi,Kharif,6,344.43,Grade B,1.33,24.19,35.22,True
Maize,Hybrid,Cereal,Madhya Pradesh,Indore,Indore Mandi,Kharif,2,1381.81,Grade A,1.57,20.84,33.71,True
Tomato,Hybrid,Vegetable,Gujarat,Rajkot,Rajkot APMC,Rabi,3,2282.38,Grade A,0.72,24.71,18.54,True
Mango,Local,Fruit,Madhya Pradesh,Indore,Indore Mandi,Kharif,3,1714.75,Grade B,0.88,79.46,61.45,True
Rice,Common,Cereal,Karnataka,Bengaluru,Bengaluru APMC,Year-Round,11,4693.37,Grade B,0.78,33.57,24.11,True
Rice,Common,Cereal,Maharashtra,Pune,Pune APMC,Zaid,10,392.41,Grade B,1.0,36.23,30.75,True
Mango,Local,Fruit,Madhya Pradesh,Indore,Indore Mandi,Rabi,9,1603.22,Grade A,0.77,63.65,52.85,True
Onion,Red,Vegetable,Gujarat,Rajkot,Rajkot APMC,Zaid,6,307.63,Grade C,1.66,21.7,35.29,True
Rice,Basmati,Cereal,Maharashtra,Pune,Pune APMC,Zaid,3,461.04,Grade A,0.83,87.35,73.91,True
Groundnut,Local,Oilseed,Maharashtra,Pune,Pune APMC,Rabi,9,284.71,Grade B,1.56,49.43,76.34,True
Soybean,Local,Oilseed,Karnataka,Bengaluru,Bengaluru APMC,Rabi,2,2523.11,Grade B,0.97,39.28,31.79,True
Rice,Common,Cereal,Maharashtra,Nashik,Nashik APMC,Year-Round,6,2672.68,Grade C,0.95,32.54,28.38,True
Maize,Hybrid,Cereal,Karnataka,Bengaluru,Bengaluru APMC,Kharif,11,4671.4,Grade A,1.64,23.3,38.03,True
Tomato,Desi,Vegetable,Uttar Pradesh,Agra,Agra Mandi,Kharif,4,3423.23,Grade B,0.68,20.7,13.28,True
Rice,Basmati,Cereal,Maharashtra,Mumbai,Vashi APMC,Rabi,10,2043.74,Grade C,0.64,85.71,43.68,True
Rice,Basmati,Cereal,Madhya Pradesh,Indore,Indore Mandi,Zaid,9,1245.93,Grade C,1.41,75.52,86.24,True
Wheat,Common,Cereal,Maharashtra,Mumbai,Vashi APMC,Year-Round,2,1955.55,Grade B,1.08,27.52,24.85,True
Maize,Hybrid,Cereal,Maharashtra,Nashik,Nashik APMC,Zaid,6,308.73,Grade A,1.42,19.63,35.37,True
Onion,Red,Vegetable,Karnataka,Bengaluru,Bengaluru APMC,Rabi,3,1527.33,Grade A,1.37,20.29,28.89,True
Potato,Local,Vegetable,Maharashtra,Mumbai,Vashi APMC,Kharif,7,1508.84,Grade A,0.6,17.03,11.49,True
Mango,Local,Fruit,Maharashtra,Nashik,Nashik APMC,Year-Round,10,1685.02,Grade A,0.62,67.13,40.98,True
Tomato,Desi,Vegetable,Uttar Pradesh,Agra,Agra Mandi,Rabi,8,3402.65,Grade A,0.95,18.88,20.31,True
Rice,Basmati,Cereal,Maharashtra,Mumbai,Vashi APMC,Zaid,5,1917.4,Grade C,1.4,71.62,87.13,True
Maize,Hybrid,Cereal,Maharashtra,Pune,Pune APMC,Zaid,4,4905.88,Grade A,1.71,22.51,42.08,True
Onion,Red,Vegetable,Maharashtra,Pune,Pune APMC,Year-Round,12,3646.69,Grade B,1.71,21.19,33.38,True
Potato,Local,Vegetable,Madhya Pradesh,Indore,Indore Mandi,Kharif,9,1829.74,Grade A,0.75,19.01,17.73,True
Wheat,Common,Cereal,Punjab,Ludhiana,Ludhiana Mandi,Zaid,5,3528.55,Grade B,1.55,25.7,40.52,True
Tomato,Hybrid,Vegetable,Maharashtra,Pune,Pune APMC,Rabi,2,2088.15,Grade B,1.0,22.79,20.92,True
Green Chilli,Local,Spice,Maharashtra,Mumbai,Vashi APMC,Zaid,7,4611.22,Grade A,1.77,43.41,88.91,True
Wheat,Common,Cereal,Maharashtra,Nashik,Nashik APMC,Year-Round,8,3978.01,Grade A,0.7,29.27,21.8,True
Mango,Local,Fruit,Maharashtra,Mumbai,Vashi APMC,Zaid,12,1857.21,Grade B,1.33,59.6,79.0,True
Groundnut,Local,Oilseed,Madhya Pradesh,Indore,Indore Mandi,Kharif,9,3263.68,Grade B,0.8,49.8,37.6,True
Wheat,Common,Cereal,Maharashtra,Nashik,Nashik APMC,Zaid,7,4061.3,Grade C,1.56,29.56,40.09,True
Green Chilli,Local,Spice,Maharashtra,Pune,Pune APMC,Year-Round,12,511.82,Grade B,1.23,41.09,49.72,True
Wheat,Common,Cereal,Uttar Pradesh,Agra,Agra Mandi,Rabi,7,2423.11,Grade A,1.22,26.89,39.01,True
Tomato,Hybrid,Vegetable,Karnataka,Bengaluru,Bengaluru APMC,Rabi,3,3803.6,Grade A,1.55,25.1,39.7,True
Soybean,Local,Oilseed,Punjab,Ludhiana,Ludhiana Mandi,Rabi,10,4652.8,Grade B,1.06,43.09,37.13,True
Maize,Hybrid,Cereal,Uttar Pradesh,Agra,Agra Mandi,Kharif,3,3378.99,Grade A,1.45,23.57,35.32,True
Rice,Basmati,Cereal,Punjab,Ludhiana,Ludhiana Mandi,Rabi,10,3939.75,Grade A,1.15,74.87,88.39,True
Tomato,Desi,Vegetable,Punjab,Ludhiana,Ludhiana Mandi,Kharif,12,668.35,Grade B,0.63,20.83,12.62,True
Onion,Red,Vegetable,Maharashtra,Nashik,Nashik APMC,Rabi,12,4175.22,Grade B,1.02,21.87,21.19,True
Groundnut,Local,Oilseed,Maharashtra,Nashik,Nashik APMC,Kharif,9,1840.76,Grade C,0.61,61.41,32.54,True
Mango,Local,Fruit,Uttar Pradesh,Agra,Agra Mandi,Kharif,7,609.84,Grade B,0.79,54.42,42.68,True
Tomato,Desi,Vegetable,Maharashtra,Mumbai,Vashi APMC,Rabi,10,1422.87,Grade A,1.2,19.27,23.31,True
Wheat,Common,Cereal,Maharashtra,Mumbai,Vashi APMC,Zaid,12,3370.59,Grade C,1.44,27.41,28.08,True
Rice,Common,Cereal,Punjab,Ludhiana,Ludhiana Mandi,Rabi,3,3592.53,Grade C,1.55,37.03,46.35,True
Groundnut,Local,Oilseed,Punjab,Ludhiana,Ludhiana Mandi,Year-Round,5,2520.23,Grade C,1.72,59.79,96.15,True
Rice,Common,Cereal,Punjab,Ludhiana,Ludhiana Mandi,Year-Round,5,1245.46,Grade C,1.21,32.44,31.41,True
Potato,Local,Vegetable,Karnataka,Bengaluru,Bengaluru APMC,Zaid,11,710.9,Grade B,0.66,18.54,12.89,True
Maize,Hybrid,Cereal,Maharashtra,Mumbai,Vashi APMC,Year-Round,12,1178.91,Grade B,0.61,21.31,11.6,True
Potato,Local,Vegetable,Maharashtra,Mumbai,Vashi APMC,Kharif,1,200.38,Grade A,1.46,14.11,22.33,True
Potato,Local,Vegetable,Karnataka,Bengaluru,Bengaluru APMC,Year-Round,4,2098.93,Grade B,0.92,18.86,15.93,True
Maize,Hybrid,Cereal,Maharashtra,Pune,Pune APMC,Kharif,1,2847.11,Grade B,1.63,22.45,32.41,True
Rice,Common,Cereal,Madhya Pradesh,Indore,Indore Mandi,Year-Round,3,2235.66,Grade B,1.73,36.06,55.56,True
Potato,Local,Vegetable,Gujarat,Rajkot,Rajkot APMC,Kharif,7,3443.74,Grade A,1.51,21.14,38.06,True
Green Chilli,Local,Spice,Uttar Pradesh,Agra,Agra Mandi,Kharif,11,3076.22,Grade B,1.76,40.83,65.7,True
Soybean,Local,Oilseed,Uttar Pradesh,Agra,Agra Mandi,Kharif,7,4783.29,Grade B,0.6,45.52,27.45,True
Onion,Red,Vegetable,Punjab,Ludhiana,Ludhiana Mandi,Zaid,7,3831.98,Grade B,0.62,22.16,14.03,True
Green Chilli,Local,Spice,Punjab,Ludhiana,Ludhiana Mandi,Rabi,4,1698.78,Grade A,1.11,40.5,53.08,True
Rice,Basmati,Cereal,Gujarat,Rajkot,Rajkot APMC,Rabi,11,3679.97,Grade B,0.6,79.65,43.17,True
Tomato,Hybrid,Vegetable,Punjab,Ludhiana,Ludhiana Mandi,Zaid,8,4293.11,Grade B,0.66,24.46,14.21,True
Green Chilli,Local,Spice,Maharashtra,Pune,Pune APMC,Zaid,5,855.74,Grade B,1.19,41.95,55.21,True
Rice,Common,Cereal,Maharashtra,Pune,Pune APMC,Rabi,9,2672.98,Grade A,1.07,35.97,41.21,True
Green Chilli,Local,Spice,Maharashtra,Mumbai,Vashi APMC,Kharif,5,2729.61,Grade B,0.99,43.35,43.66,True
Wheat,Common,Cereal,Karnataka,Bengaluru,Bengaluru APMC,Kharif,8,3312.82,Grade A,1.08,31.16,38.03,True
Rice,Common,Cereal,Karnataka,Bengaluru,Bengaluru APMC,Kharif,11,3258.64,Grade A,1.1,39.71,43.53,True
Soybean,Local,Oilseed,Madhya Pradesh,Indore,Indore Mandi,Year-Round,9,894.13,Grade B,1.68,47.92,78.23,True
Groundnut,Local,Oilseed,Maharashtra,Mumbai,Vashi APMC,Zaid,4,4504.55,Grade A,1.14,51.86,59.66,True
Rice,Basmati,Cereal,Uttar Pradesh,Agra,Agra Mandi,Year-Round,3,4996.62,Grade A,0.92,82.13,71.96,True
Maize,Hybrid,Cereal,Karnataka,Bengaluru,Bengaluru APMC,Year-Round,3,1597.78,Grade A,0.73,22.65,17.14,True
Maize,Hybrid,Cereal,Punjab,Ludhiana,Ludhiana Mandi,Zaid,3,767.91,Grade B,1.48,24.94,36.09,True
Groundnut,Local,Oilseed,Maharashtra,Mumbai,Vashi APMC,Kharif,1,2626.58,Grade A,1.39,62.26,87.85,True
Rice,Common,Cereal,Uttar Pradesh,Agra,Agra Mandi,Rabi,9,2069.7,Grade C,1.42,37.04,39.72,True
Onion,Red,Vegetable,Maharashtra,Nashik,Nashik APMC,Zaid,5,4966.16,Grade A,0.73,24.12,20.13,True
Onion,Red,Vegetable,Karnataka,Bengaluru,Bengaluru APMC,Rabi,9,4318.56,Grade B,0.94,23.97,21.63,True
Rice,Basmati,Cereal,Punjab,Ludhiana,Ludhiana Mandi,Kharif,3,4054.44,Grade B,1.56,88.5,118.53,True
Soybean,Local,Oilseed,Maharashtra,Mumbai,Vashi APMC,Year-Round,5,2755.8,Grade B,1.26,38.0,48.78,True
Rice,Common,Cereal,Maharashtra,Nashik,Nashik APMC,Year-Round,5,1024.92,Grade B,1.1,36.24,39.66,True
Tomato,Desi,Vegetable,Maharashtra,Nashik,Nashik APMC,Kharif,4,1057.5,Grade B,0.79,19.72,16.56,True
Rice,Basmati,Cereal,Maharashtra,Mumbai,Vashi APMC,Zaid,3,2793.14,Grade C,1.27,69.79,70.37,True
Rice,Common,Cereal,Maharashtra,Pune,Pune APMC,Rabi,10,722.87,Grade A,1.2,32.58,40.91,True
Mango,Local,Fruit,Maharashtra,Nashik,Nashik APMC,Year-Round,7,95.75,Grade A,1.57,67.01,129.01,True
Rice,Basmati,Cereal,Maharashtra,Pune,Pune APMC,Year-Round,6,480.35,Grade B,0.87,73.2,65.76,True
Wheat,Common,Cereal,Maharashtra,Nashik,Nashik APMC,Year-Round,12,2618.74,Grade A,1.33,28.21,40.74,True
Onion,Red,Vegetable,Karnataka,Bengaluru,Bengaluru APMC,Zaid,9,4150.47,Grade B,0.99,20.61,17.44,True
Green Chilli,Local,Spice,Punjab,Ludhiana,Ludhiana Mandi,Zaid,6,385.59,Grade C,1.47,38.02,54.59,True
Soybean,Local,Oilseed,Gujarat,Rajkot,Rajkot APMC,Kharif,3,4233.87,Grade B,1.23,47.53,52.42,True
Maize,Hybrid,Cereal,Karnataka,Bengaluru,Bengaluru APMC,Kharif,2,1139.33,Grade B,1.07,22.72,22.59,True
Maize,Hybrid,Cereal,Maharashtra,Nashik,Nashik APMC,Year-Round,10,1456.32,Grade A,0.81,20.48,18.34,True
Onion,Red,Vegetable,Gujarat,Rajkot,Rajkot APMC,Kharif,12,2267.58,Grade C,0.74,19.03,10.55,True
Potato,Local,Vegetable,Madhya Pradesh,Indore,Indore Mandi,Rabi,2,3683.66,Grade B,0.64,19.96,11.44,True
Green Chilli,Local,Spice,Maharashtra,Mumbai,Vashi APMC,Kharif,2,3752.22,Grade A,0.84,41.87,35.39,True
Rice,Basmati,Cereal,Maharashtra,Pune,Pune APMC,Zaid,8,3711.06,Grade A,1.1,71.79,89.51,True
Mango,Local,Fruit,Madhya Pradesh,Indore,Indore Mandi,Kharif,11,4030.34,Grade A,1.55,63.61,96.96,True
Tomato,Hybrid,Vegetable,Madhya Pradesh,Indore,Indore Mandi,Kharif,11,2803.37,Grade C,1.09,23.63,21.29,True
Soybean,Local,Oilseed,Uttar Pradesh,Agra,Agra Mandi,Year-Round,5,3311.33,Grade A,1.28,43.22,56.63,True
Potato,Local,Vegetable,Madhya Pradesh,Indore,Indore Mandi,Kharif,10,4484.27,Grade A,0.67,18.62,11.76,True
Onion,Red,Vegetable,Karnataka,Bengaluru,Bengaluru APMC,Year-Round,4,2558.51,Grade A,0.75,24.8,20.55,True
Wheat,Common,Cereal,Uttar Pradesh,Agra,Agra Mandi,Year-Round,6,3448.92,Grade A,1.61,31.24,59.67,True
Wheat,Common,Cereal,Maharashtra,Pune,Pune APMC,Year-Round,7,2039.66,Grade B,1.61,30.89,50.68,True
Mango,Local,Fruit,Karnataka,Bengaluru,Bengaluru APMC,Kharif,7,2906.41,Grade B,1.01,63.09,68.3,True
Groundnut,Local,Oilseed,Gujarat,Rajkot,Rajkot APMC,Kharif,8,1347.46,Grade B,1.01,62.03,62.23,True
Tomato,Desi,Vegetable,Madhya Pradesh,Indore,Indore Mandi,Kharif,7,1497.59,Grade A,1.56,19.01,37.58,True
Tomato,Desi,Vegetable,Karnataka,Bengaluru,Bengaluru APMC,Rabi,2,144.26,Grade A,1.48,20.31,32.25,True
Maize,Hybrid,Cereal,Gujarat,Rajkot,Rajkot APMC,Kharif,1,2377.97,Grade A,0.63,21.67,16.36,True
Wheat,Common,Cereal,Madhya Pradesh,Indore,Indore Mandi,Kharif,12,568.57,Grade A,1.15,29.42,37.0,True
Rice,Basmati,Cereal,Karnataka,Bengaluru,Bengaluru APMC,Rabi,5,2119.1,Grade B,1.28,67.11,93.75,True
Potato,Local,Vegetable,Madhya Pradesh,Indore,Indore Mandi,Kharif,2,71.58,Grade A,1.71,16.38,28.25,True
Tomato,Hybrid,Vegetable,Punjab,Ludhiana,Ludhiana Mandi,Rabi,1,1632.28,Grade C,1.57,27.23,34.57,True
Mango,Local,Fruit,Maharashtra,Nashik,Nashik APMC,Zaid,4,2007.63,Grade A,0.81,62.58,59.69,True
Onion,Red,Vegetable,Maharashtra,Nashik,Nashik APMC,Zaid,1,421.71,Grade A,1.73,23.26,43.33,True
Groundnut,Local,Oilseed,Karnataka,Bengaluru,Bengaluru APMC,Year-Round,11,4365.74,Grade A,1.42,49.13,69.99,True
Wheat,Common,Cereal,Uttar Pradesh,Agra,Agra Mandi,Rabi,8,4161.91,Grade A,0.77,28.16,24.55,True
Potato,Local,Vegetable,Karnataka,Bengaluru,Bengaluru APMC,Year-Round,11,3095.31,Grade C,1.59,18.45,21.44,True
Rice,Common,Cereal,Uttar Pradesh,Agra,Agra Mandi,Rabi,12,586.03,Grade C,1.11,33.49,31.15,True
Rice,Basmati,Cereal,Gujarat,Rajkot,Rajkot APMC,Rabi,8,361.32,Grade B,1.42,82.89,120.12,True
Onion,Red,Vegetable,Karnataka,Bengaluru,Bengaluru APMC,Kharif,6,4060.12,Grade C,0.92,23.01,17.99,True
Mango,Local,Fruit,Maharashtra,Pune,Pune APMC,Year-Round,7,76.35,Grade A,1.28,58.39,90.65,True
Soybean,Local,Oilseed,Uttar Pradesh,Agra,Agra Mandi,Kharif,10,4273.21,Grade A,0.92,34.97,34.47,True
Soybean,Local,Oilseed,Punjab,Ludhiana,Ludhiana Mandi,Kharif,1,2979.98,Grade B,1.48,42.44,56.38,True
Tomato,Hybrid,Vegetable,Karnataka,Bengaluru,Bengaluru APMC,Kharif,6,444.24,Grade B,1.12,21.14,27.05,True
Rice,Basmati,Cereal,Punjab,Ludhiana,Ludhiana Mandi,Zaid,11,3810.62,Grade A,1.53,88.31,134.5,True
Mango,Local,Fruit,Karnataka,Bengaluru,Bengaluru APMC,Zaid,12,3456.75,Grade A,1.22,76.01,95.28,True
Onion,Red,Vegetable,Madhya Pradesh,Indore,Indore Mandi,Year-Round,12,4761.24,Grade A,1.55,23.77,35.98,True
Green Chilli,Local,Spice,Maharashtra,Pune,Pune APMC,Zaid,1,2208.44,Grade A,1.36,35.9,48.93,True
Onion,Red,Vegetable,Maharashtra,Nashik,Nashik APMC,Zaid,1,1468.97,Grade A,1.04,21.61,23.69,True
Groundnut,Local,Oilseed,Uttar Pradesh,Agra,Agra Mandi,Kharif,3,3311.77,Grade B,0.93,54.81,48.68,True
Onion,Red,Vegetable,Maharashtra,Mumbai,Vashi APMC,Rabi,2,2843.29,Grade C,0.74,24.31,12.22,True
Rice,Basmati,Cereal,Maharashtra,Mumbai,Vashi APMC,Kharif,10,3611.81,Grade A,0.73,77.84,59.6,True
Soybean,Local,Oilseed,Maharashtra,Nashik,Nashik APMC,Year-Round,5,4881.55,Grade A,0.91,43.28,44.9,True
Soybean,Local,Oilseed,Punjab,Ludhiana,Ludhiana Mandi,Rabi,10,2607.84,Grade B,1.58,42.98,60.63,True
Wheat,Common,Cereal,Madhya Pradesh,Indore,Indore Mandi,Zaid,2,4711.08,Grade C,1.45,29.5,28.41,True
Green Chilli,Local,Spice,Gujarat,Rajkot,Rajkot APMC,Year-Round,8,2348.44,Grade B,0.9,38.4,34.59,True
Maize,Hybrid,Cereal,Madhya Pradesh,Indore,Indore Mandi,Rabi,5,579.08,Grade A,1.39,22.9,39.94,True
Mango,Local,Fruit,Madhya Pradesh,Indore,Indore Mandi,Zaid,9,3542.17,Grade B,1.5,68.42,96.0,True
Soybean,Local,Oilseed,Punjab,Ludhiana,Ludhiana Mandi,Kharif,6,4900.58,Grade B,0.87,40.72,40.98,True
Tomato,Desi,Vegetable,Punjab,Ludhiana,Ludhiana Mandi,Rabi,8,2590.44,Grade B,1.65,19.23,31.34,True
Rice,Common,Cereal,Uttar Pradesh,Agra,Agra Mandi,Year-Round,6,3970.42,Grade B,0.99,33.04,34.45,True
Tomato,Desi,Vegetable,Gujarat,Rajkot,Rajkot APMC,Kharif,6,1152.11,Grade B,1.46,20.07,32.75,True
Rice,Common,Cereal,Madhya Pradesh,Indore,Indore Mandi,Zaid,11,2404.49,Grade A,1.32,40.85,55.92,True
Tomato,Hybrid,Vegetable,Uttar Pradesh,Agra,Agra Mandi,Kharif,11,3461.85,Grade B,1.73,25.46,37.31,True
Mango,Local,Fruit,Madhya Pradesh,Indore,Indore Mandi,Rabi,12,2783.5,Grade A,1.39,63.89,87.95,True
Tomato,Desi,Vegetable,Gujarat,Rajkot,Rajkot APMC,Year-Round,10,4810.12,Grade B,1.21,19.05,21.49,True
Maize,Hybrid,Cereal,Punjab,Ludhiana,Ludhiana Mandi,Kharif,7,2740.18,Grade C,1.2,21.98,22.08,True
Mango,Local,Fruit,Maharashtra,Mumbai,Vashi APMC,Kharif,5,1625.36,Grade C,0.89,60.03,47.9,True
Potato,Local,Vegetable,Uttar Pradesh,Agra,Agra Mandi,Year-Round,3,4111.28,Grade A,1.62,17.22,27.64,True
Green Chilli,Local,Spice,Karnataka,Bengaluru,Bengaluru APMC,Zaid,8,207.83,Grade B,0.69,37.27,25.6,True
Soybean,Local,Oilseed,Madhya Pradesh,Indore,Indore Mandi,Zaid,3,2175.15,Grade C,1.09,46.21,37.65,True
Tomato,Desi,Vegetable,Maharashtra,Nashik,Nashik APMC,Rabi,5,1588.61,Grade C,1.78,19.82,32.63,True
Onion,Red,Vegetable,Maharashtra,Pune,Pune APMC,Year-Round,6,511.77,Grade B,1.49,22.15,36.82,True
Tomato,Hybrid,Vegetable,Maharashtra,Pune,Pune APMC,Zaid,4,3016.5,Grade C,1.17,28.97,27.63,True
Potato,Local,Vegetable,Maharashtra,Mumbai,Vashi APMC,Year-Round,10,4712.86,Grade A,0.68,17.53,11.8,True
Rice,Basmati,Cereal,Gujarat,Rajkot,Rajkot APMC,Zaid,8,3959.93,Grade C,1.36,60.97,70.81,True
Wheat,Common,Cereal,Karnataka,Bengaluru,Bengaluru APMC,Rabi,11,2042.93,Grade B,1.67,31.22,47.02,True
Soybean,Local,Oilseed,Maharashtra,Mumbai,Vashi APMC,Zaid,7,2297.78,Grade B,1.48,44.71,69.39,True
Groundnut,Local,Oilseed,Gujarat,Rajkot,Rajkot APMC,Year-Round,12,1706.94,Grade A,1.43,59.73,95.86,True
Green Chilli,Local,Spice,Uttar Pradesh,Agra,Agra Mandi,Rabi,5,1036.94,Grade B,0.97,40.39,40.6,True
Mango,Local,Fruit,Punjab,Ludhiana,Ludhiana Mandi,Zaid,10,1248.87,Grade C,0.8,62.63,40.13,True
Rice,Common,Cereal,Punjab,Ludhiana,Ludhiana Mandi,Zaid,10,3184.75,Grade B,1.57,34.88,48.03,True
Green Chilli,Local,Spice,Punjab,Ludhiana,Ludhiana Mandi,Year-Round,2,1583.34,Grade A,1.23,36.42,48.97,True
Green Chilli,Local,Spice,Gujarat,Rajkot,Rajkot APMC,Kharif,8,1425.44,Grade C,1.8,40.11,64.56,True
Green Chilli,Local,Spice,Gujarat,Rajkot,Rajkot APMC,Rabi,10,4212.57,Grade A,1.37,37.77,56.12,True
Onion,Red,Vegetable,Maharashtra,Pune,Pune APMC,Kharif,2,2889.58,Grade C,1.13,23.99,21.58,True
Rice,Basmati,Cereal,Uttar Pradesh,Agra,Agra Mandi,Zaid,4,180.6,Grade C,1.55,70.11,89.25,True
Wheat,Common,Cereal,Punjab,Ludhiana,Ludhiana Mandi,Rabi,10,2492.98,Grade A,1.66,24.62,41.04,True
Green Chilli,Local,Spice,Uttar Pradesh,Agra,Agra Mandi,Year-Round,9,4525.75,Grade B,1.32,44.78,53.22,True
Wheat,Common,Cereal,Maharashtra,Mumbai,Vashi APMC,Kharif,2,3100.28,Grade B,1.2,27.95,29.33,True
Rice,Basmati,Cereal,Maharashtra,Nashik,Nashik APMC,Year-Round,7,932.34,Grade B,1.69,68.01,118.41,True
Tomato,Hybrid,Vegetable,Maharashtra,Mumbai,Vashi APMC,Zaid,9,1876.83,Grade B,1.47,25.67,34.08,True
Rice,Basmati,Cereal,Uttar Pradesh,Agra,Agra Mandi,Zaid,11,4224.97,Grade B,1.51,78.43,106.09,True
Green Chilli,Local,Spice,Uttar Pradesh,Agra,Agra Mandi,Year-Round,11,1771.3,Grade B,1.65,41.7,64.63,True
Mango,Local,Fruit,Uttar Pradesh,Agra,Agra Mandi,Year-Round,10,2624.41,Grade B,1.6,58.2,81.82,True
Mango,Local,Fruit,Karnataka,Bengaluru,Bengaluru APMC,Zaid,2,4037.63,Grade C,1.55,72.32,81.97,True
Wheat,Common,Cereal,Maharashtra,Pune,Pune APMC,Zaid,12,423.99,Grade A,0.9,26.27,28.75,True
Tomato,Desi,Vegetable,Punjab,Ludhiana,Ludhiana Mandi,Year-Round,3,1538.25,Grade A,1.29,21.01,26.76,True
Onion,Red,Vegetable,Madhya Pradesh,Indore,Indore Mandi,Year-Round,10,1728.7,Grade C,0.68,24.88,13.71,True
Maize,Hybrid,Cereal,Maharashtra,Mumbai,Vashi APMC,Year-Round,9,3833.01,Grade A,1.25,22.14,27.6,True
Potato,Local,Vegetable,Maharashtra,Pune,Pune APMC,Zaid,12,104.59,Grade A,0.97,17.62,19.11,True
Rice,Common,Cereal,Uttar Pradesh,Agra,Agra Mandi,Year-Round,9,310.58,Grade A,0.67,36.77,27.05,True
Potato,Local,Vegetable,Maharashtra,Pune,Pune APMC,Year-Round,6,2611.43,Grade A,1.71,21.18,45.39,True
Tomato,Hybrid,Vegetable,Punjab,Ludhiana,Ludhiana Mandi,Rabi,12,1462.76,Grade A,1.61,27.47,48.07,True
Tomato,Desi,Vegetable,Karnataka,Bengaluru,Bengaluru APMC,Zaid,9,1488.68,Grade A,0.96,21.68,21.81,True
Mango,Local,Fruit,Uttar Pradesh,Agra,Agra Mandi,Rabi,6,567.19,Grade B,0.89,62.57,54.1,True
Mango,Local,Fruit,Maharashtra,Nashik,Nashik APMC,Year-Round,5,797.03,Grade B,1.55,63.25,106.14,True
Groundnut,Local,Oilseed,Gujarat,Rajkot,Rajkot APMC,Year-Round,10,1931.97,Grade A,1.65,49.56,88.49,True
Soybean,Local,Oilseed,Maharashtra,Pune,Pune APMC,Kharif,4,2460.73,Grade B,1.58,45.1,71.12,True
Rice,Common,Cereal,Gujarat,Rajkot,Rajkot APMC,Rabi,1,1074.58,Grade B,1.7,33.99,54.8,True
Soybean,Local,Oilseed,Madhya Pradesh,Indore,Indore Mandi,Zaid,10,88.53,Grade A,1.5,53.17,86.18,True
Onion,Red,Vegetable,Gujarat,Rajkot,Rajkot APMC,Zaid,6,4168.35,Grade A,1.29,19.6,30.39,True
Groundnut,Local,Oilseed,Madhya Pradesh,Indore,Indore Mandi,Rabi,5,520.48,Grade A,1.74,55.16,119.0,True
Rice,Basmati,Cereal,Madhya Pradesh,Indore,Indore Mandi,Zaid,1,1476.65,Grade A,0.79,85.47,80.61,True
Tomato,Desi,Vegetable,Madhya Pradesh,Indore,Indore Mandi,Kharif,11,1252.69,Grade B,1.37,18.57,23.1,True
Onion,Red,Vegetable,Maharashtra,Pune,Pune APMC,Kharif,7,4169.58,Grade B,0.94,21.0,17.58,True
Mango,Local,Fruit,Karnataka,Bengaluru,Bengaluru APMC,Rabi,9,3660.66,Grade C,1.76,62.68,83.33,True
Groundnut,Local,Oilseed,Gujarat,Rajkot,Rajkot APMC,Kharif,9,3369.98,Grade B,1.32,52.01,60.17,True
Mango,Local,Fruit,Karnataka,Bengaluru,Bengaluru APMC,Rabi,5,770.86,Grade A,0.64,68.17,53.22,True
Tomato,Hybrid,Vegetable,Maharashtra,Mumbai,Vashi APMC,Zaid,2,1279.92,Grade B,1.37,25.11,28.61,True
Tomato,Desi,Vegetable,Punjab,Ludhiana,Ludhiana Mandi,Rabi,8,2931.79,Grade C,0.9,22.02,17.62,True
Soybean,Local,Oilseed,Maharashtra,Nashik,Nashik APMC,Rabi,8,2473.46,Grade C,0.97,47.33,36.67,True
Rice,Basmati,Cereal,Uttar Pradesh,Agra,Agra Mandi,Rabi,1,1298.73,Grade B,0.79,74.32,56.37,True
Potato,Local,Vegetable,Maharashtra,Nashik,Nashik APMC,Zaid,2,2134.62,Grade A,0.68,13.68,10.07,True
Wheat,Common,Cereal,Gujarat,Rajkot,Rajkot APMC,Kharif,8,1162.07,Grade B,1.47,26.23,40.21,True
Soybean,Local,Oilseed,Punjab,Ludhiana,Ludhiana Mandi,Rabi,11,2022.59,Grade A,0.62,42.8,29.25,True
Tomato,Desi,Vegetable,Madhya Pradesh,Indore,Indore Mandi,Kharif,2,161.89,Grade A,0.89,20.05,18.79,True
Wheat,Common,Cereal,Punjab,Ludhiana,Ludhiana Mandi,Year-Round,11,4914.31,Grade B,1.63,28.89,41.83,True
Maize,Hybrid,Cereal,Gujarat,Rajkot,Rajkot APMC,Zaid,3,1978.8,Grade B,1.49,19.23,25.26,True
Rice,Basmati,Cereal,Maharashtra,Nashik,Nashik APMC,Zaid,8,833.29,Grade C,1.43,76.83,93.68,True
Rice,Common,Cereal,Maharashtra,Pune,Pune APMC,Zaid,6,141.7,Grade C,1.13,34.96,36.77,True
Tomato,Hybrid,Vegetable,Gujarat,Rajkot,Rajkot APMC,Rabi,7,1913.12,Grade A,1.41,25.33,45.32,True
Rice,Common,Cereal,Punjab,Ludhiana,Ludhiana Mandi,Kharif,1,851.38,Grade B,0.9,35.3,26.97,True
Soybean,Local,Oilseed,Madhya Pradesh,Indore,Indore Mandi,Rabi,7,3226.29,Grade C,1.58,39.22,55.09,True
Groundnut,Local,Oilseed,Maharashtra,Mumbai,Vashi APMC,Kharif,1,3735.79,Grade B,0.66,58.13,31.06,True
Potato,Local,Vegetable,Maharashtra,Mumbai,Vashi APMC,Rabi,11,841.57,Grade B,1.08,18.87,19.33,True
Groundnut,Local,Oilseed,Madhya Pradesh,Indore,Indore Mandi,Year-Round,7,3622.16,Grade A,0.69,54.8,45.87,True
Potato,Local,Vegetable,Maharashtra,Nashik,Nashik APMC,Rabi,3,2221.34,Grade A,1.07,17.65,20.96,True
Potato,Local,Vegetable,Maharashtra,Mumbai,Vashi APMC,Year-Round,3,2683.34,Grade B,1.57,17.03,24.89,True
Onion,Red,Vegetable,Gujarat,Rajkot,Rajkot APMC,Zaid,6,4830.9,Grade C,1.73,22.0,34.57,True
Tomato,Desi,Vegetable,Uttar Pradesh,Agra,Agra Mandi,Kharif,8,776.67,Grade B,1.17,20.31,23.91,True
Mango,Local,Fruit,Uttar Pradesh,Agra,Agra Mandi,Kharif,2,3906.38,Grade B,0.91,62.56,45.14,True
Wheat,Common,Cereal,Maharashtra,Nashik,Nashik APMC,Rabi,12,2314.97,Grade A,0.92,26.93,27.86,True
Green Chilli,Local,Spice,Uttar Pradesh,Agra,Agra Mandi,Zaid,7,2574.8,Grade B,1.35,44.43,61.5,True
Rice,Basmati,Cereal,Karnataka,Bengaluru,Bengaluru APMC,Year-Round,9,4167.53,Grade C,1.39,82.97,83.97,True
Maize,Hybrid,Cereal,Madhya Pradesh,Indore,Indore Mandi,Year-Round,4,1740.46,Grade A,1.54,22.47,39.22,True
Potato,Local,Vegetable,Maharashtra,Pune,Pune APMC,Rabi,9,2898.83,Grade C,1.71,18.83,24.16,True
Rice,Basmati,Cereal,Punjab,Ludhiana,Ludhiana Mandi,Year-Round,8,3841.83,Grade A,1.01,73.2,77.78,True
Potato,Local,Vegetable,Madhya Pradesh,Indore,Indore Mandi,Zaid,7,222.66,Grade B,1.09,17.88,20.85,True
Maize,Hybrid,Cereal,Karnataka,Bengaluru,Bengaluru APMC,Rabi,4,3253.2,Grade B,0.64,22.83,15.55,True
Maize,Hybrid,Cereal,Uttar Pradesh,Agra,Agra Mandi,Year-Round,1,4673.48,Grade B,0.99,21.33,17.87,True
Maize,Hybrid,Cereal,Uttar Pradesh,Agra,Agra Mandi,Year-Round,9,2821.42,Grade A,1.55,23.28,39.9,True
Onion,Red,Vegetable,Maharashtra,Pune,Pune APMC,Zaid,8,4149.95,Grade A,0.9,23.4,25.19,True
Potato,Local,Vegetable,Maharashtra,Pune,Pune APMC,Year-Round,10,4321.17,Grade A,1.17,18.28,22.15,True
Maize,Hybrid,Cereal,Gujarat,Rajkot,Rajkot APMC,Kharif,8,1283.41,Grade B,1.46,23.34,35.07,True
Onion,Red,Vegetable,Uttar Pradesh,Agra,Agra Mandi,Kharif,7,1824.61,Grade C,0.74,24.14,15.72,True
Mango,Local,Fruit,Karnataka,Bengaluru,Bengaluru APMC,Kharif,9,1869.91,Grade C,1.31,76.53,80.58,True
Rice,Basmati,Cereal,Maharashtra,Pune,Pune APMC,Kharif,6,4353.3,Grade B,1.18,69.39,82.7,True
Green Chilli,Local,Spice,Punjab,Ludhiana,Ludhiana Mandi,Kharif,9,3344.27,Grade B,1.77,42.68,71.74,True
Green Chilli,Local,Spice,Gujarat,Rajkot,Rajkot APMC,Zaid,8,3853.82,Grade C,0.85,42.0,32.74,True
Rice,Basmati,Cereal,Maharashtra,Pune,Pune APMC,Year-Round,9,2120.95,Grade A,1.53,78.06,134.91,True
Wheat,Common,Cereal,Maharashtra,Pune,Pune APMC,Rabi,5,1125.26,Grade A,1.46,24.85,42.89,True
Rice,Common,Cereal,Madhya Pradesh,Indore,Indore Mandi,Year-Round,12,467.14,Grade A,1.57,37.73,67.76,True
Soybean,Local,Oilseed,Punjab,Ludhiana,Ludhiana Mandi,Kharif,9,255.9,Grade A,0.63,41.34,28.38,True
Green Chilli,Local,Spice,Maharashtra,Pune,Pune APMC,Kharif,3,4232.5,Grade A,0.6,42.05,25.09,True
Rice,Basmati,Cereal,Gujarat,Rajkot,Rajkot APMC,Zaid,10,4695.42,Grade B,0.75,64.91,40.23,True
Green Chilli,Local,Spice,Maharashtra,Nashik,Nashik APMC,Year-Round,9,2682.96,Grade B,0.71,37.92,24.32,True
Maize,Hybrid,Cereal,Punjab,Ludhiana,Ludhiana Mandi,Year-Round,1,1034.64,Grade C,0.7,21.73,11.09,True
Onion,Red,Vegetable,Uttar Pradesh,Agra,Agra Mandi,Rabi,2,2867.3,Grade B,1.71,18.21,27.49,True
Soybean,Local,Oilseed,Karnataka,Bengaluru,Bengaluru APMC,Year-Round,10,3629.99,Grade A,1.56,47.41,75.75,True
Soybean,Local,Oilseed,Maharashtra,Pune,Pune APMC,Year-Round,12,3701.14,Grade B,1.32,43.02,49.49,True
Tomato,Desi,Vegetable,Maharashtra,Mumbai,Vashi APMC,Rabi,2,4665.83,Grade C,1.5,19.83,22.62,True
Tomato,Desi,Vegetable,Punjab,Ludhiana,Ludhiana Mandi,Rabi,7,664.97,Grade C,1.3,18.87,24.55,True
Tomato,Hybrid,Vegetable,Maharashtra,Mumbai,Vashi APMC,Rabi,7,2279.4,Grade B,0.99,27.66,28.6,True
Mango,Local,Fruit,Maharashtra,Nashik,Nashik APMC,Kharif,9,4736.2,Grade A,1.08,62.07,65.4,True
Onion,Red,Vegetable,Maharashtra,Pune,Pune APMC,Kharif,11,2409.29,Grade C,1.64,22.15,27.91,True
Mango,Local,Fruit,Karnataka,Bengaluru,Bengaluru APMC,Year-Round,6,3658.72,Grade B,1.71,65.21,108.95,True
Groundnut,Local,Oilseed,Gujarat,Rajkot,Rajkot APMC,Rabi,5,549.0,Grade B,0.91,51.97,51.8,True
Maize,Hybrid,Cereal,Punjab,Ludhiana,Ludhiana Mandi,Zaid,6,1387.73,Grade B,1.21,22.12,29.46,True
Tomato,Hybrid,Vegetable,Maharashtra,Pune,Pune APMC,Year-Round,5,1493.01,Grade A,1.28,24.23,36.74,True
Soybean,Local,Oilseed,Madhya Pradesh,Indore,Indore Mandi,Year-Round,8,1870.55,Grade B,0.63,47.87,31.13,True
Onion,Red,Vegetable,Maharashtra,Mumbai,Vashi APMC,Kharif,4,2648.42,Grade B,1.17,24.63,27.52,True
Tomato,Desi,Vegetable,Maharashtra,Mumbai,Vashi APMC,Kharif,2,236.85,Grade B,1.3,19.12,22.34,True
Rice,Basmati,Cereal,Karnataka,Bengaluru,Bengaluru APMC,Kharif,3,4475.57,Grade B,1.72,78.05,122.89,True
Onion,Red,Vegetable,Uttar Pradesh,Agra,Agra Mandi,Zaid,4,3183.49,Grade A,1.29,22.69,31.89,True
Maize,Hybrid,Cereal,Karnataka,Bengaluru,Bengaluru APMC,Zaid,6,3080.94,Grade B,1.46,24.63,37.26,True
Tomato,Hybrid,Vegetable,Gujarat,Rajkot,Rajkot APMC,Year-Round,12,2459.7,Grade A,1.77,24.83,47.67,True
Tomato,Hybrid,Vegetable,Maharashtra,Nashik,Nashik APMC,Kharif,2,4861.88,Grade A,1.34,23.02,30.93,True
Onion,Red,Vegetable,Madhya Pradesh,Indore,Indore Mandi,Kharif,2,879.73,Grade B,0.92,20.39,16.93,True
Rice,Common,Cereal,Maharashtra,Nashik,Nashik APMC,Rabi,11,516.34,Grade B,1.51,35.91,52.53,True
Wheat,Common,Cereal,Maharashtra,Pune,Pune APMC,Rabi,9,3425.07,Grade A,1.79,29.37,53.34,True
Onion,Red,Vegetable,Maharashtra,Nashik,Nashik APMC,Year-Round,9,640.18,Grade B,1.38,24.91,35.54,True
Soybean,Local,Oilseed,Punjab,Ludhiana,Ludhiana Mandi,Rabi,5,2018.08,Grade C,1.35,47.44,57.92,True
Groundnut,Local,Oilseed,Gujarat,Rajkot,Rajkot APMC,Kharif,5,4449.03,Grade C,0.89,54.5,40.81,True
Wheat,Common,Cereal,Karnataka,Bengaluru,Bengaluru APMC,Kharif,6,1197.36,Grade A,1.68,28.44,61.79,True
Rice,Common,Cereal,Maharashtra,Pune,Pune APMC,Year-Round,6,4581.61,Grade B,0.75,29.93,21.47,True
Wheat,Common,Cereal,Uttar Pradesh,Agra,Agra Mandi,Kharif,3,1176.08,Grade B,1.17,30.43,33.06,True
Tomato,Desi,Vegetable,Madhya Pradesh,Indore,Indore Mandi,Rabi,6,3651.59,Grade B,1.42,16.26,23.36,True
Rice,Common,Cereal,Uttar Pradesh,Agra,Agra Mandi,Year-Round,3,4253.2,Grade A,1.65,34.43,57.38,True
Tomato,Desi,Vegetable,Punjab,Ludhiana,Ludhiana Mandi,Year-Round,2,4448.78,Grade B,0.87,20.28,15.28,True
Green Chilli,Local,Spice,Maharashtra,Mumbai,Vashi APMC,Zaid,2,2630.28,Grade A,0.81,36.54,27.31,True
Green Chilli,Local,Spice,Karnataka,Bengaluru,Bengaluru APMC,Kharif,7,3655.35,Grade B,1.17,43.8,52.28,True
Wheat,Common,Cereal,Madhya Pradesh,Indore,Indore Mandi,Rabi,7,3516.06,Grade C,1.2,29.16,29.24,True
Rice,Common,Cereal,Maharashtra,Pune,Pune APMC,Zaid,8,141.36,Grade A,1.25,37.65,57.85,True
Tomato,Hybrid,Vegetable,Karnataka,Bengaluru,Bengaluru APMC,Year-Round,5,2966.21,Grade B,1.38,25.97,36.35,True
Mango,Local,Fruit,Maharashtra,Mumbai,Vashi APMC,Kharif,1,133.76,Grade A,1.04,65.25,68.15,True
Groundnut,Local,Oilseed,Karnataka,Bengaluru,Bengaluru APMC,Zaid,9,842.37,Grade A,1.54,50.38,88.29,True
Green Chilli,Local,Spice,Karnataka,Bengaluru,Bengaluru APMC,Rabi,9,108.24,Grade C,1.31,43.46,47.33,True
Groundnut,Local,Oilseed,Maharashtra,Nashik,Nashik APMC,Year-Round,1,3581.61,Grade A,1.71,59.94,102.58,True
Groundnut,Local,Oilseed,Maharashtra,Pune,Pune APMC,Zaid,5,2509.01,Grade C,0.65,52.48,30.04,True
Green Chilli,Local,Spice,Maharashtra,Nashik,Nashik APMC,Rabi,10,4985.26,Grade B,1.15,42.55,44.69,True
Tomato,Hybrid,Vegetable,Maharashtra,Nashik,Nashik APMC,Year-Round,7,4779.81,Grade B,1.4,25.35,35.31,True
Groundnut,Local,Oilseed,Punjab,Ludhiana,Ludhiana Mandi,Zaid,2,4113.5,Grade B,1.54,49.75,65.27,True
Rice,Basmati,Cereal,Madhya Pradesh,Indore,Indore Mandi,Zaid,8,1432.36,Grade C,1.04,76.27,67.2,True
Maize,Hybrid,Cereal,Maharashtra,Pune,Pune APMC,Zaid,10,2116.07,Grade A,0.96,23.06,22.75,True
Wheat,Common,Cereal,Maharashtra,Pune,Pune APMC,Year-Round,1,994.51,Grade A,1.26,26.89,34.2,True
Maize,Hybrid,Cereal,Madhya Pradesh,Indore,Indore Mandi,Year-Round,12,2920.81,Grade C,0.71,20.45,11.95,True
Maize,Hybrid,Cereal,Maharashtra,Pune,Pune APMC,Rabi,4,1469.72,Grade B,1.08,24.23,25.72,True
Tomato,Hybrid,Vegetable,Maharashtra,Pune,Pune APMC,Year-Round,10,89.76,Grade B,1.19,22.16,24.93,True
Onion,Red,Vegetable,Maharashtra,Mumbai,Vashi APMC,Rabi,12,1620.9,Grade C,1.35,24.12,27.0,True
Rice,Basmati,Cereal,Karnataka,Bengaluru,Bengaluru APMC,Zaid,8,334.98,Grade C,1.53,65.7,85.11,True
Soybean,Local,Oilseed,Maharashtra,Nashik,Nashik APMC,Year-Round,6,4049.98,Grade A,0.75,45.19,41.2,True
Mango,Local,Fruit,Maharashtra,Mumbai,Vashi APMC,Zaid,2,2589.69,Grade B,1.58,68.55,96.61,True
Soybean,Local,Oilseed,Gujarat,Rajkot,Rajkot APMC,Rabi,5,145.28,Grade C,1.59,43.44,61.4,True
Mango,Local,Fruit,Gujarat,Rajkot,Rajkot APMC,Zaid,9,4056.25,Grade C,1.16,59.81,47.75,True
Wheat,Common,Cereal,Gujarat,Rajkot,Rajkot APMC,Year-Round,1,4847.78,Grade B,1.33,31.76,35.29,True
Groundnut,Local,Oilseed,Madhya Pradesh,Indore,Indore Mandi,Rabi,6,257.75,Grade A,0.81,55.82,60.9,True
Tomato,Hybrid,Vegetable,Karnataka,Bengaluru,Bengaluru APMC,Year-Round,4,2791.51,Grade C,1.06,25.84,21.16,True
Rice,Basmati,Cereal,Maharashtra,Mumbai,Vashi APMC,Zaid,4,3741.4,Grade B,0.85,69.18,50.59,True
Groundnut,Local,Oilseed,Maharashtra,Mumbai,Vashi APMC,Zaid,5,1518.27,Grade A,1.67,51.92,108.45,True
Soybean,Local,Oilseed,Maharashtra,Mumbai,Vashi APMC,Year-Round,10,3809.83,Grade A,1.62,42.29,71.87,True
Wheat,Common,Cereal,Uttar Pradesh,Agra,Agra Mandi,Kharif,6,3658.07,Grade A,1.74,27.61,59.22,True
Rice,Basmati,Cereal,Punjab,Ludhiana,Ludhiana Mandi,Rabi,9,2151.92,Grade A,1.15,86.52,108.05,True
Wheat,Common,Cereal,Madhya Pradesh,Indore,Indore Mandi,Year-Round,7,307.84,Grade A,1.12,30.39,43.33,True
Maize,Hybrid,Cereal,Maharashtra,Mumbai,Vashi APMC,Rabi,11,4556.21,Grade B,0.99,23.04,20.14,True
Maize,Hybrid,Cereal,Maharashtra,Mumbai,Vashi APMC,Kharif,7,1261.71,Grade B,0.66,22.3,16.43,True
Soybean,Local,Oilseed,Maharashtra,Pune,Pune APMC,Rabi,1,1215.58,Grade A,0.77,40.95,34.46,True
Tomato,Desi,Vegetable,Punjab,Ludhiana,Ludhiana Mandi,Rabi,11,3959.15,Grade A,0.86,20.09,16.82,True
Mango,Local,Fruit,Maharashtra,Nashik,Nashik APMC,Year-Round,7,3215.83,Grade B,0.68,68.95,46.28,True
Tomato,Hybrid,Vegetable,Madhya Pradesh,Indore,Indore Mandi,Kharif,7,1684.05,Grade B,0.99,27.21,28.85,True
Soybean,Local,Oilseed,Karnataka,Bengaluru,Bengaluru APMC,Year-Round,11,4374.12,Grade B,1.12,50.23,48.61,True
Potato,Local,Vegetable,Uttar Pradesh,Agra,Agra Mandi,Year-Round,5,263.48,Grade B,1.29,17.56,25.29,True
Rice,Basmati,Cereal,Karnataka,Bengaluru,Bengaluru APMC,Kharif,3,4799.88,Grade A,1.31,77.6,104.85,True
Onion,Red,Vegetable,Maharashtra,Nashik,Nashik APMC,Year-Round,10,2076.88,Grade A,1.74,21.28,39.18,True
Rice,Common,Cereal,Madhya Pradesh,Indore,Indore Mandi,Rabi,7,2937.76,Grade B,1.5,32.29,50.19,True
Tomato,Desi,Vegetable,Maharashtra,Nashik,Nashik APMC,Year-Round,2,633.41,Grade B,1.75,19.74,31.14,True
Maize,Hybrid,Cereal,Maharashtra,Nashik,Nashik APMC,Year-Round,6,2971.98,Grade C,1.36,21.16,26.66,True
Wheat,Common,Cereal,Karnataka,Bengaluru,Bengaluru APMC,Kharif,11,4883.59,Grade A,1.68,28.33,48.1,True
Tomato,Hybrid,Vegetable,Karnataka,Bengaluru,Bengaluru APMC,Zaid,2,2791.49,Grade C,1.24,23.95,21.65,True
Rice,Basmati,Cereal,Maharashtra,Mumbai,Vashi APMC,Year-Round,6,2837.32,Grade C,1.31,74.57,96.19,True
Groundnut,Local,Oilseed,Uttar Pradesh,Agra,Agra Mandi,Year-Round,4,500.78,Grade A,1.17,52.52,69.73,True
Tomato,Hybrid,Vegetable,Punjab,Ludhiana,Ludhiana Mandi,Rabi,2,2115.87,Grade B,1.76,26.49,41.47,True
Potato,Local,Vegetable,Maharashtra,Mumbai,Vashi APMC,Kharif,11,4014.99,Grade A,1.08,17.99,20.42,True
Rice,Common,Cereal,Maharashtra,Pune,Pune APMC,Year-Round,4,4813.34,Grade B,1.38,35.26,47.84,True
Mango,Local,Fruit,Maharashtra,Pune,Pune APMC,Year-Round,5,1556.62,Grade B,1.42,67.42,102.89,True
Rice,Basmati,Cereal,Maharashtra,Mumbai,Vashi APMC,Zaid,11,2880.75,Grade B,1.67,79.06,119.31,True
Mango,Local,Fruit,Uttar Pradesh,Agra,Agra Mandi,Rabi,12,4246.02,Grade B,1.79,67.31,109.22,True
Groundnut,Local,Oilseed,Maharashtra,Pune,Pune APMC,Zaid,12,1942.7,Grade C,1.72,60.95,77.43,True
Soybean,Local,Oilseed,Punjab,Ludhiana,Ludhiana Mandi,Rabi,10,287.44,Grade C,1.66,52.63,66.42,True
Maize,Hybrid,Cereal,Madhya Pradesh,Indore,Indore Mandi,Year-Round,6,3537.7,Grade A,0.72,21.89,18.97,True
Tomato,Hybrid,Vegetable,Karnataka,Bengaluru,Bengaluru APMC,Zaid,7,2213.77,Grade A,1.45,26.2,46.04,True
Rice,Basmati,Cereal,Maharashtra,Nashik,Nashik APMC,Kharif,7,758.15,Grade C,1.71,73.56,112.65,True
Wheat,Common,Cereal,Maharashtra,Nashik,Nashik APMC,Kharif,12,3640.79,Grade B,0.68,28.35,17.79,True
Mango,Local,Fruit,Gujarat,Rajkot,Rajkot APMC,Year-Round,9,708.34,Grade B,0.63,64.07,37.07,True
Potato,Local,Vegetable,Madhya Pradesh,Indore,Indore Mandi,Rabi,1,514.85,Grade B,1.39,19.61,24.89,True
Tomato,Desi,Vegetable,Maharashtra,Pune,Pune APMC,Kharif,9,1017.34,Grade C,0.61,21.25,9.46,True
Tomato,Hybrid,Vegetable,Maharashtra,Pune,Pune APMC,Kharif,10,3484.1,Grade C,1.07,23.5,15.99,True
Tomato,Hybrid,Vegetable,Karnataka,Bengaluru,Bengaluru APMC,Zaid,5,3039.2,Grade A,0.77,25.83,23.63,True
Wheat,Common,Cereal,Maharashtra,Mumbai,Vashi APMC,Year-Round,5,2000.02,Grade A,1.33,28.51,44.35,True
Rice,Basmati,Cereal,Karnataka,Bengaluru,Bengaluru APMC,Year-Round,9,2601.71,Grade C,0.91,69.38,54.24,True
Onion,Red,Vegetable,Punjab,Ludhiana,Ludhiana Mandi,Year-Round,10,954.13,Grade A,1.5,24.23,37.47,True
Wheat,Common,Cereal,Punjab,Ludhiana,Ludhiana Mandi,Kharif,1,3986.67,Grade C,1.36,24.01,25.76,True
Soybean,Local,Oilseed,Maharashtra,Pune,Pune APMC,Zaid,6,3868.58,Grade C,0.6,43.83,24.33,True
Onion,Red,Vegetable,Punjab,Ludhiana,Ludhiana Mandi,Year-Round,2,2536.89,Grade A,1.7,23.82,41.73,True
Soybean,Local,Oilseed,Maharashtra,Pune,Pune APMC,Rabi,11,3594.83,Grade A,1.01,42.72,46.75,True
Green Chilli,Local,Spice,Gujarat,Rajkot,Rajkot APMC,Zaid,10,1737.34,Grade B,1.09,43.92,42.03,True
Tomato,Hybrid,Vegetable,Uttar Pradesh,Agra,Agra Mandi,Rabi,11,4714.6,Grade B,1.78,24.49,37.87,True
Mango,Local,Fruit,Gujarat,Rajkot,Rajkot APMC,Rabi,4,3239.61,Grade B,1.51,68.32,103.93,True
Potato,Local,Vegetable,Madhya Pradesh,Indore,Indore Mandi,Kharif,4,3349.03,Grade B,0.76,16.7,11.89,True
Maize,Hybrid,Cereal,Gujarat,Rajkot,Rajkot APMC,Rabi,4,1747.93,Grade B,0.82,22.1,18.43,True
Maize,Hybrid,Cereal,Madhya Pradesh,Indore,Indore Mandi,Zaid,5,3871.22,Grade C,0.65,24.27,12.89,True
Tomato,Hybrid,Vegetable,Maharashtra,Mumbai,Vashi APMC,Kharif,4,705.04,Grade A,1.41,24.88,42.88,True
Green Chilli,Local,Spice,Maharashtra,Mumbai,Vashi APMC,Year-Round,11,567.96,Grade B,1.52,49.24,72.13,True
Rice,Basmati,Cereal,Maharashtra,Pune,Pune APMC,Year-Round,9,3380.94,Grade A,1.12,72.0,86.69,True
Tomato,Desi,Vegetable,Punjab,Ludhiana,Ludhiana Mandi,Year-Round,2,375.92,Grade B,1.35,17.41,22.09,True
Soybean,Local,Oilseed,Punjab,Ludhiana,Ludhiana Mandi,Kharif,12,2055.26,Grade A,1.75,44.56,82.46,True
Potato,Local,Vegetable,Karnataka,Bengaluru,Bengaluru APMC,Rabi,8,2985.29,Grade B,1.51,16.21,24.78,True
Soybean,Local,Oilseed,Punjab,Ludhiana,Ludhiana Mandi,Kharif,3,1835.9,Grade A,1.33,43.53,60.87,True
Maize,Hybrid,Cereal,Maharashtra,Mumbai,Vashi APMC,Year-Round,10,3959.85,Grade B,1.39,19.5,25.39,True
Mango,Local,Fruit,Madhya Pradesh,Indore,Indore Mandi,Year-Round,11,941.09,Grade C,1.12,61.81,58.39,True
Tomato,Desi,Vegetable,Maharashtra,Mumbai,Vashi APMC,Year-Round,10,2501.1,Grade B,1.33,21.52,24.57,True
Tomato,Desi,Vegetable,Madhya Pradesh,Indore,Indore Mandi,Year-Round,4,1113.03,Grade B,1.6,22.73,34.51,True
Potato,Local,Vegetable,Karnataka,Bengaluru,Bengaluru APMC,Kharif,3,1084.0,Grade A,1.53,16.09,26.33,True
Green Chilli,Local,Spice,Uttar Pradesh,Agra,Agra Mandi,Year-Round,4,150.39,Grade C,1.35,35.94,44.11,True
Tomato,Desi,Vegetable,Maharashtra,Mumbai,Vashi APMC,Kharif,11,337.76,Grade C,1.71,20.81,28.23,True
Maize,Hybrid,Cereal,Karnataka,Bengaluru,Bengaluru APMC,Year-Round,3,4300.82,Grade A,1.08,22.89,27.08,True
Onion,Red,Vegetable,Maharashtra,Pune,Pune APMC,Rabi,5,2452.59,Grade A,1.02,22.43,25.78,True
Rice,Common,Cereal,Karnataka,Bengaluru,Bengaluru APMC,Rabi,1,4735.49,Grade A,0.9,38.35,36.16,True
Wheat,Common,Cereal,Maharashtra,Pune,Pune APMC,Rabi,4,2316.73,Grade C,1.28,29.78,33.85,True
Mango,Local,Fruit,Punjab,Ludhiana,Ludhiana Mandi,Rabi,8,4535.18,Grade A,0.76,56.84,49.47,True
Rice,Basmati,Cereal,Punjab,Ludhiana,Ludhiana Mandi,Zaid,9,915.98,Grade B,1.32,78.0,101.52,True
Potato,Local,Vegetable,Madhya Pradesh,Indore,Indore Mandi,Kharif,6,2961.12,Grade A,1.7,18.56,40.98,True
Groundnut,Local,Oilseed,Madhya Pradesh,Indore,Indore Mandi,Rabi,3,3395.66,Grade B,1.79,54.13,85.85,True
Rice,Basmati,Cereal,Maharashtra,Pune,Pune APMC,Kharif,10,4310.23,Grade A,1.23,75.65,92.22,True
Rice,Common,Cereal,Maharashtra,Pune,Pune APMC,Zaid,4,404.81,Grade A,1.45,32.48,54.66,True
Rice,Common,Cereal,Maharashtra,Mumbai,Vashi APMC,Year-Round,7,127.58,Grade A,1.1,37.17,49.17,True
Mango,Local,Fruit,Karnataka,Bengaluru,Bengaluru APMC,Year-Round,11,4441.49,Grade B,0.91,55.06,42.97,True
Green Chilli,Local,Spice,Maharashtra,Nashik,Nashik APMC,Rabi,8,3849.1,Grade B,1.5,43.52,63.5,True
Soybean,Local,Oilseed,Maharashtra,Pune,Pune APMC,Rabi,7,1300.18,Grade B,1.05,43.95,48.4,True
Mango,Local,Fruit,Uttar Pradesh,Agra,Agra Mandi,Kharif,5,3273.4,Grade C,0.87,63.76,45.97,True
Tomato,Desi,Vegetable,Maharashtra,Mumbai,Vashi APMC,Kharif,4,4831.67,Grade A,1.76,22.24,41.97,True
Tomato,Desi,Vegetable,Karnataka,Bengaluru,Bengaluru APMC,Zaid,11,352.8,Grade A,0.79,20.51,14.85,True
Rice,Common,Cereal,Uttar Pradesh,Agra,Agra Mandi,Year-Round,3,2822.02,Grade B,1.14,36.18,37.6,True
Maize,Hybrid,Cereal,Karnataka,Bengaluru,Bengaluru APMC,Kharif,3,2706.31,Grade B,1.75,21.73,34.56,True
Potato,Local,Vegetable,Madhya Pradesh,Indore,Indore Mandi,Year-Round,4,277.92,Grade A,1.02,20.54,23.37,True
Mango,Local,Fruit,Maharashtra,Pune,Pune APMC,Rabi,11,1086.96,Grade B,0.64,74.66,39.11,True
Wheat,Common,Cereal,Karnataka,Bengaluru,Bengaluru APMC,Kharif,5,618.4,Grade B,1.75,31.21,56.45,True
Potato,Local,Vegetable,Punjab,Ludhiana,Ludhiana Mandi,Zaid,6,3235.59,Grade B,1.68,14.24,25.28,True
Tomato,Desi,Vegetable,Gujarat,Rajkot,Rajkot APMC,Zaid,6,2837.83,Grade A,0.79,21.01,19.87,True
Wheat,Common,Cereal,Gujarat,Rajkot,Rajkot APMC,Rabi,6,4712.77,Grade B,0.86,27.18,26.92,True
Mango,Local,Fruit,Maharashtra,Mumbai,Vashi APMC,Rabi,9,160.39,Grade B,1.33,58.98,70.73,True
Green Chilli,Local,Spice,Maharashtra,Mumbai,Vashi APMC,Zaid,4,3376.92,Grade A,0.9,43.0,41.35,True
Soybean,Local,Oilseed,Gujarat,Rajkot,Rajkot APMC,Rabi,1,1083.29,Grade B,1.18,45.69,50.32,True
Soybean,Local,Oilseed,Uttar Pradesh,Agra,Agra Mandi,Rabi,11,4886.01,Grade B,1.37,51.35,64.07,True
Wheat,Common,Cereal,Maharashtra,Mumbai,Vashi APMC,Zaid,10,1452.82,Grade B,1.37,25.58,32.45,True
Onion,Red,Vegetable,Punjab,Ludhiana,Ludhiana Mandi,Year-Round,6,2866.77,Grade A,1.49,20.78,38.69,True
Tomato,Desi,Vegetable,Karnataka,Bengaluru,Bengaluru APMC,Year-Round,1,3788.93,Grade A,1.68,20.07,34.11,True
Maize,Hybrid,Cereal,Punjab,Ludhiana,Ludhiana Mandi,Zaid,6,750.67,Grade C,1.45,21.39,29.22,True
Rice,Common,Cereal,Punjab,Ludhiana,Ludhiana Mandi,Zaid,5,2165.74,Grade A,1.72,33.39,65.29,True
Soybean,Local,Oilseed,Maharashtra,Pune,Pune APMC,Zaid,8,1392.19,Grade C,0.96,40.45,37.35,True
Groundnut,Local,Oilseed,Maharashtra,Nashik,Nashik APMC,Kharif,11,2814.04,Grade A,0.64,45.87,24.67,True
Rice,Basmati,Cereal,Maharashtra,Pune,Pune APMC,Year-Round,3,2534.96,Grade A,1.31,82.74,109.09,True
Rice,Basmati,Cereal,Maharashtra,Mumbai,Vashi APMC,Kharif,6,2998.62,Grade A,1.77,75.28,162.4,True
Rice,Common,Cereal,Madhya Pradesh,Indore,Indore Mandi,Zaid,1,1861.68,Grade C,1.6,33.8,41.88,True
Wheat,Common,Cereal,Maharashtra,Nashik,Nashik APMC,Zaid,7,1291.92,Grade B,1.31,26.57,35.81,True
Green Chilli,Local,Spice,Uttar Pradesh,Agra,Agra Mandi,Year-Round,10,3827.15,Grade A,1.4,41.77,57.61,True
Rice,Common,Cereal,Maharashtra,Mumbai,Vashi APMC,Zaid,7,3818.68,Grade A,0.91,32.93,31.6,True
Rice,Basmati,Cereal,Maharashtra,Mumbai,Vashi APMC,Rabi,2,2791.46,Grade C,1.48,68.47,74.36,True
Maize,Hybrid,Cereal,Uttar Pradesh,Agra,Agra Mandi,Kharif,4,2764.99,Grade A,0.74,21.36,17.71,True
Wheat,Common,Cereal,Madhya Pradesh,Indore,Indore Mandi,Kharif,10,755.65,Grade B,1.61,29.95,46.36,True
Green Chilli,Local,Spice,Maharashtra,Mumbai,Vashi APMC,Kharif,1,2916.41,Grade B,0.88,38.17,26.34,True
Potato,Local,Vegetable,Maharashtra,Nashik,Nashik APMC,Rabi,6,4178.25,Grade A,0.77,18.48,17.37,True
Tomato,Hybrid,Vegetable,Karnataka,Bengaluru,Bengaluru APMC,Rabi,2,932.25,Grade B,1.63,21.73,30.04,True
Wheat,Common,Cereal,Karnataka,Bengaluru,Bengaluru APMC,Rabi,11,1847.49,Grade B,1.74,28.58,45.66,True
Tomato,Hybrid,Vegetable,Maharashtra,Pune,Pune APMC,Kharif,3,3285.5,Grade C,0.62,25.63,11.6,True
Rice,Common,Cereal,Madhya Pradesh,Indore,Indore Mandi,Year-Round,7,1836.29,Grade B,0.62,36.7,22.82,True
Potato,Local,Vegetable,Madhya Pradesh,Indore,Indore Mandi,Rabi,1,1779.95,Grade B,1.71,17.56,28.74,True
Mango,Local,Fruit,Karnataka,Bengaluru,Bengaluru APMC,Kharif,3,2361.49,Grade A,0.87,63.27,53.53,True
Tomato,Hybrid,Vegetable,Maharashtra,Pune,Pune APMC,Rabi,10,1447.52,Grade A,1.18,24.96,31.04,True
Potato,Local,Vegetable,Punjab,Ludhiana,Ludhiana Mandi,Year-Round,6,3188.94,Grade A,0.75,16.68,15.92,True
Wheat,Common,Cereal,Maharashtra,Nashik,Nashik APMC,Zaid,2,4182.27,Grade B,0.66,28.85,17.55,True
Rice,Common,Cereal,Uttar Pradesh,Agra,Agra Mandi,Kharif,4,1519.88,Grade B,1.55,33.29,51.49,True
Groundnut,Local,Oilseed,Madhya Pradesh,Indore,Indore Mandi,Kharif,10,1489.78,Grade A,0.92,51.54,52.06,True
Groundnut,Local,Oilseed,Karnataka,Bengaluru,Bengaluru APMC,Rabi,7,2993.01,Grade C,1.31,50.47,62.13,True
Mango,Local,Fruit,Karnataka,Bengaluru,Bengaluru APMC,Year-Round,2,4816.62,Grade C,1.36,64.05,65.79,True
Onion,Red,Vegetable,Uttar Pradesh,Agra,Agra Mandi,Kharif,6,2747.79,Grade A,0.87,20.6,18.71,True
Wheat,Common,Cereal,Maharashtra,Mumbai,Vashi APMC,Kharif,8,137.64,Grade B,1.63,28.95,47.83,True
Rice,Common,Cereal,Maharashtra,Nashik,Nashik APMC,Kharif,4,1853.24,Grade B,0.88,42.09,34.19,True
Tomato,Hybrid,Vegetable,Karnataka,Bengaluru,Bengaluru APMC,Zaid,9,1992.64,Grade A,0.94,25.4,26.42,True
Rice,Common,Cereal,Maharashtra,Pune,Pune APMC,Year-Round,11,340.02,Grade C,0.86,32.49,23.65,True
Tomato,Hybrid,Vegetable,Madhya Pradesh,Indore,Indore Mandi,Year-Round,12,620.06,Grade A,1.1,24.5,29.82,True
Wheat,Common,Cereal,Madhya Pradesh,Indore,Indore Mandi,Year-Round,4,1285.92,Grade B,1.29,28.18,36.35,True
Rice,Common,Cereal,Maharashtra,Nashik,Nashik APMC,Rabi,11,2752.82,Grade B,1.26,34.63,38.57,True
Rice,Basmati,Cereal,Gujarat,Rajkot,Rajkot APMC,Kharif,11,1653.33,Grade A,1.22,73.05,98.33,True
Soybean,Local,Oilseed,Uttar Pradesh,Agra,Agra Mandi,Rabi,9,2538.78,Grade A,1.35,40.57,54.87,True
Mango,Local,Fruit,Maharashtra,Mumbai,Vashi APMC,Zaid,7,4682.19,Grade C,1.08,65.34,66.77,True
Tomato,Desi,Vegetable,Maharashtra,Pune,Pune APMC,Kharif,8,1299.59,Grade A,1.29,19.0,30.01,True
Potato,Local,Vegetable,Uttar Pradesh,Agra,Agra Mandi,Rabi,2,2756.6,Grade C,1.49,17.14,17.07,True
Rice,Common,Cereal,Maharashtra,Pune,Pune APMC,Rabi,1,1542.9,Grade B,1.34,35.55,45.74,True
Rice,Common,Cereal,Madhya Pradesh,Indore,Indore Mandi,Kharif,7,2646.7,Grade C,0.87,34.65,22.99,True
Green Chilli,Local,Spice,Maharashtra,Nashik,Nashik APMC,Kharif,10,468.98,Grade A,0.66,39.0,26.01,True
Tomato,Hybrid,Vegetable,Karnataka,Bengaluru,Bengaluru APMC,Zaid,5,4051.49,Grade A,1.22,23.35,34.28,True
Mango,Local,Fruit,Maharashtra,Mumbai,Vashi APMC,Rabi,9,4742.29,Grade A,1.29,64.77,80.32,True
Soybean,Local,Oilseed,Uttar Pradesh,Agra,Agra Mandi,Rabi,5,3215.79,Grade C,1.4,43.05,51.54,True
Onion,Red,Vegetable,Maharashtra,Mumbai,Vashi APMC,Year-Round,5,4503.81,Grade B,1.0,23.24,22.67,True
Onion,Red,Vegetable,Maharashtra,Mumbai,Vashi APMC,Rabi,6,3298.33,Grade A,1.06,21.15,28.29,True
Groundnut,Local,Oilseed,Maharashtra,Nashik,Nashik APMC,Kharif,3,484.28,Grade C,1.61,56.02,73.57,True
Maize,Hybrid,Cereal,Gujarat,Rajkot,Rajkot APMC,Zaid,7,1640.78,Grade A,0.64,18.99,15.3,True
Onion,Red,Vegetable,Gujarat,Rajkot,Rajkot APMC,Zaid,10,3814.76,Grade B,1.18,20.35,18.86,True
Tomato,Desi,Vegetable,Gujarat,Rajkot,Rajkot APMC,Rabi,8,4429.18,Grade A,0.98,22.33,22.79,True
Rice,Basmati,Cereal,Karnataka,Bengaluru,Bengaluru APMC,Kharif,1,4931.59,Grade C,1.59,84.99,98.61,True
Wheat,Common,Cereal,Maharashtra,Pune,Pune APMC,Zaid,10,2044.72,Grade A,0.62,26.89,18.84,True
Tomato,Desi,Vegetable,Punjab,Ludhiana,Ludhiana Mandi,Year-Round,1,4993.81,Grade B,1.05,21.24,19.06,True
Green Chilli,Local,Spice,Karnataka,Bengaluru,Bengaluru APMC,Zaid,12,1808.93,Grade C,1.29,41.63,44.92,True
Tomato,Hybrid,Vegetable,Punjab,Ludhiana,Ludhiana Mandi,Kharif,9,4532.17,Grade B,0.64,23.6,12.33,True
Tomato,Hybrid,Vegetable,Maharashtra,Mumbai,Vashi APMC,Rabi,2,4440.59,Grade A,0.84,23.3,20.26,True
Groundnut,Local,Oilseed,Maharashtra,Nashik,Nashik APMC,Rabi,9,535.69,Grade A,1.14,51.66,67.16,True
Green Chilli,Local,Spice,Karnataka,Bengaluru,Bengaluru APMC,Year-Round,9,272.43,Grade C,0.8,39.81,26.24,True
Groundnut,Local,Oilseed,Uttar Pradesh,Agra,Agra Mandi,Kharif,1,4923.11,Grade A,1.27,49.45,66.46,True
Mango,Local,Fruit,Karnataka,Bengaluru,Bengaluru APMC,Rabi,1,3015.11,Grade A,1.63,66.84,109.53,True
Groundnut,Local,Oilseed,Maharashtra,Nashik,Nashik APMC,Kharif,7,716.56,Grade B,1.22,52.32,70.54,True
Soybean,Local,Oilseed,Punjab,Ludhiana,Ludhiana Mandi,Year-Round,10,142.98,Grade B,1.77,46.78,76.55,True
Groundnut,Local,Oilseed,Maharashtra,Pune,Pune APMC,Kharif,2,2508.55,Grade A,1.09,57.55,63.82,True
Potato,Local,Vegetable,Karnataka,Bengaluru,Bengaluru APMC,Kharif,9,3584.57,Grade B,0.95,17.06,13.06,True
Tomato,Hybrid,Vegetable,Uttar Pradesh,Agra,Agra Mandi,Zaid,8,865.04,Grade C,0.61,25.17,12.21,True
Onion,Red,Vegetable,Punjab,Ludhiana,Ludhiana Mandi,Kharif,9,2564.08,Grade B,1.57,25.42,37.21,True
Rice,Basmati,Cereal,Maharashtra,Mumbai,Vashi APMC,Kharif,8,2187.0,Grade C,1.36,70.44,79.1,True
Wheat,Common,Cereal,Madhya Pradesh,Indore,Indore Mandi,Rabi,4,2750.53,Grade A,1.63,25.36,47.26,True
Maize,Hybrid,Cereal,Maharashtra,Nashik,Nashik APMC,Year-Round,12,3349.37,Grade B,1.64,22.39,34.71,True
Mango,Local,Fruit,Maharashtra,Nashik,Nashik APMC,Kharif,4,4960.39,Grade C,0.82,70.61,45.9,True
Groundnut,Local,Oilseed,Maharashtra,Pune,Pune APMC,Rabi,4,3911.95,Grade A,0.95,59.05,57.29,True
Onion,Red,Vegetable,Uttar Pradesh,Agra,Agra Mandi,Zaid,11,306.14,Grade B,0.64,21.15,12.22,True
Tomato,Desi,Vegetable,Punjab,Ludhiana,Ludhiana Mandi,Year-Round,4,2873.77,Grade A,0.71,23.05,16.56,True
Rice,Common,Cereal,Madhya Pradesh,Indore,Indore Mandi,Kharif,10,1249.07,Grade C,0.89,34.35,24.33,True
Tomato,Desi,Vegetable,Uttar Pradesh,Agra,Agra Mandi,Rabi,10,2689.34,Grade C,0.72,22.23,12.55,True
Tomato,Desi,Vegetable,Punjab,Ludhiana,Ludhiana Mandi,Kharif,10,2988.58,Grade A,1.66,19.09,33.17,True
Wheat,Common,Cereal,Madhya Pradesh,Indore,Indore Mandi,Year-Round,10,4516.61,Grade C,1.55,31.12,32.65,True
Groundnut,Local,Oilseed,Uttar Pradesh,Agra,Agra Mandi,Rabi,1,123.41,Grade B,1.57,55.2,81.66,True
Soybean,Local,Oilseed,Karnataka,Bengaluru,Bengaluru APMC,Year-Round,5,2365.92,Grade A,0.64,42.79,31.37,True
Tomato,Hybrid,Vegetable,Madhya Pradesh,Indore,Indore Mandi,Year-Round,1,642.85,Grade B,1.44,24.98,33.48,True
Groundnut,Local,Oilseed,Maharashtra,Nashik,Nashik APMC,Zaid,4,1524.49,Grade C,1.27,62.23,63.79,True
Potato,Local,Vegetable,Gujarat,Rajkot,Rajkot APMC,Kharif,1,1241.98,Grade B,1.15,21.94,22.59,True
Rice,Common,Cereal,Maharashtra,Pune,Pune APMC,Zaid,10,2657.39,Grade A,0.72,36.42,26.65,True
Potato,Local,Vegetable,Karnataka,Bengaluru,Bengaluru APMC,Year-Round,5,554.36,Grade B,1.1,18.64,22.54,True
Green Chilli,Local,Spice,Gujarat,Rajkot,Rajkot APMC,Rabi,12,618.24,Grade C,0.66,35.08,19.85,True
Rice,Basmati,Cereal,Madhya Pradesh,Indore,Indore Mandi,Kharif,4,556.88,Grade A,1.48,63.43,106.86,True
Wheat,Common,Cereal,Madhya Pradesh,Indore,Indore Mandi,Year-Round,9,2849.54,Grade B,0.69,27.18,15.78,True
Green Chilli,Local,Spice,Karnataka,Bengaluru,Bengaluru APMC,Rabi,10,2447.5,Grade B,0.71,38.85,23.63,True
Green Chilli,Local,Spice,Uttar Pradesh,Agra,Agra Mandi,Year-Round,9,1703.68,Grade A,0.93,45.55,46.88,True
Tomato,Desi,Vegetable,Gujarat,Rajkot,Rajkot APMC,Kharif,3,4229.61,Grade A,1.61,19.0,30.81,True
Tomato,Desi,Vegetable,Karnataka,Bengaluru,Bengaluru APMC,Zaid,11,1583.3,Grade A,0.84,16.83,17.14,True
Mango,Local,Fruit,Gujarat,Rajkot,Rajkot APMC,Year-Round,10,1268.19,Grade A,1.42,63.37,97.81,True
Potato,Local,Vegetable,Maharashtra,Mumbai,Vashi APMC,Kharif,6,190.21,Grade C,1.43,18.81,26.47,True
Rice,Common,Cereal,Gujarat,Rajkot,Rajkot APMC,Zaid,8,2037.51,Grade B,1.11,34.18,38.12,True
Rice,Common,Cereal,Punjab,Ludhiana,Ludhiana Mandi,Zaid,2,237.03,Grade A,1.77,36.06,66.92,True
Maize,Hybrid,Cereal,Karnataka,Bengaluru,Bengaluru APMC,Rabi,3,1249.53,Grade C,1.53,23.38,28.52,True
Soybean,Local,Oilseed,Maharashtra,Pune,Pune APMC,Year-Round,3,620.69,Grade B,1.71,43.08,71.24,True
Maize,Hybrid,Cereal,Maharashtra,Nashik,Nashik APMC,Zaid,7,4191.72,Grade A,0.81,21.72,19.71,True
Tomato,Desi,Vegetable,Gujarat,Rajkot,Rajkot APMC,Zaid,12,2225.49,Grade C,0.67,20.66,12.59,True
Groundnut,Local,Oilseed,Uttar Pradesh,Agra,Agra Mandi,Zaid,1,1726.46,Grade A,1.51,59.59,95.24,True
Groundnut,Local,Oilseed,Karnataka,Bengaluru,Bengaluru APMC,Year-Round,7,1073.86,Grade C,1.35,59.41,72.24,True
Groundnut,Local,Oilseed,Uttar Pradesh,Agra,Agra Mandi,Zaid,11,2010.32,Grade B,1.78,53.1,88.17,True
Wheat,Common,Cereal,Maharashtra,Pune,Pune APMC,Zaid,10,3646.71,Grade B,1.21,24.4,23.46,True
Onion,Red,Vegetable,Maharashtra,Pune,Pune APMC,Zaid,10,1101.45,Grade B,0.85,21.63,16.62,True
Tomato,Hybrid,Vegetable,Maharashtra,Pune,Pune APMC,Zaid,2,2829.55,Grade A,1.36,21.99,29.24,True
Maize,Hybrid,Cereal,Maharashtra,Mumbai,Vashi APMC,Zaid,8,3326.65,Grade C,1.13,21.79,20.56,True
Tomato,Hybrid,Vegetable,Madhya Pradesh,Indore,Indore Mandi,Kharif,2,1047.49,Grade A,1.57,21.8,34.97,True
Maize,Hybrid,Cereal,Uttar Pradesh,Agra,Agra Mandi,Rabi,10,4252.9,Grade B,1.34,21.18,24.05,True
Soybean,Local,Oilseed,Maharashtra,Nashik,Nashik APMC,Year-Round,5,637.43,Grade A,0.63,44.38,32.11,True
Mango,Local,Fruit,Maharashtra,Pune,Pune APMC,Year-Round,3,2161.44,Grade C,0.82,66.71,40.84,True
Rice,Common,Cereal,Uttar Pradesh,Agra,Agra Mandi,Zaid,2,429.27,Grade C,1.17,36.64,34.31,True
Groundnut,Local,Oilseed,Karnataka,Bengaluru,Bengaluru APMC,Rabi,5,2995.09,Grade A,1.77,57.45,118.11,True
Groundnut,Local,Oilseed,Punjab,Ludhiana,Ludhiana Mandi,Zaid,8,3988.42,Grade B,1.36,50.21,63.94,True
Tomato,Hybrid,Vegetable,Maharashtra,Mumbai,Vashi APMC,Rabi,12,3059.46,Grade A,0.72,25.62,20.86,True
Soybean,Local,Oilseed,Karnataka,Bengaluru,Bengaluru APMC,Rabi,5,2395.23,Grade B,1.38,43.65,60.68,True
Tomato,Hybrid,Vegetable,Gujarat,Rajkot,Rajkot APMC,Kharif,7,4026.13,Grade C,0.86,25.45,16.3,True
Tomato,Desi,Vegetable,Uttar Pradesh,Agra,Agra Mandi,Rabi,2,3159.5,Grade B,1.26,18.89,19.32,True
Rice,Basmati,Cereal,Punjab,Ludhiana,Ludhiana Mandi,Year-Round,6,566.52,Grade B,0.69,82.08,56.83,True
Maize,Hybrid,Cereal,Maharashtra,Pune,Pune APMC,Zaid,3,1990.18,Grade B,1.22,22.41,26.68,True
Green Chilli,Local,Spice,Uttar Pradesh,Agra,Agra Mandi,Rabi,10,2215.05,Grade B,1.59,40.67,59.38,True
Rice,Common,Cereal,Karnataka,Bengaluru,Bengaluru APMC,Kharif,7,985.18,Grade B,0.91,34.8,36.25,True
Soybean,Local,Oilseed,Maharashtra,Mumbai,Vashi APMC,Year-Round,5,3825.3,Grade B,0.68,38.43,28.32,True
Onion,Red,Vegetable,Maharashtra,Nashik,Nashik APMC,Zaid,10,4958.41,Grade A,1.78,20.48,38.5,True
Tomato,Desi,Vegetable,Maharashtra,Pune,Pune APMC,Zaid,9,1688.27,Grade B,0.8,18.5,13.94,True
Wheat,Common,Cereal,Maharashtra,Mumbai,Vashi APMC,Kharif,8,2359.77,Grade B,0.91,27.1,26.04,True
Maize,Hybrid,Cereal,Maharashtra,Mumbai,Vashi APMC,Year-Round,9,2391.82,Grade A,1.76,22.55,42.83,True
Tomato,Hybrid,Vegetable,Maharashtra,Pune,Pune APMC,Year-Round,7,312.22,Grade A,1.63,24.68,50.3,True
Wheat,Common,Cereal,Madhya Pradesh,Indore,Indore Mandi,Kharif,1,3891.89,Grade B,1.24,28.94,33.26,True
Rice,Basmati,Cereal,Uttar Pradesh,Agra,Agra Mandi,Year-Round,12,4951.68,Grade B,1.36,72.73,83.39,True
Onion,Red,Vegetable,Karnataka,Bengaluru,Bengaluru APMC,Kharif,1,884.59,Grade A,1.55,23.58,41.33,True
Soybean,Local,Oilseed,Maharashtra,Pune,Pune APMC,Kharif,4,252.39,Grade C,0.69,45.32,27.22,True
Maize,Hybrid,Cereal,Maharashtra,Mumbai,Vashi APMC,Year-Round,3,1119.13,Grade A,1.47,22.81,34.71,True
Rice,Basmati,Cereal,Maharashtra,Nashik,Nashik APMC,Rabi,3,4445.11,Grade A,1.09,80.13,89.74,True
Soybean,Local,Oilseed,Maharashtra,Mumbai,Vashi APMC,Year-Round,1,2505.8,Grade C,1.12,40.95,32.7,True
Groundnut,Local,Oilseed,Uttar Pradesh,Agra,Agra Mandi,Zaid,11,2550.33,Grade C,1.75,57.39,75.55,True
Wheat,Common,Cereal,Uttar Pradesh,Agra,Agra Mandi,Rabi,5,2336.9,Grade C,0.61,25.97,10.64,True
Rice,Common,Cereal,Madhya Pradesh,Indore,Indore Mandi,Rabi,5,744.6,Grade B,1.3,36.67,49.64,True
Potato,Local,Vegetable,Gujarat,Rajkot,Rajkot APMC,Zaid,5,292.84,Grade C,0.72,18.79,11.51,True
Tomato,Hybrid,Vegetable,Madhya Pradesh,Indore,Indore Mandi,Year-Round,7,1040.08,Grade B,1.77,26.95,50.85,True
Tomato,Hybrid,Vegetable,Maharashtra,Nashik,Nashik APMC,Zaid,8,3269.02,Grade B,0.74,25.52,16.65,True
Tomato,Desi,Vegetable,Madhya Pradesh,Indore,Indore Mandi,Zaid,3,2442.08,Grade A,1.55,22.4,36.34,True
Groundnut,Local,Oilseed,Maharashtra,Nashik,Nashik APMC,Year-Round,9,3063.01,Grade B,0.78,52.99,40.9,True
Wheat,Common,Cereal,Maharashtra,Mumbai,Vashi APMC,Kharif,3,1881.52,Grade C,0.94,28.44,21.45,True
Onion,Red,Vegetable,Maharashtra,Mumbai,Vashi APMC,Rabi,7,3752.87,Grade B,0.71,22.62,14.53,True
Wheat,Common,Cereal,Maharashtra,Nashik,Nashik APMC,Year-Round,12,4400.06,Grade B,1.42,29.24,37.5,True
Tomato,Hybrid,Vegetable,Maharashtra,Nashik,Nashik APMC,Rabi,7,1940.13,Grade C,1.3,25.54,27.74,True
Tomato,Hybrid,Vegetable,Maharashtra,Mumbai,Vashi APMC,Zaid,2,2725.62,Grade B,0.83,25.63,16.9,True
Potato,Local,Vegetable,Maharashtra,Mumbai,Vashi APMC,Zaid,12,2848.25,Grade C,0.92,15.84,9.98,True
Tomato,Hybrid,Vegetable,Maharashtra,Mumbai,Vashi APMC,Year-Round,1,3915.82,Grade A,1.04,24.9,26.54,True
Maize,Hybrid,Cereal,Gujarat,Rajkot,Rajkot APMC,Kharif,6,4169.52,Grade A,1.15,19.29,26.97,True
Groundnut,Local,Oilseed,Gujarat,Rajkot,Rajkot APMC,Year-Round,5,4438.33,Grade A,1.27,45.88,66.02,True
Tomato,Desi,Vegetable,Uttar Pradesh,Agra,Agra Mandi,Rabi,12,3091.33,Grade A,1.7,19.29,34.36,True
Soybean,Local,Oilseed,Karnataka,Bengaluru,Bengaluru APMC,Kharif,5,3490.08,Grade C,0.97,46.06,39.04,True
Rice,Basmati,Cereal,Karnataka,Bengaluru,Bengaluru APMC,Kharif,11,790.88,Grade B,0.87,60.09,45.5,True
Potato,Local,Vegetable,Punjab,Ludhiana,Ludhiana Mandi,Zaid,11,4951.04,Grade C,1.53,16.53,18.25,True
Rice,Basmati,Cereal,Maharashtra,Nashik,Nashik APMC,Zaid,12,3046.73,Grade A,1.45,67.99,108.14,True
Tomato,Desi,Vegetable,Maharashtra,Nashik,Nashik APMC,Zaid,1,1102.48,Grade B,1.05,19.31,18.6,True
Tomato,Desi,Vegetable,Madhya Pradesh,Indore,Indore Mandi,Rabi,2,370.62,Grade A,1.49,19.23,28.78,True
Potato,Local,Vegetable,Maharashtra,Pune,Pune APMC,Kharif,2,4031.76,Grade B,0.85,16.76,11.71,True
Rice,Common,Cereal,Karnataka,Bengaluru,Bengaluru APMC,Rabi,9,2733.38,Grade A,1.52,36.11,59.25,True
Rice,Common,Cereal,Karnataka,Bengaluru,Bengaluru APMC,Year-Round,2,1910.01,Grade B,1.78,35.9,56.75,True
Potato,Local,Vegetable,Maharashtra,Pune,Pune APMC,Year-Round,5,830.56,Grade A,1.22,17.54,27.39,True
Green Chilli,Local,Spice,Gujarat,Rajkot,Rajkot APMC,Rabi,7,3040.16,Grade C,0.67,41.38,26.33,True
Green Chilli,Local,Spice,Karnataka,Bengaluru,Bengaluru APMC,Zaid,12,112.66,Grade C,0.6,36.16,18.93,True
Onion,Red,Vegetable,Punjab,Ludhiana,Ludhiana Mandi,Kharif,11,1601.36,Grade A,0.78,25.18,21.97,True
Onion,Red,Vegetable,Karnataka,Bengaluru,Bengaluru APMC,Kharif,5,3102.85,Grade A,1.35,20.78,30.84,True
Green Chilli,Local,Spice,Maharashtra,Nashik,Nashik APMC,Kharif,4,3681.11,Grade B,1.1,36.75,38.33,True
Onion,Red,Vegetable,Madhya Pradesh,Indore,Indore Mandi,Rabi,11,2927.12,Grade B,1.54,23.78,32.2,True
Rice,Basmati,Cereal,Punjab,Ludhiana,Ludhiana Mandi,Zaid,3,3932.21,Grade B,1.4,73.23,92.73,True
Tomato,Hybrid,Vegetable,Madhya Pradesh,Indore,Indore Mandi,Rabi,9,2760.77,Grade A,1.19,25.08,29.31,True
Maize,Hybrid,Cereal,Maharashtra,Mumbai,Vashi APMC,Kharif,8,1969.83,Grade A,0.72,23.21,19.99,True
Potato,Local,Vegetable,Maharashtra,Mumbai,Vashi APMC,Year-Round,8,2692.16,Grade B,1.4,17.91,23.48,True
Soybean,Local,Oilseed,Maharashtra,Pune,Pune APMC,Rabi,7,3492.6,Grade B,1.13,52.28,64.56,True
Wheat,Common,Cereal,Maharashtra,Mumbai,Vashi APMC,Year-Round,4,1972.71,Grade B,1.58,32.92,49.51,True
Tomato,Hybrid,Vegetable,Karnataka,Bengaluru,Bengaluru APMC,Rabi,11,1386.52,Grade B,0.64,23.22,12.67,True
Soybean,Local,Oilseed,Maharashtra,Nashik,Nashik APMC,Kharif,1,720.12,Grade B,0.79,49.96,38.67,True
Soybean,Local,Oilseed,Maharashtra,Nashik,Nashik APMC,Year-Round,4,1583.37,Grade B,0.89,47.48,41.21,True
Maize,Hybrid,Cereal,Punjab,Ludhiana,Ludhiana Mandi,Rabi,10,192.85,Grade A,0.68,25.12,18.73,True
Soybean,Local,Oilseed,Madhya Pradesh,Indore,Indore Mandi,Kharif,7,3587.72,Grade C,1.28,47.81,50.64,True
Tomato,Desi,Vegetable,Maharashtra,Pune,Pune APMC,Kharif,8,2935.62,Grade B,0.68,17.36,11.7,True
Tomato,Desi,Vegetable,Maharashtra,Mumbai,Vashi APMC,Zaid,8,2203.7,Grade B,1.24,19.84,24.8,True
Wheat,Common,Cereal,Maharashtra,Nashik,Nashik APMC,Zaid,6,1931.04,Grade A,1.64,30.83,63.88,True
Wheat,Common,Cereal,Uttar Pradesh,Agra,Agra Mandi,Year-Round,10,1152.79,Grade B,0.75,30.18,20.58,True
Rice,Basmati,Cereal,Madhya Pradesh,Indore,Indore Mandi,Kharif,11,905.97,Grade C,1.42,86.32,92.58,True
Mango,Local,Fruit,Maharashtra,Pune,Pune APMC,Rabi,9,3624.67,Grade B,1.34,66.28,79.9,True
Soybean,Local,Oilseed,Karnataka,Bengaluru,Bengaluru APMC,Zaid,11,3772.69,Grade B,0.65,47.14,25.83,True
Groundnut,Local,Oilseed,Maharashtra,Pune,Pune APMC,Zaid,11,3068.97,Grade B,1.09,59.7,54.8,True
Soybean,Local,Oilseed,Uttar Pradesh,Agra,Agra Mandi,Kharif,1,2649.07,Grade B,0.7,46.33,31.67,True
Green Chilli,Local,Spice,Karnataka,Bengaluru,Bengaluru APMC,Year-Round,9,2561.46,Grade C,1.48,39.07,44.91,True
Soybean,Local,Oilseed,Maharashtra,Pune,Pune APMC,Year-Round,3,2820.09,Grade A,1.42,50.84,76.3,True
Green Chilli,Local,Spice,Maharashtra,Mumbai,Vashi APMC,Kharif,8,197.51,Grade B,1.28,37.9,53.33,True
Soybean,Local,Oilseed,Uttar Pradesh,Agra,Agra Mandi,Year-Round,7,919.3,Grade A,1.05,48.56,64.35,True
Onion,Red,Vegetable,Uttar Pradesh,Agra,Agra Mandi,Rabi,2,1660.68,Grade B,0.78,19.83,15.8,True
Green Chilli,Local,Spice,Gujarat,Rajkot,Rajkot APMC,Year-Round,3,3156.77,Grade A,1.72,36.9,62.88,True
Rice,Common,Cereal,Maharashtra,Nashik,Nashik APMC,Zaid,6,1911.93,Grade B,1.16,31.52,38.84,True
Green Chilli,Local,Spice,Uttar Pradesh,Agra,Agra Mandi,Zaid,8,3416.3,Grade A,1.68,38.72,72.01,True
Green Chilli,Local,Spice,Maharashtra,Nashik,Nashik APMC,Zaid,11,2301.79,Grade B,1.03,37.25,34.04,True
Green Chilli,Local,Spice,Uttar Pradesh,Agra,Agra Mandi,Kharif,3,3762.45,Grade B,0.93,35.2,26.23,True
Soybean,Local,Oilseed,Maharashtra,Nashik,Nashik APMC,Kharif,5,3837.09,Grade A,0.79,48.18,44.11,True
Groundnut,Local,Oilseed,Uttar Pradesh,Agra,Agra Mandi,Zaid,8,3076.88,Grade B,0.72,55.77,32.69,True
Potato,Local,Vegetable,Karnataka,Bengaluru,Bengaluru APMC,Zaid,4,2163.48,Grade B,1.22,18.24,20.68,True
Tomato,Hybrid,Vegetable,Uttar Pradesh,Agra,Agra Mandi,Year-Round,12,1624.95,Grade C,0.78,25.9,17.92,True
Soybean,Local,Oilseed,Madhya Pradesh,Indore,Indore Mandi,Year-Round,6,3145.51,Grade A,1.11,39.82,53.99,True
Tomato,Desi,Vegetable,Maharashtra,Mumbai,Vashi APMC,Zaid,10,1237.07,Grade B,1.67,20.93,32.1,True
Rice,Common,Cereal,Punjab,Ludhiana,Ludhiana Mandi,Zaid,1,4021.97,Grade A,1.4,34.01,46.36,True
Rice,Basmati,Cereal,Madhya Pradesh,Indore,Indore Mandi,Rabi,11,630.5,Grade C,1.38,84.14,91.07,True
Green Chilli,Local,Spice,Maharashtra,Mumbai,Vashi APMC,Zaid,11,4415.84,Grade B,1.05,46.4,40.92,True
Mango,Local,Fruit,Maharashtra,Nashik,Nashik APMC,Zaid,4,2532.81,Grade A,1.64,64.19,116.29,True
Maize,Hybrid,Cereal,Madhya Pradesh,Indore,Indore Mandi,Rabi,3,544.44,Grade C,1.27,24.85,24.74,True
Mango,Local,Fruit,Maharashtra,Mumbai,Vashi APMC,Rabi,1,4376.29,Grade B,1.66,72.56,111.39,True
Maize,Hybrid,Cereal,Maharashtra,Pune,Pune APMC,Year-Round,4,2786.1,Grade B,1.76,22.0,38.61,True
Mango,Local,Fruit,Madhya Pradesh,Indore,Indore Mandi,Zaid,6,2556.98,Grade B,1.65,63.13,106.14,True
Tomato,Desi,Vegetable,Uttar Pradesh,Agra,Agra Mandi,Zaid,3,108.68,Grade B,0.75,21.11,13.31,True
Rice,Common,Cereal,Madhya Pradesh,Indore,Indore Mandi,Year-Round,12,3602.73,Grade A,1.27,32.2,41.04,True
Mango,Local,Fruit,Maharashtra,Nashik,Nashik APMC,Kharif,12,1584.61,Grade B,1.23,66.77,77.12,True
Groundnut,Local,Oilseed,Punjab,Ludhiana,Ludhiana Mandi,Year-Round,5,1593.86,Grade A,1.13,57.25,82.34,True
Rice,Basmati,Cereal,Maharashtra,Nashik,Nashik APMC,Zaid,8,296.51,Grade A,0.82,69.53,69.82,True
Rice,Common,Cereal,Uttar Pradesh,Agra,Agra Mandi,Zaid,7,1226.23,Grade B,1.2,34.11,44.19,True
Maize,Hybrid,Cereal,Karnataka,Bengaluru,Bengaluru APMC,Zaid,2,900.07,Grade A,0.68,24.03,16.77,True
Rice,Basmati,Cereal,Madhya Pradesh,Indore,Indore Mandi,Year-Round,9,2347.47,Grade C,0.63,75.24,40.99,True
Potato,Local,Vegetable,Maharashtra,Nashik,Nashik APMC,Year-Round,3,3479.9,Grade C,1.64,17.39,21.54,True
Rice,Common,Cereal,Gujarat,Rajkot,Rajkot APMC,Rabi,4,1874.95,Grade B,0.61,35.74,19.16,True
Green Chilli,Local,Spice,Maharashtra,Mumbai,Vashi APMC,Year-Round,12,4797.09,Grade B,1.37,40.44,52.33,True
Onion,Red,Vegetable,Gujarat,Rajkot,Rajkot APMC,Kharif,10,3745.3,Grade B,1.27,19.68,22.47,True
Groundnut,Local,Oilseed,Karnataka,Bengaluru,Bengaluru APMC,Rabi,2,607.14,Grade A,1.42,54.24,75.82,True
Rice,Common,Cereal,Maharashtra,Nashik,Nashik APMC,Kharif,1,3776.32,Grade A,1.04,34.06,38.8,True
Onion,Red,Vegetable,Madhya Pradesh,Indore,Indore Mandi,Zaid,8,1078.04,Grade B,1.69,22.67,38.96,True
Rice,Basmati,Cereal,Maharashtra,Pune,Pune APMC,Year-Round,10,4619.27,Grade B,1.28,69.83,75.76,True
Potato,Local,Vegetable,Karnataka,Bengaluru,Bengaluru APMC,Year-Round,7,1268.17,Grade A,1.29,16.29,25.65,True
Onion,Red,Vegetable,Gujarat,Rajkot,Rajkot APMC,Year-Round,5,3026.81,Grade C,1.33,23.46,27.04,True
Green Chilli,Local,Spice,Maharashtra,Nashik,Nashik APMC,Year-Round,8,4724.97,Grade C,0.72,42.94,23.19,True
Wheat,Common,Cereal,Karnataka,Bengaluru,Bengaluru APMC,Zaid,3,4288.69,Grade A,1.66,29.97,49.76,True
Potato,Local,Vegetable,Maharashtra,Pune,Pune APMC,Kharif,6,2036.56,Grade B,0.83,16.49,14.29,True
Mango,Local,Fruit,Maharashtra,Mumbai,Vashi APMC,Kharif,2,862.37,Grade A,0.67,62.66,37.15,True
Onion,Red,Vegetable,Maharashtra,Pune,Pune APMC,Rabi,5,3882.59,Grade C,1.46,19.69,26.07,True
Potato,Local,Vegetable,Maharashtra,Mumbai,Vashi APMC,Zaid,1,1153.91,Grade C,1.23,17.81,16.51,True
Soybean,Local,Oilseed,Punjab,Ludhiana,Ludhiana Mandi,Year-Round,4,3291.32,Grade A,1.42,47.02,73.75,True
Tomato,Hybrid,Vegetable,Uttar Pradesh,Agra,Agra Mandi,Zaid,2,2001.52,Grade A,1.71,24.26,43.43,True
Wheat,Common,Cereal,Uttar Pradesh,Agra,Agra Mandi,Rabi,1,4975.51,Grade B,1.73,26.22,37.58,True
Groundnut,Local,Oilseed,Madhya Pradesh,Indore,Indore Mandi,Year-Round,10,3073.21,Grade B,1.46,51.52,68.76,True
Onion,Red,Vegetable,Karnataka,Bengaluru,Bengaluru APMC,Kharif,6,1245.25,Grade B,0.67,21.7,15.72,True
Onion,Red,Vegetable,Madhya Pradesh,Indore,Indore Mandi,Year-Round,6,2985.87,Grade B,1.25,21.48,27.56,True
Soybean,Local,Oilseed,Maharashtra,Pune,Pune APMC,Zaid,10,3479.4,Grade A,1.24,37.79,44.5,True
Wheat,Common,Cereal,Maharashtra,Nashik,Nashik APMC,Rabi,6,3799.54,Grade A,1.1,27.39,33.24,True
Rice,Basmati,Cereal,Uttar Pradesh,Agra,Agra Mandi,Rabi,8,976.37,Grade B,1.21,72.36,92.32,True
Potato,Local,Vegetable,Karnataka,Bengaluru,Bengaluru APMC,Rabi,11,1563.33,Grade C,1.04,19.72,15.87,True
Tomato,Hybrid,Vegetable,Maharashtra,Nashik,Nashik APMC,Year-Round,2,807.86,Grade C,1.49,27.08,28.76,True
Onion,Red,Vegetable,Uttar Pradesh,Agra,Agra Mandi,Zaid,10,1196.92,Grade C,1.25,23.12,21.23,True
Onion,Red,Vegetable,Maharashtra,Pune,Pune APMC,Zaid,9,3176.19,Grade A,0.69,19.41,14.06,True
Maize,Hybrid,Cereal,Maharashtra,Mumbai,Vashi APMC,Rabi,1,3496.34,Grade C,0.89,22.93,13.5,True
Soybean,Local,Oilseed,Karnataka,Bengaluru,Bengaluru APMC,Rabi,6,3035.78,Grade A,0.77,41.88,40.52,True
Tomato,Desi,Vegetable,Gujarat,Rajkot,Rajkot APMC,Year-Round,4,4876.75,Grade A,1.75,19.46,36.53,True
Tomato,Hybrid,Vegetable,Maharashtra,Pune,Pune APMC,Year-Round,7,1713.59,Grade A,0.8,23.94,26.69,True
Onion,Red,Vegetable,Gujarat,Rajkot,Rajkot APMC,Year-Round,11,1502.72,Grade C,0.85,21.22,13.99,True
Rice,Basmati,Cereal,Maharashtra,Pune,Pune APMC,Year-Round,9,3746.51,Grade A,0.99,82.34,88.55,True
Rice,Basmati,Cereal,Maharashtra,Mumbai,Vashi APMC,Zaid,10,4795.99,Grade A,1.63,72.02,113.17,True
Maize,Hybrid,Cereal,Madhya Pradesh,Indore,Indore Mandi,Year-Round,3,1619.52,Grade B,1.25,20.74,25.99,True
Rice,Basmati,Cereal,Maharashtra,Mumbai,Vashi APMC,Kharif,10,2264.09,Grade A,1.55,78.81,129.35,True
Wheat,Common,Cereal,Madhya Pradesh,Indore,Indore Mandi,Zaid,2,2685.95,Grade B,0.74,25.56,15.51,True
Tomato,Hybrid,Vegetable,Madhya Pradesh,Indore,Indore Mandi,Zaid,10,509.58,Grade C,1.22,25.37,22.64,True
Rice,Basmati,Cereal,Uttar Pradesh,Agra,Agra Mandi,Year-Round,2,2348.14,Grade B,0.62,77.51,38.98,True
Green Chilli,Local,Spice,Gujarat,Rajkot,Rajkot APMC,Kharif,10,561.34,Grade B,0.84,43.22,33.64,True
Maize,Hybrid,Cereal,Maharashtra,Pune,Pune APMC,Kharif,10,2264.53,Grade B,1.39,21.98,26.7,True
Maize,Hybrid,Cereal,Maharashtra,Mumbai,Vashi APMC,Rabi,8,954.34,Grade C,0.97,23.99,20.41,True
Soybean,Local,Oilseed,Punjab,Ludhiana,Ludhiana Mandi,Year-Round,9,1994.11,Grade B,1.03,48.95,44.8,True
Soybean,Local,Oilseed,Gujarat,Rajkot,Rajkot APMC,Zaid,2,1028.04,Grade B,1.12,48.38,48.83,True
Groundnut,Local,Oilseed,Maharashtra,Mumbai,Vashi APMC,Kharif,9,3397.38,Grade B,0.88,56.85,49.39,True
Tomato,Desi,Vegetable,Maharashtra,Mumbai,Vashi APMC,Rabi,12,4372.14,Grade A,0.64,20.47,14.34,True
Rice,Basmati,Cereal,Maharashtra,Pune,Pune APMC,Year-Round,7,4271.01,Grade B,0.9,75.23,67.95,True
Wheat,Common,Cereal,Maharashtra,Pune,Pune APMC,Zaid,7,4851.13,Grade C,1.36,27.55,32.41,True
Tomato,Desi,Vegetable,Gujarat,Rajkot,Rajkot APMC,Rabi,11,2257.53,Grade A,0.97,18.07,18.89,True
Groundnut,Local,Oilseed,Gujarat,Rajkot,Rajkot APMC,Kharif,7,2052.37,Grade B,1.26,55.51,74.4,True
Maize,Hybrid,Cereal,Maharashtra,Pune,Pune APMC,Kharif,7,3665.81,Grade B,1.09,23.32,24.25,True
Onion,Red,Vegetable,Madhya Pradesh,Indore,Indore Mandi,Kharif,9,3485.63,Grade A,1.52,21.5,35.12,True
Mango,Local,Fruit,Punjab,Ludhiana,Ludhiana Mandi,Rabi,5,3513.86,Grade A,0.85,65.86,63.63,True
Groundnut,Local,Oilseed,Maharashtra,Mumbai,Vashi APMC,Kharif,3,1595.56,Grade C,0.94,50.92,40.44,True
Groundnut,Local,Oilseed,Maharashtra,Mumbai,Vashi APMC,Rabi,12,3883.27,Grade B,0.91,51.82,41.75,True
Maize,Hybrid,Cereal,Madhya Pradesh,Indore,Indore Mandi,Kharif,5,1987.1,Grade A,1.75,24.0,49.35,True
Maize,Hybrid,Cereal,Punjab,Ludhiana,Ludhiana Mandi,Zaid,5,4568.84,Grade B,1.51,22.66,33.71,True
Green Chilli,Local,Spice,Maharashtra,Pune,Pune APMC,Rabi,10,982.55,Grade B,1.54,42.86,61.26,True
Tomato,Desi,Vegetable,Madhya Pradesh,Indore,Indore Mandi,Rabi,8,4953.3,Grade A,0.94,22.08,22.34,True
Wheat,Common,Cereal,Maharashtra,Nashik,Nashik APMC,Rabi,4,1213.0,Grade B,1.13,28.7,30.72,True
Mango,Local,Fruit,Maharashtra,Nashik,Nashik APMC,Zaid,1,182.51,Grade A,0.71,61.44,53.31,True
Potato,Local,Vegetable,Uttar Pradesh,Agra,Agra Mandi,Year-Round,3,3102.73,Grade A,0.71,20.83,15.62,True
Rice,Basmati,Cereal,Gujarat,Rajkot,Rajkot APMC,Zaid,5,3324.74,Grade C,1.43,83.12,100.15,True
Wheat,Common,Cereal,Punjab,Ludhiana,Ludhiana Mandi,Zaid,2,1263.51,Grade B,1.21,28.19,30.21,True
Tomato,Desi,Vegetable,Maharashtra,Pune,Pune APMC,Rabi,6,1636.23,Grade B,0.84,19.46,18.1,True
Onion,Red,Vegetable,Punjab,Ludhiana,Ludhiana Mandi,Zaid,11,2361.61,Grade A,1.71,20.46,35.79,True
Potato,Local,Vegetable,Maharashtra,Pune,Pune APMC,Rabi,9,3521.09,Grade C,0.75,16.5,9.39,True
Soybean,Local,Oilseed,Punjab,Ludhiana,Ludhiana Mandi,Zaid,1,1905.52,Grade A,1.56,43.16,72.72,True
Maize,Hybrid,Cereal,Uttar Pradesh,Agra,Agra Mandi,Rabi,3,4451.27,Grade A,0.86,23.43,22.39,True
Rice,Common,Cereal,Maharashtra,Nashik,Nashik APMC,Zaid,2,1767.79,Grade C,1.25,33.44,32.6,True
Maize,Hybrid,Cereal,Maharashtra,Mumbai,Vashi APMC,Zaid,12,3806.98,Grade A,0.71,20.7,15.33,True
Green Chilli,Local,Spice,Uttar Pradesh,Agra,Agra Mandi,Rabi,12,2053.04,Grade A,1.11,39.22,44.01,True
Onion,Red,Vegetable,Uttar Pradesh,Agra,Agra Mandi,Zaid,3,3080.71,Grade A,0.94,24.28,25.05,True
Mango,Local,Fruit,Maharashtra,Mumbai,Vashi APMC,Year-Round,12,2032.06,Grade B,1.37,64.01,85.57,True
Onion,Red,Vegetable,Maharashtra,Pune,Pune APMC,Rabi,1,2056.08,Grade A,1.69,23.63,43.6,True
Groundnut,Local,Oilseed,Maharashtra,Pune,Pune APMC,Zaid,1,1032.08,Grade B,1.17,53.3,58.0,True
Green Chilli,Local,Spice,Maharashtra,Mumbai,Vashi APMC,Rabi,9,4434.45,Grade A,0.96,35.62,34.07,True
Rice,Common,Cereal,Maharashtra,Nashik,Nashik APMC,Kharif,4,3030.66,Grade A,1.14,34.78,39.14,True
Wheat,Common,Cereal,Gujarat,Rajkot,Rajkot APMC,Year-Round,8,948.36,Grade C,0.74,28.91,17.47,True
Wheat,Common,Cereal,Karnataka,Bengaluru,Bengaluru APMC,Year-Round,10,1360.24,Grade B,0.87,26.43,21.46,True
Rice,Basmati,Cereal,Gujarat,Rajkot,Rajkot APMC,Zaid,2,967.08,Grade B,1.03,74.94,61.69,True
Tomato,Hybrid,Vegetable,Uttar Pradesh,Agra,Agra Mandi,Year-Round,5,57.02,Grade B,1.27,25.78,35.41,True
Mango,Local,Fruit,Punjab,Ludhiana,Ludhiana Mandi,Rabi,11,4271.53,Grade A,0.86,65.49,52.42,True
Mango,Local,Fruit,Maharashtra,Pune,Pune APMC,Rabi,5,4314.74,Grade A,0.8,54.33,52.74,True
Maize,Hybrid,Cereal,Maharashtra,Mumbai,Vashi APMC,Rabi,1,4255.11,Grade B,1.61,24.6,34.68,True
Rice,Common,Cereal,Maharashtra,Pune,Pune APMC,Year-Round,8,3982.04,Grade A,1.19,36.2,45.98,True
Groundnut,Local,Oilseed,Madhya Pradesh,Indore,Indore Mandi,Rabi,5,1171.0,Grade C,0.75,55.42,37.82,True
Tomato,Hybrid,Vegetable,Maharashtra,Mumbai,Vashi APMC,Zaid,8,594.61,Grade B,1.27,24.22,33.58,True
Onion,Red,Vegetable,Uttar Pradesh,Agra,Agra Mandi,Kharif,11,1097.03,Grade A,1.27,20.82,29.69,True
Tomato,Desi,Vegetable,Gujarat,Rajkot,Rajkot APMC,Rabi,5,1147.24,Grade A,0.86,19.12,19.36,True
Wheat,Common,Cereal,Maharashtra,Nashik,Nashik APMC,Kharif,3,1071.14,Grade B,0.76,25.62,17.98,True
Wheat,Common,Cereal,Maharashtra,Pune,Pune APMC,Zaid,5,3416.28,Grade A,1.73,24.95,51.89,True
Mango,Local,Fruit,Gujarat,Rajkot,Rajkot APMC,Kharif,11,439.97,Grade B,0.93,60.77,51.28,True
Tomato,Desi,Vegetable,Maharashtra,Pune,Pune APMC,Zaid,12,4110.71,Grade C,0.82,19.49,12.22,True
Rice,Common,Cereal,Punjab,Ludhiana,Ludhiana Mandi,Kharif,9,3963.43,Grade A,1.19,35.5,42.45,True
Green Chilli,Local,Spice,Karnataka,Bengaluru,Bengaluru APMC,Zaid,1,4080.34,Grade A,1.52,40.86,62.85,True
Tomato,Desi,Vegetable,Punjab,Ludhiana,Ludhiana Mandi,Kharif,4,3963.76,Grade A,1.44,17.86,26.89,True
Rice,Common,Cereal,Maharashtra,Nashik,Nashik APMC,Kharif,5,4650.98,Grade B,1.51,35.8,52.05,True
Tomato,Desi,Vegetable,Karnataka,Bengaluru,Bengaluru APMC,Year-Round,2,4052.14,Grade B,1.67,22.28,31.37,True
Soybean,Local,Oilseed,Madhya Pradesh,Indore,Indore Mandi,Rabi,11,2663.15,Grade A,0.93,44.72,45.47,True
Potato,Local,Vegetable,Uttar Pradesh,Agra,Agra Mandi,Kharif,6,4096.45,Grade B,0.75,17.49,14.5,True
Onion,Red,Vegetable,Punjab,Ludhiana,Ludhiana Mandi,Year-Round,8,2710.47,Grade A,0.77,26.9,24.53,True
Tomato,Hybrid,Vegetable,Maharashtra,Nashik,Nashik APMC,Rabi,11,4166.1,Grade A,1.16,23.81,28.53,True
Potato,Local,Vegetable,Madhya Pradesh,Indore,Indore Mandi,Kharif,7,2160.09,Grade A,0.76,17.41,17.68,True
Potato,Local,Vegetable,Maharashtra,Nashik,Nashik APMC,Zaid,7,1043.69,Grade A,1.09,16.38,22.41,True
Onion,Red,Vegetable,Maharashtra,Nashik,Nashik APMC,Year-Round,4,2070.92,Grade C,0.97,20.15,15.04,True
Wheat,Common,Cereal,Maharashtra,Mumbai,Vashi APMC,Zaid,5,120.64,Grade A,1.68,27.76,57.39,True
Wheat,Common,Cereal,Madhya Pradesh,Indore,Indore Mandi,Kharif,6,2661.22,Grade B,0.87,25.98,22.61,True
Potato,Local,Vegetable,Karnataka,Bengaluru,Bengaluru APMC,Zaid,12,3341.91,Grade B,1.54,16.91,24.23,True
Tomato,Hybrid,Vegetable,Uttar Pradesh,Agra,Agra Mandi,Kharif,10,1302.15,Grade A,1.42,26.07,39.36,True
Tomato,Hybrid,Vegetable,Maharashtra,Mumbai,Vashi APMC,Zaid,10,4817.42,Grade A,0.75,26.5,19.03,True
Green Chilli,Local,Spice,Gujarat,Rajkot,Rajkot APMC,Kharif,10,1916.12,Grade B,1.71,41.8,63.74,True
Rice,Basmati,Cereal,Punjab,Ludhiana,Ludhiana Mandi,Zaid,1,2394.02,Grade A,1.5,78.75,125.89,True
Green Chilli,Local,Spice,Punjab,Ludhiana,Ludhiana Mandi,Year-Round,6,286.66,Grade A,0.9,40.58,44.52,True
Green Chilli,Local,Spice,Gujarat,Rajkot,Rajkot APMC,Zaid,12,3735.93,Grade A,0.63,36.29,25.05,True
Tomato,Desi,Vegetable,Uttar Pradesh,Agra,Agra Mandi,Kharif,3,1717.72,Grade B,1.34,20.72,25.51,True
Groundnut,Local,Oilseed,Punjab,Ludhiana,Ludhiana Mandi,Zaid,1,1093.85,Grade C,0.89,59.86,35.27,True
Tomato,Hybrid,Vegetable,Gujarat,Rajkot,Rajkot APMC,Zaid,11,4855.42,Grade B,1.54,24.65,32.59,True
Green Chilli,Local,Spice,Maharashtra,Nashik,Nashik APMC,Rabi,11,2908.13,Grade B,1.72,35.38,55.22,True
Groundnut,Local,Oilseed,Uttar Pradesh,Agra,Agra Mandi,Rabi,2,3959.07,Grade B,0.83,47.66,36.24,True
Groundnut,Local,Oilseed,Uttar Pradesh,Agra,Agra Mandi,Zaid,3,4221.46,Grade A,0.91,52.21,47.27,True
Potato,Local,Vegetable,Punjab,Ludhiana,Ludhiana Mandi,Year-Round,4,409.15,Grade A,1.03,18.07,21.25,True
Maize,Hybrid,Cereal,Maharashtra,Pune,Pune APMC,Year-Round,6,2538.94,Grade B,0.92,19.72,19.76,True
Tomato,Hybrid,Vegetable,Uttar Pradesh,Agra,Agra Mandi,Zaid,9,4009.74,Grade A,1.78,25.24,46.85,True
Rice,Basmati,Cereal,Maharashtra,Nashik,Nashik APMC,Rabi,7,4724.12,Grade A,0.62,71.57,54.7,True
Potato,Local,Vegetable,Maharashtra,Mumbai,Vashi APMC,Rabi,10,3304.1,Grade B,0.62,19.83,10.5,True
Soybean,Local,Oilseed,Uttar Pradesh,Agra,Agra Mandi,Rabi,1,3853.41,Grade A,0.95,47.37,39.75,True
Green Chilli,Local,Spice,Maharashtra,Nashik,Nashik APMC,Kharif,10,3152.93,Grade B,0.69,38.23,21.12,True
Rice,Basmati,Cereal,Karnataka,Bengaluru,Bengaluru APMC,Kharif,8,1363.49,Grade C,1.0,66.65,58.71,True
Rice,Basmati,Cereal,Punjab,Ludhiana,Ludhiana Mandi,Rabi,9,2059.76,Grade B,1.78,57.32,101.89,True
Wheat,Common,Cereal,Punjab,Ludhiana,Ludhiana Mandi,Zaid,11,1656.53,Grade A,1.56,28.51,45.45,True
Mango,Local,Fruit,Madhya Pradesh,Indore,Indore Mandi,Rabi,8,773.15,Grade B,1.36,59.98,85.1,True
Potato,Local,Vegetable,Maharashtra,Pune,Pune APMC,Year-Round,1,4013.09,Grade B,1.77,17.13,26.01,True
Mango,Local,Fruit,Uttar Pradesh,Agra,Agra Mandi,Kharif,1,932.07,Grade B,0.65,66.17,44.48,True
Rice,Common,Cereal,Gujarat,Rajkot,Rajkot APMC,Year-Round,3,2650.04,Grade B,1.44,34.82,46.38,True
Tomato,Desi,Vegetable,Uttar Pradesh,Agra,Agra Mandi,Kharif,4,823.77,Grade B,1.01,21.47,20.39,True
Potato,Local,Vegetable,Uttar Pradesh,Agra,Agra Mandi,Kharif,12,2139.02,Grade C,0.73,17.78,10.43,True
Groundnut,Local,Oilseed,Punjab,Ludhiana,Ludhiana Mandi,Rabi,11,673.19,Grade A,1.14,50.11,62.35,True
Onion,Red,Vegetable,Gujarat,Rajkot,Rajkot APMC,Zaid,1,1120.53,Grade B,1.19,22.24,26.37,True
Tomato,Hybrid,Vegetable,Gujarat,Rajkot,Rajkot APMC,Rabi,6,1610.64,Grade B,0.67,26.31,21.36,True
Rice,Basmati,Cereal,Karnataka,Bengaluru,Bengaluru APMC,Rabi,5,2372.76,Grade B,1.21,83.5,108.47,True
Green Chilli,Local,Spice,Madhya Pradesh,Indore,Indore Mandi,Rabi,8,3214.98,Grade B,1.65,36.21,58.05,True
Onion,Red,Vegetable,Maharashtra,Pune,Pune APMC,Zaid,3,3355.58,Grade C,1.4,23.84,26.73,True
Green Chilli,Local,Spice,Maharashtra,Pune,Pune APMC,Zaid,1,1696.24,Grade A,1.73,38.51,69.58,True
Maize,Hybrid,Cereal,Uttar Pradesh,Agra,Agra Mandi,Kharif,9,4978.05,Grade A,1.32,21.93,30.16,True
Soybean,Local,Oilseed,Uttar Pradesh,Agra,Agra Mandi,Zaid,3,1203.51,Grade B,1.72,44.96,70.0,True
Onion,Red,Vegetable,Maharashtra,Mumbai,Vashi APMC,Rabi,3,3242.03,Grade A,1.34,22.43,29.32,True
Wheat,Common,Cereal,Madhya Pradesh,Indore,Indore Mandi,Zaid,6,4069.11,Grade C,1.58,26.61,39.78,True
Potato,Local,Vegetable,Punjab,Ludhiana,Ludhiana Mandi,Kharif,7,4787.76,Grade A,0.66,16.38,12.65,True
Potato,Local,Vegetable,Maharashtra,Mumbai,Vashi APMC,Year-Round,8,3522.41,Grade A,1.78,19.24,35.95,True
Groundnut,Local,Oilseed,Madhya Pradesh,Indore,Indore Mandi,Kharif,2,93.44,Grade B,0.6,50.84,29.81,True
Tomato,Desi,Vegetable,Uttar Pradesh,Agra,Agra Mandi,Zaid,10,4698.45,Grade B,0.93,17.9,14.44,True
Rice,Common,Cereal,Karnataka,Bengaluru,Bengaluru APMC,Zaid,6,2195.17,Grade C,1.51,33.73,49.04,True
Maize,Hybrid,Cereal,Karnataka,Bengaluru,Bengaluru APMC,Rabi,10,2425.92,Grade C,1.59,22.38,26.95,True
Tomato,Desi,Vegetable,Gujarat,Rajkot,Rajkot APMC,Kharif,8,4150.2,Grade A,1.17,20.86,27.88,True
Rice,Common,Cereal,Maharashtra,Mumbai,Vashi APMC,Zaid,3,2302.41,Grade C,0.63,38.77,18.02,True
Mango,Local,Fruit,Madhya Pradesh,Indore,Indore Mandi,Kharif,7,2555.88,Grade A,1.25,60.53,93.51,True
Tomato,Hybrid,Vegetable,Karnataka,Bengaluru,Bengaluru APMC,Year-Round,1,740.35,Grade B,1.28,25.54,32.71,True
Tomato,Hybrid,Vegetable,Punjab,Ludhiana,Ludhiana Mandi,Zaid,3,249.22,Grade B,0.88,22.7,18.51,True
Potato,Local,Vegetable,Gujarat,Rajkot,Rajkot APMC,Rabi,3,2531.1,Grade B,1.45,18.61,23.71,True
Rice,Basmati,Cereal,Maharashtra,Pune,Pune APMC,Year-Round,8,4035.22,Grade B,1.36,77.04,103.96,True
Maize,Hybrid,Cereal,Punjab,Ludhiana,Ludhiana Mandi,Kharif,8,147.46,Grade B,1.43,22.28,33.71,True
Soybean,Local,Oilseed,Gujarat,Rajkot,Rajkot APMC,Kharif,5,3160.27,Grade A,1.3,38.62,55.65,True
Rice,Basmati,Cereal,Madhya Pradesh,Indore,Indore Mandi,Zaid,2,704.8,Grade B,0.74,70.27,43.2,True
Rice,Basmati,Cereal,Uttar Pradesh,Agra,Agra Mandi,Zaid,4,1893.71,Grade B,1.15,69.04,75.86,True
Groundnut,Local,Oilseed,Maharashtra,Mumbai,Vashi APMC,Year-Round,8,2955.78,Grade C,1.46,60.04,72.9,True
Tomato,Desi,Vegetable,Madhya Pradesh,Indore,Indore Mandi,Zaid,11,325.42,Grade A,1.56,20.85,34.12,True
Mango,Local,Fruit,Punjab,Ludhiana,Ludhiana Mandi,Zaid,9,3961.04,Grade C,1.39,66.42,70.75,True
Potato,Local,Vegetable,Madhya Pradesh,Indore,Indore Mandi,Year-Round,5,3547.32,Grade B,1.51,19.16,29.07,True
Tomato,Desi,Vegetable,Maharashtra,Mumbai,Vashi APMC,Zaid,5,226.37,Grade B,1.72,17.33,32.76,True
Soybean,Local,Oilseed,Gujarat,Rajkot,Rajkot APMC,Year-Round,11,4605.86,Grade C,0.95,48.1,35.96,True
Onion,Red,Vegetable,Gujarat,Rajkot,Rajkot APMC,Year-Round,7,3820.3,Grade A,0.73,22.45,18.13,True
Onion,Red,Vegetable,Gujarat,Rajkot,Rajkot APMC,Zaid,12,1553.09,Grade A,1.68,19.66,36.53,True
Groundnut,Local,Oilseed,Punjab,Ludhiana,Ludhiana Mandi,Zaid,9,439.73,Grade A,1.42,61.89,96.41,True
Maize,Hybrid,Cereal,Karnataka,Bengaluru,Bengaluru APMC,Kharif,5,3159.98,Grade A,1.48,22.6,39.01,True
Soybean,Local,Oilseed,Madhya Pradesh,Indore,Indore Mandi,Kharif,10,542.33,Grade A,1.06,47.73,56.32,True
Potato,Local,Vegetable,Uttar Pradesh,Agra,Agra Mandi,Year-Round,8,4979.49,Grade A,1.68,17.67,33.56,True
Potato,Local,Vegetable,Madhya Pradesh,Indore,Indore Mandi,Zaid,9,4028.62,Grade B,1.66,18.96,27.93,True
Soybean,Local,Oilseed,Punjab,Ludhiana,Ludhiana Mandi,Rabi,10,2508.29,Grade B,1.25,44.63,46.94,True
Rice,Common,Cereal,Madhya Pradesh,Indore,Indore Mandi,Zaid,4,1015.4,Grade B,0.74,37.38,28.97,True
Rice,Basmati,Cereal,Gujarat,Rajkot,Rajkot APMC,Rabi,2,4927.92,Grade A,1.01,78.63,76.25,True
Groundnut,Local,Oilseed,Uttar Pradesh,Agra,Agra Mandi,Rabi,3,4967.14,Grade B,0.7,53.66,35.95,True
Tomato,Desi,Vegetable,Punjab,Ludhiana,Ludhiana Mandi,Rabi,5,1347.71,Grade C,0.86,20.19,14.71,True
Tomato,Desi,Vegetable,Madhya Pradesh,Indore,Indore Mandi,Year-Round,5,2055.87,Grade B,0.65,19.27,13.5,True
Wheat,Common,Cereal,Punjab,Ludhiana,Ludhiana Mandi,Rabi,6,1134.24,Grade A,0.69,26.27,24.95,True
Soybean,Local,Oilseed,Maharashtra,Mumbai,Vashi APMC,Rabi,7,1686.98,Grade B,0.62,44.7,29.07,True
Green Chilli,Local,Spice,Gujarat,Rajkot,Rajkot APMC,Kharif,7,177.95,Grade C,1.79,42.89,70.59,True
Rice,Basmati,Cereal,Maharashtra,Nashik,Nashik APMC,Rabi,2,4301.68,Grade A,0.86,69.43,62.27,True
Mango,Local,Fruit,Uttar Pradesh,Agra,Agra Mandi,Kharif,6,2599.12,Grade B,1.3,74.69,102.06,True
Green Chilli,Local,Spice,Karnataka,Bengaluru,Bengaluru APMC,Kharif,1,3208.64,Grade C,1.31,42.11,39.23,True
Maize,Hybrid,Cereal,Punjab,Ludhiana,Ludhiana Mandi,Kharif,7,958.64,Grade B,0.94,18.81,17.94,True
Green Chilli,Local,Spice,Karnataka,Bengaluru,Bengaluru APMC,Rabi,8,3288.13,Grade B,0.97,41.12,38.13,True
Mango,Local,Fruit,Maharashtra,Pune,Pune APMC,Rabi,6,2780.36,Grade B,0.74,59.96,39.49,True
Wheat,Common,Cereal,Maharashtra,Pune,Pune APMC,Zaid,9,1769.02,Grade B,0.82,30.97,22.44,True
Maize,Hybrid,Cereal,Gujarat,Rajkot,Rajkot APMC,Kharif,12,4424.75,Grade B,1.44,20.59,24.64,True
Wheat,Common,Cereal,Madhya Pradesh,Indore,Indore Mandi,Year-Round,11,1137.39,Grade A,1.18,27.89,34.69,True
Tomato,Desi,Vegetable,Punjab,Ludhiana,Ludhiana Mandi,Rabi,3,4913.62,Grade C,0.82,18.7,11.69,True
Onion,Red,Vegetable,Maharashtra,Mumbai,Vashi APMC,Kharif,7,2800.73,Grade C,1.18,21.38,22.03,True
Tomato,Hybrid,Vegetable,Maharashtra,Mumbai,Vashi APMC,Zaid,7,3173.78,Grade C,1.22,23.39,26.91,True
Groundnut,Local,Oilseed,Maharashtra,Pune,Pune APMC,Year-Round,4,1788.48,Grade B,0.62,53.66,34.5,True
Potato,Local,Vegetable,Karnataka,Bengaluru,Bengaluru APMC,Kharif,12,2246.61,Grade A,0.99,18.19,19.04,True
Maize,Hybrid,Cereal,Gujarat,Rajkot,Rajkot APMC,Rabi,7,2893.96,Grade B,0.98,19.11,19.5,True
Rice,Common,Cereal,Maharashtra,Pune,Pune APMC,Rabi,1,2684.56,Grade B,1.52,36.75,52.62,True
Soybean,Local,Oilseed,Uttar Pradesh,Agra,Agra Mandi,Year-Round,7,3093.8,Grade B,1.59,39.68,65.65,True
Maize,Hybrid,Cereal,Uttar Pradesh,Agra,Agra Mandi,Year-Round,8,3629.55,Grade B,0.63,22.03,13.04,True
Wheat,Common,Cereal,Karnataka,Bengaluru,Bengaluru APMC,Rabi,3,1684.57,Grade A,1.24,28.27,35.83,True
Groundnut,Local,Oilseed,Maharashtra,Nashik,Nashik APMC,Year-Round,3,1981.47,Grade C,1.2,52.64,50.81,True
Soybean,Local,Oilseed,Madhya Pradesh,Indore,Indore Mandi,Rabi,1,4368.98,Grade B,1.23,45.74,48.55,True
Rice,Common,Cereal,Madhya Pradesh,Indore,Indore Mandi,Zaid,4,4773.45,Grade A,1.05,33.78,39.09,True
Rice,Common,Cereal,Karnataka,Bengaluru,Bengaluru APMC,Zaid,5,1547.39,Grade C,0.76,31.5,20.43,True
Wheat,Common,Cereal,Maharashtra,Pune,Pune APMC,Year-Round,9,2889.65,Grade A,1.7,34.92,63.63,True
Tomato,Hybrid,Vegetable,Maharashtra,Mumbai,Vashi APMC,Rabi,6,2072.86,Grade C,0.66,21.29,13.43,True
Tomato,Desi,Vegetable,Gujarat,Rajkot,Rajkot APMC,Rabi,1,4477.88,Grade B,0.83,21.83,14.26,True
Soybean,Local,Oilseed,Maharashtra,Pune,Pune APMC,Year-Round,8,4269.93,Grade B,1.3,47.77,60.07,True
Tomato,Desi,Vegetable,Punjab,Ludhiana,Ludhiana Mandi,Rabi,9,3399.85,Grade A,1.25,21.29,27.66,True
Green Chilli,Local,Spice,Maharashtra,Pune,Pune APMC,Rabi,11,2196.95,Grade A,1.15,36.96,45.11,True
Wheat,Common,Cereal,Gujarat,Rajkot,Rajkot APMC,Zaid,8,2657.67,Grade B,1.24,31.35,38.19,True
Soybean,Local,Oilseed,Maharashtra,Nashik,Nashik APMC,Kharif,1,4426.76,Grade A,0.62,47.59,29.3,True
Rice,Common,Cereal,Maharashtra,Mumbai,Vashi APMC,Kharif,2,373.01,Grade B,1.63,34.77,53.67,True
Rice,Common,Cereal,Karnataka,Bengaluru,Bengaluru APMC,Rabi,9,1362.49,Grade C,0.62,38.21,19.08,True
Tomato,Desi,Vegetable,Maharashtra,Mumbai,Vashi APMC,Zaid,9,2921.22,Grade B,1.13,21.18,22.93,True
Soybean,Local,Oilseed,Maharashtra,Nashik,Nashik APMC,Rabi,9,2305.23,Grade B,1.04,50.28,51.34,True
Groundnut,Local,Oilseed,Madhya Pradesh,Indore,Indore Mandi,Year-Round,9,974.09,Grade A,1.09,47.26,58.26,True
Green Chilli,Local,Spice,Gujarat,Rajkot,Rajkot APMC,Kharif,8,1311.22,Grade A,1.18,34.84,48.36,True
Wheat,Common,Cereal,Punjab,Ludhiana,Ludhiana Mandi,Zaid,8,1845.55,Grade C,0.62,23.34,12.83,True
Mango,Local,Fruit,Karnataka,Bengaluru,Bengaluru APMC,Year-Round,1,1997.57,Grade B,0.76,75.15,52.34,True
Wheat,Common,Cereal,Maharashtra,Nashik,Nashik APMC,Kharif,2,2619.5,Grade C,1.57,31.88,36.22,True
Groundnut,Local,Oilseed,Madhya Pradesh,Indore,Indore Mandi,Rabi,2,1726.0,Grade B,0.87,49.5,36.46,True
Green Chilli,Local,Spice,Maharashtra,Pune,Pune APMC,Kharif,5,1116.65,Grade B,1.31,40.53,55.4,True
Tomato,Desi,Vegetable,Punjab,Ludhiana,Ludhiana Mandi,Kharif,3,4316.05,Grade C,1.2,21.31,20.91,True
Tomato,Hybrid,Vegetable,Maharashtra,Mumbai,Vashi APMC,Year-Round,5,3466.54,Grade B,1.48,25.21,37.17,True
Rice,Common,Cereal,Uttar Pradesh,Agra,Agra Mandi,Zaid,7,1011.45,Grade B,1.1,39.01,45.03,True
Tomato,Hybrid,Vegetable,Gujarat,Rajkot,Rajkot APMC,Zaid,4,4658.56,Grade C,1.42,25.71,27.45,True
Maize,Hybrid,Cereal,Madhya Pradesh,Indore,Indore Mandi,Year-Round,10,2214.94,Grade B,0.69,21.4,15.41,True
Mango,Local,Fruit,Karnataka,Bengaluru,Bengaluru APMC,Kharif,12,2710.05,Grade C,0.79,64.9,40.01,True
Mango,Local,Fruit,Karnataka,Bengaluru,Bengaluru APMC,Kharif,1,1065.21,Grade A,1.46,63.92,104.19,True
Onion,Red,Vegetable,Uttar Pradesh,Agra,Agra Mandi,Rabi,4,4716.89,Grade B,0.95,21.6,19.86,True
Onion,Red,Vegetable,Madhya Pradesh,Indore,Indore Mandi,Kharif,4,3693.47,Grade B,1.22,22.73,26.46,True
Green Chilli,Local,Spice,Madhya Pradesh,Indore,Indore Mandi,Year-Round,4,1365.11,Grade A,1.72,36.59,71.57,True
Groundnut,Local,Oilseed,Uttar Pradesh,Agra,Agra Mandi,Kharif,2,4636.57,Grade B,1.38,50.36,62.6,True
Onion,Red,Vegetable,Maharashtra,Mumbai,Vashi APMC,Zaid,1,4794.94,Grade A,1.47,26.07,38.75,True
Rice,Common,Cereal,Punjab,Ludhiana,Ludhiana Mandi,Year-Round,9,2197.42,Grade B,1.41,37.86,49.64,True
Green Chilli,Local,Spice,Madhya Pradesh,Indore,Indore Mandi,Zaid,12,1972.55,Grade C,1.2,41.44,40.43,True
Mango,Local,Fruit,Gujarat,Rajkot,Rajkot APMC,Kharif,6,2186.68,Grade A,1.0,73.99,86.29,True
Tomato,Hybrid,Vegetable,Madhya Pradesh,Indore,Indore Mandi,Zaid,8,856.09,Grade B,0.65,28.34,21.77,True
Green Chilli,Local,Spice,Punjab,Ludhiana,Ludhiana Mandi,Rabi,7,2303.56,Grade A,1.24,49.57,75.58,True
Mango,Local,Fruit,Maharashtra,Nashik,Nashik APMC,Year-Round,8,3355.39,Grade A,1.63,65.63,122.66,True
Groundnut,Local,Oilseed,Maharashtra,Nashik,Nashik APMC,Rabi,5,3271.87,Grade B,0.81,55.59,44.55,True
Wheat,Common,Cereal,Madhya Pradesh,Indore,Indore Mandi,Year-Round,4,462.35,Grade C,0.82,26.4,17.44,True
Potato,Local,Vegetable,Uttar Pradesh,Agra,Agra Mandi,Kharif,1,384.4,Grade C,0.81,17.97,11.97,True
Onion,Red,Vegetable,Gujarat,Rajkot,Rajkot APMC,Kharif,1,3548.1,Grade B,0.83,20.03,15.69,True
Tomato,Hybrid,Vegetable,Maharashtra,Pune,Pune APMC,Rabi,4,4411.89,Grade A,0.97,24.65,28.5,True
Groundnut,Local,Oilseed,Punjab,Ludhiana,Ludhiana Mandi,Kharif,11,254.29,Grade B,1.7,60.42,99.31,True
Wheat,Common,Cereal,Maharashtra,Nashik,Nashik APMC,Year-Round,9,2103.5,Grade A,1.24,31.04,42.79,True
Green Chilli,Local,Spice,Maharashtra,Nashik,Nashik APMC,Zaid,7,1807.72,Grade B,1.19,41.08,52.73,True
Green Chilli,Local,Spice,Maharashtra,Mumbai,Vashi APMC,Rabi,8,3732.12,Grade B,0.77,36.34,28.67,True
Tomato,Hybrid,Vegetable,Maharashtra,Pune,Pune APMC,Kharif,7,505.8,Grade A,0.89,25.6,27.75,True
Tomato,Hybrid,Vegetable,Maharashtra,Pune,Pune APMC,Kharif,1,1909.15,Grade A,1.2,25.46,31.44,True
Rice,Common,Cereal,Maharashtra,Pune,Pune APMC,Rabi,2,1745.37,Grade A,0.69,39.53,26.07,True
Wheat,Common,Cereal,Gujarat,Rajkot,Rajkot APMC,Year-Round,4,1096.88,Grade A,1.27,27.67,38.85,True
Wheat,Common,Cereal,Maharashtra,Pune,Pune APMC,Year-Round,6,2312.16,Grade A,1.08,27.46,40.04,True
Mango,Local,Fruit,Gujarat,Rajkot,Rajkot APMC,Kharif,6,2356.07,Grade B,0.67,66.32,43.15,True
Soybean,Local,Oilseed,Maharashtra,Mumbai,Vashi APMC,Kharif,12,2399.5,Grade A,1.27,42.31,57.44,True
Tomato,Hybrid,Vegetable,Maharashtra,Mumbai,Vashi APMC,Year-Round,6,4611.93,Grade A,1.1,23.09,29.43,True
Soybean,Local,Oilseed,Uttar Pradesh,Agra,Agra Mandi,Zaid,1,3228.79,Grade B,1.74,47.4,71.22,True
Rice,Common,Cereal,Maharashtra,Nashik,Nashik APMC,Year-Round,2,193.51,Grade C,1.52,32.36,36.7,True
Groundnut,Local,Oilseed,Maharashtra,Pune,Pune APMC,Rabi,1,4616.59,Grade A,0.7,50.36,37.43,True
Mango,Local,Fruit,Uttar Pradesh,Agra,Agra Mandi,Zaid,5,3538.68,Grade C,1.62,75.49,104.46,True
Tomato,Hybrid,Vegetable,Maharashtra,Nashik,Nashik APMC,Kharif,5,1700.61,Grade B,1.13,19.92,25.31,True
Tomato,Desi,Vegetable,Punjab,Ludhiana,Ludhiana Mandi,Rabi,3,284.38,Grade B,0.84,22.22,18.21,True
Maize,Hybrid,Cereal,Madhya Pradesh,Indore,Indore Mandi,Year-Round,7,1560.53,Grade B,1.74,20.29,38.94,True
Green Chilli,Local,Spice,Madhya Pradesh,Indore,Indore Mandi,Zaid,8,872.77,Grade A,0.94,34.29,38.58,True
Tomato,Hybrid,Vegetable,Maharashtra,Pune,Pune APMC,Year-Round,2,1109.88,Grade B,1.26,23.07,25.13,True
Maize,Hybrid,Cereal,Maharashtra,Nashik,Nashik APMC,Zaid,4,3050.02,Grade C,0.71,19.52,10.76,True
Onion,Red,Vegetable,Punjab,Ludhiana,Ludhiana Mandi,Kharif,5,929.88,Grade B,1.26,23.18,30.55,True
Soybean,Local,Oilseed,Punjab,Ludhiana,Ludhiana Mandi,Rabi,8,1499.31,Grade B,0.83,47.63,39.11,True
Mango,Local,Fruit,Uttar Pradesh,Agra,Agra Mandi,Kharif,7,2351.06,Grade C,1.76,65.15,101.17,True
Rice,Common,Cereal,Maharashtra,Mumbai,Vashi APMC,Zaid,5,1975.71,Grade B,1.8,38.88,71.88,True
Tomato,Hybrid,Vegetable,Madhya Pradesh,Indore,Indore Mandi,Zaid,5,4049.67,Grade A,0.91,23.71,25.71,True
Potato,Local,Vegetable,Uttar Pradesh,Agra,Agra Mandi,Kharif,1,3072.56,Grade A,1.76,16.36,30.8,True
Tomato,Desi,Vegetable,Maharashtra,Nashik,Nashik APMC,Rabi,5,4169.7,Grade B,1.29,23.5,29.58,True
Mango,Local,Fruit,Maharashtra,Nashik,Nashik APMC,Rabi,11,1207.55,Grade A,0.7,71.79,51.82,True
Maize,Hybrid,Cereal,Gujarat,Rajkot,Rajkot APMC,Rabi,2,3270.35,Grade B,1.03,24.96,19.53,True
Tomato,Hybrid,Vegetable,Punjab,Ludhiana,Ludhiana Mandi,Rabi,9,4989.53,Grade B,1.02,26.03,25.02,True
Potato,Local,Vegetable,Maharashtra,Pune,Pune APMC,Zaid,4,4506.86,Grade A,0.86,16.03,16.31,True
Maize,Hybrid,Cereal,Gujarat,Rajkot,Rajkot APMC,Year-Round,9,1940.2,Grade B,1.38,22.31,28.21,True
Tomato,Desi,Vegetable,Maharashtra,Pune,Pune APMC,Year-Round,1,3508.7,Grade A,0.79,21.22,16.24,True
Maize,Hybrid,Cereal,Karnataka,Bengaluru,Bengaluru APMC,Zaid,10,300.48,Grade B,1.67,22.52,33.49,True
Rice,Common,Cereal,Uttar Pradesh,Agra,Agra Mandi,Kharif,2,2466.37,Grade A,0.67,35.37,25.0,True
Maize,Hybrid,Cereal,Uttar Pradesh,Agra,Agra Mandi,Rabi,9,214.01,Grade A,0.92,20.58,21.18,True
Wheat,Common,Cereal,Maharashtra,Pune,Pune APMC,Rabi,4,66.73,Grade A,1.46,27.2,48.12,True
Wheat,Common,Cereal,Maharashtra,Pune,Pune APMC,Zaid,1,439.87,Grade B,1.4,28.9,36.91,True
Rice,Basmati,Cereal,Uttar Pradesh,Agra,Agra Mandi,Kharif,7,2021.97,Grade A,0.98,74.1,92.32,True
Potato,Local,Vegetable,Maharashtra,Nashik,Nashik APMC,Year-Round,2,3963.5,Grade A,0.94,18.63,17.98,True
Tomato,Hybrid,Vegetable,Maharashtra,Pune,Pune APMC,Zaid,3,1128.07,Grade B,1.43,25.88,35.0,True
Maize,Hybrid,Cereal,Maharashtra,Mumbai,Vashi APMC,Rabi,11,3598.04,Grade B,0.64,24.55,12.47,True
Tomato,Hybrid,Vegetable,Gujarat,Rajkot,Rajkot APMC,Kharif,10,2787.33,Grade A,0.94,23.94,21.22,True
Maize,Hybrid,Cereal,Punjab,Ludhiana,Ludhiana Mandi,Zaid,7,628.67,Grade B,1.2,23.04,31.28,True
Mango,Local,Fruit,Maharashtra,Nashik,Nashik APMC,Rabi,10,929.4,Grade B,1.24,60.47,68.09,True
Soybean,Local,Oilseed,Punjab,Ludhiana,Ludhiana Mandi,Zaid,8,562.06,Grade A,1.02,44.6,53.17,True
Soybean,Local,Oilseed,Maharashtra,Pune,Pune APMC,Year-Round,3,3150.5,Grade A,1.13,45.81,51.81,True
Groundnut,Local,Oilseed,Karnataka,Bengaluru,Bengaluru APMC,Year-Round,4,4564.7,Grade A,1.15,47.93,55.93,True
Groundnut,Local,Oilseed,Karnataka,Bengaluru,Bengaluru APMC,Zaid,9,2378.13,Grade B,1.43,62.58,85.5,True
Maize,Hybrid,Cereal,Maharashtra,Pune,Pune APMC,Rabi,3,2218.71,Grade C,1.03,19.32,15.94,True
Tomato,Hybrid,Vegetable,Maharashtra,Pune,Pune APMC,Rabi,7,2411.48,Grade A,1.64,22.48,44.62,True
Tomato,Hybrid,Vegetable,Gujarat,Rajkot,Rajkot APMC,Zaid,9,4149.22,Grade C,1.37,25.52,27.79,True
Tomato,Hybrid,Vegetable,Gujarat,Rajkot,Rajkot APMC,Zaid,5,3891.44,Grade B,1.34,25.03,32.44,True
Tomato,Desi,Vegetable,Maharashtra,Mumbai,Vashi APMC,Year-Round,12,4770.19,Grade A,0.82,17.9,15.7,True
Maize,Hybrid,Cereal,Madhya Pradesh,Indore,Indore Mandi,Kharif,8,4084.62,Grade A,1.62,21.61,38.23,True
Potato,Local,Vegetable,Maharashtra,Mumbai,Vashi APMC,Kharif,9,3770.57,Grade B,1.34,16.02,19.29,True
Green Chilli,Local,Spice,Punjab,Ludhiana,Ludhiana Mandi,Zaid,9,411.71,Grade C,1.31,39.05,43.95,True
Wheat,Common,Cereal,Maharashtra,Pune,Pune APMC,Year-Round,11,971.35,Grade A,0.95,28.7,29.82,True
Maize,Hybrid,Cereal,Karnataka,Bengaluru,Bengaluru APMC,Zaid,12,331.89,Grade B,1.05,26.05,25.79,True
Maize,Hybrid,Cereal,Maharashtra,Nashik,Nashik APMC,Year-Round,5,4248.07,Grade B,1.24,22.51,27.34,True
Potato,Local,Vegetable,Karnataka,Bengaluru,Bengaluru APMC,Rabi,7,3296.45,Grade C,1.69,17.64,25.65,True
Rice,Basmati,Cereal,Gujarat,Rajkot,Rajkot APMC,Year-Round,7,2697.35,Grade B,1.32,64.9,86.49,True
Onion,Red,Vegetable,Karnataka,Bengaluru,Bengaluru APMC,Zaid,9,3235.99,Grade B,0.89,18.57,15.05,True
Potato,Local,Vegetable,Madhya Pradesh,Indore,Indore Mandi,Kharif,12,4033.45,Grade B,1.7,18.09,28.53,True
Rice,Basmati,Cereal,Maharashtra,Pune,Pune APMC,Kharif,9,1372.68,Grade A,0.88,62.87,61.28,True
Groundnut,Local,Oilseed,Uttar Pradesh,Agra,Agra Mandi,Kharif,7,2874.24,Grade B,1.65,52.91,89.32,True
Tomato,Hybrid,Vegetable,Karnataka,Bengaluru,Bengaluru APMC,Year-Round,12,3983.4,Grade B,1.5,24.72,34.2,True
Green Chilli,Local,Spice,Maharashtra,Pune,Pune APMC,Kharif,7,1479.81,Grade C,0.85,37.12,28.15,True
Rice,Common,Cereal,Karnataka,Bengaluru,Bengaluru APMC,Zaid,9,67.85,Grade A,1.34,32.13,48.1,True
Maize,Hybrid,Cereal,Maharashtra,Nashik,Nashik APMC,Rabi,2,2338.56,Grade B,1.56,22.08,29.55,True
Wheat,Common,Cereal,Gujarat,Rajkot,Rajkot APMC,Rabi,9,2410.89,Grade B,1.78,30.07,51.71,True
Rice,Basmati,Cereal,Maharashtra,Nashik,Nashik APMC,Kharif,1,2713.67,Grade C,1.15,60.69,48.57,True
Maize,Hybrid,Cereal,Maharashtra,Pune,Pune APMC,Year-Round,2,2476.64,Grade C,1.61,25.17,29.9,True
Soybean,Local,Oilseed,Punjab,Ludhiana,Ludhiana Mandi,Zaid,8,1867.22,Grade C,1.66,44.88,61.74,True
Green Chilli,Local,Spice,Uttar Pradesh,Agra,Agra Mandi,Zaid,4,3185.48,Grade A,0.8,42.76,37.16,True
Mango,Local,Fruit,Gujarat,Rajkot,Rajkot APMC,Year-Round,2,2107.96,Grade C,1.25,74.68,74.49,True
Rice,Basmati,Cereal,Maharashtra,Mumbai,Vashi APMC,Kharif,3,234.73,Grade A,1.52,72.46,122.81,True
Groundnut,Local,Oilseed,Maharashtra,Nashik,Nashik APMC,Kharif,12,1261.82,Grade C,1.05,52.15,43.55,True
Wheat,Common,Cereal,Gujarat,Rajkot,Rajkot APMC,Rabi,4,4097.09,Grade B,1.25,28.21,32.58,True
Groundnut,Local,Oilseed,Maharashtra,Pune,Pune APMC,Zaid,9,1028.95,Grade A,1.58,58.3,97.04,True
Tomato,Desi,Vegetable,Maharashtra,Pune,Pune APMC,Kharif,3,2972.71,Grade A,0.79,19.96,16.7,True
Groundnut,Local,Oilseed,Maharashtra,Mumbai,Vashi APMC,Year-Round,8,4523.44,Grade A,0.81,56.45,56.21,True
Rice,Basmati,Cereal,Maharashtra,Pune,Pune APMC,Zaid,8,653.1,Grade B,1.26,75.0,96.76,True
Potato,Local,Vegetable,Maharashtra,Pune,Pune APMC,Year-Round,6,4695.16,Grade B,0.73,19.03,14.26,True
Onion,Red,Vegetable,Maharashtra,Nashik,Nashik APMC,Zaid,4,51.53,Grade A,1.66,24.35,46.51,True
Soybean,Local,Oilseed,Uttar Pradesh,Agra,Agra Mandi,Rabi,9,2711.78,Grade A,1.63,48.29,82.05,True
Potato,Local,Vegetable,Madhya Pradesh,Indore,Indore Mandi,Rabi,10,960.36,Grade A,1.03,17.28,16.76,True
Tomato,Desi,Vegetable,Madhya Pradesh,Indore,Indore Mandi,Kharif,2,3765.91,Grade A,1.74,18.3,30.65,True
Onion,Red,Vegetable,Madhya Pradesh,Indore,Indore Mandi,Year-Round,11,3222.81,Grade B,0.67,24.26,14.41,True
Maize,Hybrid,Cereal,Gujarat,Rajkot,Rajkot APMC,Zaid,9,4192.67,Grade C,1.4,21.01,22.16,True
Rice,Common,Cereal,Uttar Pradesh,Agra,Agra Mandi,Kharif,8,3349.75,Grade A,1.44,34.66,57.87,True
Mango,Local,Fruit,Uttar Pradesh,Agra,Agra Mandi,Kharif,4,463.09,Grade B,1.53,63.68,100.67,True
Potato,Local,Vegetable,Maharashtra,Pune,Pune APMC,Year-Round,6,4716.17,Grade B,1.21,18.41,22.18,True
Rice,Common,Cereal,Maharashtra,Nashik,Nashik APMC,Zaid,12,1657.87,Grade B,1.55,31.55,44.93,True
Rice,Common,Cereal,Gujarat,Rajkot,Rajkot APMC,Rabi,4,4678.68,Grade B,1.43,36.51,46.69,True
Tomato,Desi,Vegetable,Madhya Pradesh,Indore,Indore Mandi,Rabi,5,3261.8,Grade A,1.34,19.3,30.46,True
Groundnut,Local,Oilseed,Maharashtra,Pune,Pune APMC,Zaid,12,4804.16,Grade A,0.81,58.33,44.25,True
Green Chilli,Local,Spice,Maharashtra,Pune,Pune APMC,Kharif,4,4501.43,Grade B,1.47,37.34,54.48,True
Tomato,Hybrid,Vegetable,Maharashtra,Mumbai,Vashi APMC,Rabi,9,4346.57,Grade A,1.55,23.39,37.77,True
Groundnut,Local,Oilseed,Karnataka,Bengaluru,Bengaluru APMC,Rabi,5,1327.32,Grade B,0.69,50.95,39.87,True
Tomato,Hybrid,Vegetable,Punjab,Ludhiana,Ludhiana Mandi,Year-Round,3,2849.38,Grade B,1.68,26.41,40.16,True
Groundnut,Local,Oilseed,Maharashtra,Mumbai,Vashi APMC,Year-Round,12,1859.93,Grade A,0.65,62.01,45.5,True
Soybean,Local,Oilseed,Maharashtra,Nashik,Nashik APMC,Kharif,1,3327.53,Grade B,0.79,44.32,31.69,True
Potato,Local,Vegetable,Maharashtra,Pune,Pune APMC,Kharif,12,1666.16,Grade A,1.72,16.32,28.73,True
Wheat,Common,Cereal,Gujarat,Rajkot,Rajkot APMC,Kharif,6,4870.51,Grade B,1.21,25.23,31.24,True
Rice,Basmati,Cereal,Maharashtra,Pune,Pune APMC,Year-Round,4,97.85,Grade C,0.69,63.07,37.77,True
Groundnut,Local,Oilseed,Karnataka,Bengaluru,Bengaluru APMC,Kharif,2,1778.86,Grade A,1.21,60.16,74.28,True
Green Chilli,Local,Spice,Punjab,Ludhiana,Ludhiana Mandi,Kharif,2,3417.31,Grade B,1.67,36.42,50.66,True
Onion,Red,Vegetable,Gujarat,Rajkot,Rajkot APMC,Rabi,1,3147.56,Grade B,0.9,21.16,16.91,True
Onion,Red,Vegetable,Maharashtra,Nashik,Nashik APMC,Zaid,3,182.92,Grade C,1.13,22.45,19.7,True
Rice,Basmati,Cereal,Gujarat,Rajkot,Rajkot APMC,Kharif,4,2097.75,Grade C,1.26,68.7,68.12,True
Maize,Hybrid,Cereal,Maharashtra,Pune,Pune APMC,Zaid,11,286.37,Grade A,0.95,19.96,20.79,True
Tomato,Hybrid,Vegetable,Maharashtra,Nashik,Nashik APMC,Kharif,9,1931.58,Grade A,1.28,27.07,38.63,True
Potato,Local,Vegetable,Gujarat,Rajkot,Rajkot APMC,Kharif,10,1444.5,Grade B,0.85,17.38,12.85,True
Mango,Local,Fruit,Maharashtra,Nashik,Nashik APMC,Zaid,6,1097.77,Grade C,0.7,62.03,45.87,True
Tomato,Desi,Vegetable,Uttar Pradesh,Agra,Agra Mandi,Kharif,5,3852.7,Grade B,0.92,21.38,17.98,True
Rice,Basmati,Cereal,Maharashtra,Pune,Pune APMC,Year-Round,6,2582.0,Grade A,1.44,74.36,135.13,True
Onion,Red,Vegetable,Uttar Pradesh,Agra,Agra Mandi,Rabi,1,3304.48,Grade B,1.64,22.51,33.63,True
Rice,Basmati,Cereal,Madhya Pradesh,Indore,Indore Mandi,Zaid,6,2632.85,Grade A,1.22,75.14,108.86,True
Mango,Local,Fruit,Maharashtra,Pune,Pune APMC,Rabi,3,2863.32,Grade A,1.67,66.24,120.85,True
Green Chilli,Local,Spice,Madhya Pradesh,Indore,Indore Mandi,Rabi,11,2634.14,Grade A,1.06,39.61,43.24,True
Soybean,Local,Oilseed,Madhya Pradesh,Indore,Indore Mandi,Kharif,1,2746.66,Grade B,1.78,44.96,73.0,True
Soybean,Local,Oilseed,Gujarat,Rajkot,Rajkot APMC,Year-Round,3,2551.41,Grade A,1.44,41.93,65.17,True
Green Chilli,Local,Spice,Gujarat,Rajkot,Rajkot APMC,Rabi,7,2172.37,Grade C,1.65,42.05,63.12,True
Onion,Red,Vegetable,Madhya Pradesh,Indore,Indore Mandi,Rabi,12,201.76,Grade B,0.78,19.91,15.39,True
Green Chilli,Local,Spice,Maharashtra,Nashik,Nashik APMC,Zaid,11,3492.49,Grade B,0.91,38.11,33.19,True
Tomato,Desi,Vegetable,Maharashtra,Nashik,Nashik APMC,Year-Round,3,165.45,Grade C,0.81,19.29,13.85,True
Wheat,Common,Cereal,Maharashtra,Pune,Pune APMC,Rabi,9,3458.14,Grade A,0.69,27.78,19.85,True
Potato,Local,Vegetable,Karnataka,Bengaluru,Bengaluru APMC,Rabi,11,4385.87,Grade B,0.81,17.55,12.4,True
Groundnut,Local,Oilseed,Punjab,Ludhiana,Ludhiana Mandi,Rabi,12,1276.98,Grade A,0.89,56.12,58.13,True
Rice,Basmati,Cereal,Punjab,Ludhiana,Ludhiana Mandi,Rabi,10,4098.0,Grade C,1.64,63.13,77.89,True
Groundnut,Local,Oilseed,Maharashtra,Mumbai,Vashi APMC,Kharif,11,803.74,Grade B,1.23,61.26,76.53,True
Wheat,Common,Cereal,Madhya Pradesh,Indore,Indore Mandi,Kharif,5,1675.15,Grade A,1.17,27.25,36.71,True
Rice,Common,Cereal,Maharashtra,Mumbai,Vashi APMC,Year-Round,4,4135.8,Grade B,1.66,34.48,54.6,True
Rice,Common,Cereal,Maharashtra,Nashik,Nashik APMC,Year-Round,9,3413.78,Grade C,0.88,35.36,20.01,True
Onion,Red,Vegetable,Gujarat,Rajkot,Rajkot APMC,Year-Round,1,4547.19,Grade B,1.13,22.28,22.1,True
Wheat,Common,Cereal,Punjab,Ludhiana,Ludhiana Mandi,Kharif,11,2410.68,Grade B,1.12,29.12,30.02,True
Potato,Local,Vegetable,Punjab,Ludhiana,Ludhiana Mandi,Rabi,3,4824.67,Grade A,1.17,18.26,21.47,True
Maize,Hybrid,Cereal,Maharashtra,Nashik,Nashik APMC,Year-Round,2,4880.37,Grade B,1.27,18.91,20.95,True
Onion,Red,Vegetable,Madhya Pradesh,Indore,Indore Mandi,Zaid,5,382.57,Grade A,0.9,22.34,23.25,True
Onion,Red,Vegetable,Madhya Pradesh,Indore,Indore Mandi,Year-Round,10,2135.09,Grade A,1.6,22.54,37.3,True
Soybean,Local,Oilseed,Maharashtra,Pune,Pune APMC,Year-Round,5,3284.03,Grade B,1.62,47.07,73.2,True
Onion,Red,Vegetable,Karnataka,Bengaluru,Bengaluru APMC,Rabi,12,4287.94,Grade A,1.69,18.94,32.75,True
Maize,Hybrid,Cereal,Karnataka,Bengaluru,Bengaluru APMC,Kharif,2,4552.22,Grade A,1.41,23.43,34.35,True
Maize,Hybrid,Cereal,Uttar Pradesh,Agra,Agra Mandi,Kharif,4,4509.23,Grade C,1.53,19.94,24.48,True
Groundnut,Local,Oilseed,Maharashtra,Mumbai,Vashi APMC,Kharif,2,1170.1,Grade C,1.77,54.32,74.3,True
Onion,Red,Vegetable,Uttar Pradesh,Agra,Agra Mandi,Kharif,12,552.44,Grade B,1.2,18.79,21.02,True
Rice,Common,Cereal,Karnataka,Bengaluru,Bengaluru APMC,Year-Round,9,4032.57,Grade B,1.63,31.09,43.73,True
Wheat,Common,Cereal,Uttar Pradesh,Agra,Agra Mandi,Kharif,2,1249.49,Grade C,1.17,28.22,25.77,True
Rice,Basmati,Cereal,Madhya Pradesh,Indore,Indore Mandi,Year-Round,4,865.63,Grade B,1.45,80.21,117.77,True
Potato,Local,Vegetable,Maharashtra,Pune,Pune APMC,Rabi,1,1041.78,Grade B,1.25,15.02,16.45,True
Tomato,Hybrid,Vegetable,Maharashtra,Mumbai,Vashi APMC,Kharif,10,1726.79,Grade A,1.09,24.58,27.56,True
Tomato,Hybrid,Vegetable,Karnataka,Bengaluru,Bengaluru APMC,Rabi,5,482.88,Grade A,0.62,24.05,20.48,True
Onion,Red,Vegetable,Madhya Pradesh,Indore,Indore Mandi,Kharif,10,3921.86,Grade B,1.75,25.09,38.89,True
Soybean,Local,Oilseed,Maharashtra,Pune,Pune APMC,Rabi,9,4664.53,Grade A,0.93,43.83,42.69,True
Green Chilli,Local,Spice,Maharashtra,Mumbai,Vashi APMC,Zaid,8,4542.81,Grade A,1.46,42.38,72.11,True
Wheat,Common,Cereal,Punjab,Ludhiana,Ludhiana Mandi,Rabi,2,3986.86,Grade C,1.45,28.55,29.4,True
Green Chilli,Local,Spice,Gujarat,Rajkot,Rajkot APMC,Year-Round,1,531.54,Grade A,0.9,44.02,45.18,True
Rice,Common,Cereal,Maharashtra,Mumbai,Vashi APMC,Rabi,4,50.87,Grade B,0.8,34.22,28.57,True
Soybean,Local,Oilseed,Gujarat,Rajkot,Rajkot APMC,Zaid,5,3993.13,Grade A,1.63,43.32,82.64,True
Green Chilli,Local,Spice,Gujarat,Rajkot,Rajkot APMC,Kharif,9,1249.96,Grade A,1.31,39.39,57.28,True
Rice,Common,Cereal,Maharashtra,Mumbai,Vashi APMC,Year-Round,5,4690.46,Grade C,0.82,38.71,28.09,True
Mango,Local,Fruit,Punjab,Ludhiana,Ludhiana Mandi,Kharif,4,1756.13,Grade B,1.02,53.49,56.35,True
Rice,Basmati,Cereal,Maharashtra,Mumbai,Vashi APMC,Kharif,8,3747.52,Grade B,1.01,61.7,61.85,True
Onion,Red,Vegetable,Karnataka,Bengaluru,Bengaluru APMC,Kharif,1,446.2,Grade A,1.51,22.65,37.04,True
Onion,Red,Vegetable,Maharashtra,Pune,Pune APMC,Zaid,6,3976.88,Grade A,1.59,21.84,40.84,True
Tomato,Desi,Vegetable,Uttar Pradesh,Agra,Agra Mandi,Zaid,1,4366.66,Grade A,1.07,18.26,18.12,True
Tomato,Hybrid,Vegetable,Uttar Pradesh,Agra,Agra Mandi,Kharif,1,3829.52,Grade A,1.7,24.18,39.58,True
Soybean,Local,Oilseed,Maharashtra,Nashik,Nashik APMC,Year-Round,11,2640.58,Grade B,1.48,39.31,53.65,True
Groundnut,Local,Oilseed,Maharashtra,Nashik,Nashik APMC,Rabi,10,1581.17,Grade A,1.34,53.59,71.86,True
Rice,Basmati,Cereal,Gujarat,Rajkot,Rajkot APMC,Year-Round,4,2082.4,Grade A,1.06,67.39,76.4,True
Potato,Local,Vegetable,Gujarat,Rajkot,Rajkot APMC,Kharif,8,2973.02,Grade A,0.78,16.82,13.99,True
Tomato,Desi,Vegetable,Maharashtra,Mumbai,Vashi APMC,Kharif,5,3269.67,Grade B,1.75,19.18,35.31,True
Rice,Basmati,Cereal,Maharashtra,Nashik,Nashik APMC,Kharif,6,2630.9,Grade B,1.42,78.92,113.18,True
Groundnut,Local,Oilseed,Maharashtra,Nashik,Nashik APMC,Year-Round,5,3591.48,Grade B,1.57,51.14,77.58,True
Groundnut,Local,Oilseed,Maharashtra,Pune,Pune APMC,Rabi,12,3429.36,Grade B,1.07,48.59,45.74,True
Soybean,Local,Oilseed,Maharashtra,Pune,Pune APMC,Kharif,12,4692.07,Grade A,1.59,49.01,80.14,True
Tomato,Desi,Vegetable,Madhya Pradesh,Indore,Indore Mandi,Zaid,5,420.24,Grade B,1.79,21.83,42.64,True
Onion,Red,Vegetable,Uttar Pradesh,Agra,Agra Mandi,Zaid,5,4197.24,Grade A,0.8,20.22,19.28,True
Groundnut,Local,Oilseed,Gujarat,Rajkot,Rajkot APMC,Kharif,3,4091.42,Grade B,1.5,51.65,67.93,True
Tomato,Desi,Vegetable,Gujarat,Rajkot,Rajkot APMC,Rabi,4,4224.35,Grade C,1.29,19.94,21.5,True
Rice,Basmati,Cereal,Maharashtra,Pune,Pune APMC,Year-Round,11,1539.88,Grade B,0.6,83.5,43.93,True
Onion,Red,Vegetable,Maharashtra,Mumbai,Vashi APMC,Year-Round,7,202.8,Grade A,0.8,19.16,18.3,True
Tomato,Hybrid,Vegetable,Maharashtra,Pune,Pune APMC,Kharif,5,656.97,Grade B,0.96,24.31,25.71,True
Groundnut,Local,Oilseed,Uttar Pradesh,Agra,Agra Mandi,Year-Round,5,1233.18,Grade B,1.04,47.33,54.81,True
Mango,Local,Fruit,Maharashtra,Pune,Pune APMC,Zaid,6,2229.55,Grade B,1.35,70.64,101.95,True
Rice,Basmati,Cereal,Madhya Pradesh,Indore,Indore Mandi,Zaid,8,3612.46,Grade B,0.73,78.06,53.36,True
Groundnut,Local,Oilseed,Karnataka,Bengaluru,Bengaluru APMC,Zaid,11,3178.07,Grade B,1.13,51.92,53.63,True
Groundnut,Local,Oilseed,Maharashtra,Pune,Pune APMC,Zaid,9,1615.79,Grade A,0.79,62.65,51.3,True
Mango,Local,Fruit,Madhya Pradesh,Indore,Indore Mandi,Zaid,7,2005.0,Grade B,1.11,61.0,67.76,True
Mango,Local,Fruit,Uttar Pradesh,Agra,Agra Mandi,Year-Round,10,320.38,Grade B,1.19,59.45,64.9,True
Green Chilli,Local,Spice,Madhya Pradesh,Indore,Indore Mandi,Kharif,10,3216.75,Grade B,1.24,41.49,47.55,True
Potato,Local,Vegetable,Punjab,Ludhiana,Ludhiana Mandi,Zaid,10,2573.13,Grade A,1.68,18.08,31.95,True
Wheat,Common,Cereal,Uttar Pradesh,Agra,Agra Mandi,Zaid,6,4768.28,Grade A,0.8,26.79,24.79,True
Groundnut,Local,Oilseed,Uttar Pradesh,Agra,Agra Mandi,Kharif,9,2644.96,Grade C,0.92,57.26,37.84,True
Tomato,Desi,Vegetable,Maharashtra,Mumbai,Vashi APMC,Rabi,9,4269.99,Grade A,1.35,20.72,29.14,True
Onion,Red,Vegetable,Punjab,Ludhiana,Ludhiana Mandi,Zaid,3,311.28,Grade B,0.82,24.58,20.67,True
Soybean,Local,Oilseed,Maharashtra,Nashik,Nashik APMC,Zaid,6,3435.7,Grade A,1.76,45.95,93.73,True
Tomato,Hybrid,Vegetable,Madhya Pradesh,Indore,Indore Mandi,Kharif,10,2639.93,Grade A,1.02,21.87,23.03,True
Onion,Red,Vegetable,Maharashtra,Mumbai,Vashi APMC,Rabi,12,1653.48,Grade A,0.66,22.19,16.6,True
Rice,Common,Cereal,Maharashtra,Mumbai,Vashi APMC,Zaid,8,3008.83,Grade C,0.77,37.56,24.91,True
Onion,Red,Vegetable,Maharashtra,Mumbai,Vashi APMC,Year-Round,1,1838.25,Grade A,0.63,21.82,15.08,True
Rice,Basmati,Cereal,Maharashtra,Nashik,Nashik APMC,Kharif,7,4307.73,Grade A,1.46,88.97,149.46,True
Groundnut,Local,Oilseed,Maharashtra,Nashik,Nashik APMC,Rabi,12,919.44,Grade C,0.9,55.24,48.37,True
Green Chilli,Local,Spice,Maharashtra,Pune,Pune APMC,Year-Round,10,3447.73,Grade B,1.14,38.41,38.36,True
Potato,Local,Vegetable,Maharashtra,Pune,Pune APMC,Rabi,8,1185.62,Grade C,0.79,19.14,13.4,True
Rice,Common,Cereal,Madhya Pradesh,Indore,Indore Mandi,Rabi,11,1588.27,Grade B,1.8,36.81,64.05,True
Rice,Common,Cereal,Uttar Pradesh,Agra,Agra Mandi,Rabi,2,897.15,Grade A,1.6,35.9,59.74,True
Rice,Common,Cereal,Maharashtra,Pune,Pune APMC,Year-Round,11,4203.12,Grade A,1.48,39.06,56.55,True
Tomato,Desi,Vegetable,Gujarat,Rajkot,Rajkot APMC,Year-Round,3,3923.97,Grade B,1.4,19.68,26.36,True
Rice,Basmati,Cereal,Gujarat,Rajkot,Rajkot APMC,Kharif,9,324.96,Grade A,0.78,84.47,75.67,True
Tomato,Hybrid,Vegetable,Maharashtra,Pune,Pune APMC,Rabi,10,3049.45,Grade A,1.18,23.32,29.41,True
Mango,Local,Fruit,Maharashtra,Pune,Pune APMC,Year-Round,9,4638.99,Grade A,0.91,61.04,54.32,True
Groundnut,Local,Oilseed,Uttar Pradesh,Agra,Agra Mandi,Year-Round,10,3824.5,Grade A,1.48,65.79,100.06,True
Mango,Local,Fruit,Punjab,Ludhiana,Ludhiana Mandi,Kharif,7,1185.53,Grade B,0.82,61.57,56.21,True
Tomato,Desi,Vegetable,Maharashtra,Pune,Pune APMC,Rabi,11,510.24,Grade C,0.69,19.64,12.16,True
Soybean,Local,Oilseed,Karnataka,Bengaluru,Bengaluru APMC,Kharif,5,4041.76,Grade B,0.9,49.92,43.04,True
Rice,Common,Cereal,Madhya Pradesh,Indore,Indore Mandi,Kharif,5,4864.32,Grade B,0.78,34.52,29.85,True
Rice,Basmati,Cereal,Gujarat,Rajkot,Rajkot APMC,Year-Round,1,1801.86,Grade A,1.51,81.4,126.98,True
Soybean,Local,Oilseed,Maharashtra,Nashik,Nashik APMC,Kharif,2,1065.15,Grade B,1.45,44.29,55.81,True
Onion,Red,Vegetable,Maharashtra,Nashik,Nashik APMC,Zaid,1,414.13,Grade A,1.2,26.62,34.42,True
Maize,Hybrid,Cereal,Uttar Pradesh,Agra,Agra Mandi,Zaid,12,2938.88,Grade C,0.65,20.4,9.93,True
Soybean,Local,Oilseed,Gujarat,Rajkot,Rajkot APMC,Zaid,2,4515.66,Grade A,1.25,48.16,59.8,True
Onion,Red,Vegetable,Uttar Pradesh,Agra,Agra Mandi,Year-Round,12,2223.4,Grade B,1.74,21.44,35.12,True
Groundnut,Local,Oilseed,Karnataka,Bengaluru,Bengaluru APMC,Kharif,5,2615.74,Grade C,1.38,58.5,63.57,True
Mango,Local,Fruit,Gujarat,Rajkot,Rajkot APMC,Zaid,6,543.85,Grade C,1.55,66.59,97.6,True
Mango,Local,Fruit,Punjab,Ludhiana,Ludhiana Mandi,Year-Round,10,578.24,Grade B,1.26,62.93,73.92,True
Groundnut,Local,Oilseed,Madhya Pradesh,Indore,Indore Mandi,Rabi,9,2998.68,Grade B,0.71,52.21,31.42,True
Potato,Local,Vegetable,Maharashtra,Pune,Pune APMC,Kharif,5,400.48,Grade C,1.05,18.1,17.21,True
Wheat,Common,Cereal,Gujarat,Rajkot,Rajkot APMC,Rabi,1,4490.43,Grade B,0.62,28.35,15.46,True
Tomato,Desi,Vegetable,Maharashtra,Nashik,Nashik APMC,Rabi,3,220.1,Grade C,1.59,19.3,23.18,True
Rice,Basmati,Cereal,Punjab,Ludhiana,Ludhiana Mandi,Year-Round,2,1924.82,Grade C,1.36,71.47,76.49,True
Rice,Common,Cereal,Punjab,Ludhiana,Ludhiana Mandi,Zaid,7,4510.6,Grade A,0.62,35.2,27.45,True
Onion,Red,Vegetable,Karnataka,Bengaluru,Bengaluru APMC,Year-Round,1,1308.41,Grade A,1.2,23.04,30.25,True
Groundnut,Local,Oilseed,Maharashtra,Nashik,Nashik APMC,Zaid,12,4864.91,Grade A,1.27,51.36,65.55,True
Green Chilli,Local,Spice,Madhya Pradesh,Indore,Indore Mandi,Year-Round,6,1770.58,Grade C,1.34,45.72,59.09,True
Rice,Common,Cereal,Uttar Pradesh,Agra,Agra Mandi,Kharif,8,2950.71,Grade C,0.94,37.94,29.8,True
Green Chilli,Local,Spice,Gujarat,Rajkot,Rajkot APMC,Zaid,4,3339.67,Grade B,1.73,30.59,48.97,True
Rice,Common,Cereal,Punjab,Ludhiana,Ludhiana Mandi,Year-Round,3,3324.83,Grade A,0.8,37.55,32.6,True
Soybean,Local,Oilseed,Maharashtra,Pune,Pune APMC,Year-Round,10,1373.32,Grade B,0.68,46.84,31.9,True
Tomato,Hybrid,Vegetable,Maharashtra,Nashik,Nashik APMC,Year-Round,7,875.39,Grade B,1.14,23.35,27.68,True
Green Chilli,Local,Spice,Maharashtra,Pune,Pune APMC,Zaid,6,226.77,Grade A,1.04,35.65,47.36,True
Potato,Local,Vegetable,Madhya Pradesh,Indore,Indore Mandi,Year-Round,9,4816.04,Grade C,1.35,18.54,19.44,True
Tomato,Desi,Vegetable,Gujarat,Rajkot,Rajkot APMC,Year-Round,1,4279.74,Grade C,1.18,18.88,16.75,True
Green Chilli,Local,Spice,Uttar Pradesh,Agra,Agra Mandi,Year-Round,7,2270.35,Grade B,0.87,43.57,37.68,True
Mango,Local,Fruit,Uttar Pradesh,Agra,Agra Mandi,Year-Round,3,4853.57,Grade B,0.67,65.08,35.3,True
Groundnut,Local,Oilseed,Karnataka,Bengaluru,Bengaluru APMC,Zaid,7,1765.89,Grade C,0.98,53.64,48.43,True
Mango,Local,Fruit,Maharashtra,Pune,Pune APMC,Rabi,5,87.33,Grade C,0.96,68.03,58.79,True
Tomato,Hybrid,Vegetable,Punjab,Ludhiana,Ludhiana Mandi,Zaid,4,2764.24,Grade C,0.71,21.99,11.53,True
Wheat,Common,Cereal,Maharashtra,Pune,Pune APMC,Zaid,2,726.94,Grade A,1.58,29.6,49.22,True
Rice,Common,Cereal,Madhya Pradesh,Indore,Indore Mandi,Year-Round,10,1936.66,Grade C,1.72,36.03,47.92,True
Potato,Local,Vegetable,Maharashtra,Nashik,Nashik APMC,Kharif,7,1492.83,Grade C,1.76,17.1,27.05,True
Wheat,Common,Cereal,Madhya Pradesh,Indore,Indore Mandi,Year-Round,6,1523.48,Grade A,1.16,29.9,42.7,True
Onion,Red,Vegetable,Punjab,Ludhiana,Ludhiana Mandi,Kharif,8,2605.77,Grade A,1.13,23.64,30.1,True
Tomato,Hybrid,Vegetable,Uttar Pradesh,Agra,Agra Mandi,Rabi,8,3602.21,Grade A,1.66,22.42,43.6,True
Rice,Basmati,Cereal,Maharashtra,Mumbai,Vashi APMC,Zaid,4,3492.38,Grade B,0.82,73.7,56.0,True
Wheat,Common,Cereal,Karnataka,Bengaluru,Bengaluru APMC,Rabi,12,203.99,Grade B,1.22,27.86,31.98,True
Maize,Hybrid,Cereal,Maharashtra,Pune,Pune APMC,Year-Round,8,2970.39,Grade B,1.12,22.05,24.19,True
Maize,Hybrid,Cereal,Punjab,Ludhiana,Ludhiana Mandi,Year-Round,4,52.09,Grade B,0.68,22.9,16.7,True
Mango,Local,Fruit,Punjab,Ludhiana,Ludhiana Mandi,Year-Round,4,1556.34,Grade A,1.12,72.47,94.65,True
Onion,Red,Vegetable,Punjab,Ludhiana,Ludhiana Mandi,Year-Round,1,2669.41,Grade B,1.75,22.47,34.71,True
Mango,Local,Fruit,Maharashtra,Mumbai,Vashi APMC,Kharif,9,4671.6,Grade B,1.5,61.29,79.14,True
Tomato,Desi,Vegetable,Karnataka,Bengaluru,Bengaluru APMC,Kharif,12,1795.01,Grade A,0.69,21.33,16.92,True
Potato,Local,Vegetable,Karnataka,Bengaluru,Bengaluru APMC,Year-Round,10,3742.48,Grade A,1.36,19.27,26.07,True
Maize,Hybrid,Cereal,Maharashtra,Mumbai,Vashi APMC,Year-Round,10,2741.45,Grade A,0.93,22.26,19.49,True
Rice,Basmati,Cereal,Karnataka,Bengaluru,Bengaluru APMC,Kharif,6,2890.62,Grade A,0.78,69.72,59.55,True
Green Chilli,Local,Spice,Gujarat,Rajkot,Rajkot APMC,Rabi,9,1076.2,Grade B,1.73,39.19,65.23,True
Soybean,Local,Oilseed,Punjab,Ludhiana,Ludhiana Mandi,Kharif,11,4536.17,Grade B,0.73,47.64,30.49,True
Mango,Local,Fruit,Gujarat,Rajkot,Rajkot APMC,Zaid,1,198.79,Grade B,0.64,65.48,41.55,True
Onion,Red,Vegetable,Madhya Pradesh,Indore,Indore Mandi,Zaid,7,1864.26,Grade B,0.87,22.51,20.18,True
Rice,Common,Cereal,Maharashtra,Nashik,Nashik APMC,Rabi,10,2966.02,Grade B,1.7,33.53,51.73,True
Groundnut,Local,Oilseed,Maharashtra,Pune,Pune APMC,Kharif,7,980.84,Grade C,0.6,52.53,33.45,True
Potato,Local,Vegetable,Maharashtra,Pune,Pune APMC,Kharif,2,1025.32,Grade C,1.42,17.73,19.66,True
Maize,Hybrid,Cereal,Uttar Pradesh,Agra,Agra Mandi,Rabi,3,2399.0,Grade A,0.68,21.82,15.36,True
Green Chilli,Local,Spice,Maharashtra,Pune,Pune APMC,Zaid,6,1455.94,Grade B,0.63,38.35,25.38,True
Mango,Local,Fruit,Karnataka,Bengaluru,Bengaluru APMC,Zaid,1,2596.79,Grade C,1.16,68.75,62.75,True
Tomato,Hybrid,Vegetable,Karnataka,Bengaluru,Bengaluru APMC,Zaid,3,1230.2,Grade A,0.6,24.68,17.26,True
Potato,Local,Vegetable,Karnataka,Bengaluru,Bengaluru APMC,Zaid,1,1013.05,Grade A,1.61,18.34,30.49,True
Soybean,Local,Oilseed,Madhya Pradesh,Indore,Indore Mandi,Rabi,2,500.78,Grade B,1.3,50.32,61.2,True
Tomato,Hybrid,Vegetable,Maharashtra,Mumbai,Vashi APMC,Year-Round,7,634.58,Grade B,1.47,27.39,47.01,True
Maize,Hybrid,Cereal,Uttar Pradesh,Agra,Agra Mandi,Rabi,3,3050.14,Grade B,0.61,23.07,13.27,True
Tomato,Desi,Vegetable,Madhya Pradesh,Indore,Indore Mandi,Zaid,6,2161.8,Grade B,1.0,22.3,24.23,True
Potato,Local,Vegetable,Maharashtra,Nashik,Nashik APMC,Year-Round,11,3768.21,Grade B,1.51,20.04,26.3,True
Groundnut,Local,Oilseed,Maharashtra,Pune,Pune APMC,Zaid,3,1497.12,Grade C,1.26,51.71,46.67,True
Wheat,Common,Cereal,Maharashtra,Mumbai,Vashi APMC,Year-Round,10,1892.74,Grade B,0.7,25.51,15.47,True
Rice,Common,Cereal,Punjab,Ludhiana,Ludhiana Mandi,Kharif,9,2208.05,Grade A,0.73,32.46,23.98,True
Onion,Red,Vegetable,Uttar Pradesh,Agra,Agra Mandi,Rabi,11,2505.09,Grade B,1.78,23.53,36.52,True
Tomato,Desi,Vegetable,Maharashtra,Pune,Pune APMC,Rabi,5,2813.05,Grade C,0.92,19.48,14.61,True
Tomato,Hybrid,Vegetable,Karnataka,Bengaluru,Bengaluru APMC,Zaid,12,4155.66,Grade B,0.67,25.92,15.01,True
Groundnut,Local,Oilseed,Uttar Pradesh,Agra,Agra Mandi,Kharif,5,2997.48,Grade A,1.53,69.52,129.91,True
Rice,Common,Cereal,Maharashtra,Nashik,Nashik APMC,Rabi,3,3507.62,Grade B,0.77,35.82,23.9,True
Wheat,Common,Cereal,Madhya Pradesh,Indore,Indore Mandi,Rabi,1,3941.53,Grade B,0.92,29.56,25.86,True
Green Chilli,Local,Spice,Gujarat,Rajkot,Rajkot APMC,Year-Round,6,3759.17,Grade A,0.81,42.52,43.96,True
Rice,Basmati,Cereal,Punjab,Ludhiana,Ludhiana Mandi,Zaid,12,3002.06,Grade A,1.04,86.51,88.72,True
Rice,Basmati,Cereal,Madhya Pradesh,Indore,Indore Mandi,Rabi,4,2726.51,Grade B,1.14,63.73,61.1,True
Rice,Basmati,Cereal,Maharashtra,Pune,Pune APMC,Kharif,11,3209.25,Grade A,1.28,75.15,99.32,True
Soybean,Local,Oilseed,Maharashtra,Nashik,Nashik APMC,Zaid,2,850.89,Grade A,0.64,41.75,29.67,True
Soybean,Local,Oilseed,Maharashtra,Nashik,Nashik APMC,Zaid,7,4186.19,Grade A,1.37,42.1,66.38,True
Rice,Basmati,Cereal,Maharashtra,Pune,Pune APMC,Year-Round,7,3787.83,Grade A,0.87,61.83,62.95,True
Tomato,Hybrid,Vegetable,Maharashtra,Mumbai,Vashi APMC,Year-Round,7,3907.85,Grade B,0.88,26.12,23.8,True
Green Chilli,Local,Spice,Karnataka,Bengaluru,Bengaluru APMC,Year-Round,6,749.73,Grade A,1.12,39.24,55.09,True
Mango,Local,Fruit,Maharashtra,Nashik,Nashik APMC,Rabi,11,3451.51,Grade B,1.25,61.13,68.28,True
Potato,Local,Vegetable,Maharashtra,Nashik,Nashik APMC,Year-Round,12,2664.75,Grade B,1.05,19.5,17.1,True
Mango,Local,Fruit,Uttar Pradesh,Agra,Agra Mandi,Zaid,7,4926.37,Grade B,1.02,60.19,63.33,True
Tomato,Desi,Vegetable,Karnataka,Bengaluru,Bengaluru APMC,Zaid,7,2547.66,Grade B,0.76,19.37,15.56,True
Potato,Local,Vegetable,Madhya Pradesh,Indore,Indore Mandi,Zaid,10,214.32,Grade C,0.7,14.37,7.56,True
Potato,Local,Vegetable,Gujarat,Rajkot,Rajkot APMC,Rabi,8,2696.96,Grade C,1.43,17.48,20.88,True
Onion,Red,Vegetable,Madhya Pradesh,Indore,Indore Mandi,Rabi,8,4913.32,Grade B,0.79,20.38,15.66,True
Rice,Common,Cereal,Gujarat,Rajkot,Rajkot APMC,Rabi,9,1986.58,Grade C,0.68,32.09,16.88,True
Maize,Hybrid,Cereal,Punjab,Ludhiana,Ludhiana Mandi,Year-Round,4,3571.95,Grade A,1.05,21.85,25.23,True
Rice,Basmati,Cereal,Punjab,Ludhiana,Ludhiana Mandi,Year-Round,11,1745.57,Grade A,0.63,79.91,52.54,True
Onion,Red,Vegetable,Punjab,Ludhiana,Ludhiana Mandi,Kharif,3,4466.54,Grade B,1.44,21.25,24.99,True
Rice,Basmati,Cereal,Maharashtra,Nashik,Nashik APMC,Kharif,6,4651.78,Grade A,0.61,75.67,48.19,True
Tomato,Hybrid,Vegetable,Maharashtra,Pune,Pune APMC,Zaid,1,1406.42,Grade B,1.7,25.37,38.93,True
Soybean,Local,Oilseed,Gujarat,Rajkot,Rajkot APMC,Zaid,8,491.39,Grade B,0.72,45.91,36.12,True
Green Chilli,Local,Spice,Punjab,Ludhiana,Ludhiana Mandi,Year-Round,2,2064.33,Grade B,1.13,45.03,43.2,True
Tomato,Desi,Vegetable,Uttar Pradesh,Agra,Agra Mandi,Year-Round,12,2796.47,Grade C,1.47,23.57,27.38,True
Groundnut,Local,Oilseed,Karnataka,Bengaluru,Bengaluru APMC,Kharif,4,4482.3,Grade B,0.77,56.32,34.54,True
Rice,Basmati,Cereal,Maharashtra,Mumbai,Vashi APMC,Year-Round,10,3121.05,Grade B,0.68,71.3,38.61,True
Green Chilli,Local,Spice,Madhya Pradesh,Indore,Indore Mandi,Year-Round,6,1941.44,Grade A,1.14,45.46,69.19,True
Maize,Hybrid,Cereal,Maharashtra,Pune,Pune APMC,Kharif,3,3661.04,Grade C,1.32,23.26,23.54,True
Rice,Common,Cereal,Maharashtra,Nashik,Nashik APMC,Rabi,8,4950.18,Grade C,1.3,34.71,35.34,True
Mango,Local,Fruit,Maharashtra,Pune,Pune APMC,Rabi,2,382.43,Grade A,1.48,52.97,82.38,True
Maize,Hybrid,Cereal,Gujarat,Rajkot,Rajkot APMC,Kharif,5,1363.35,Grade B,1.38,18.45,27.7,True
Rice,Basmati,Cereal,Gujarat,Rajkot,Rajkot APMC,Kharif,12,1185.13,Grade A,0.79,79.24,72.47,True
Soybean,Local,Oilseed,Karnataka,Bengaluru,Bengaluru APMC,Year-Round,4,3894.16,Grade C,0.99,42.0,34.03,True
Tomato,Desi,Vegetable,Maharashtra,Pune,Pune APMC,Rabi,9,420.47,Grade A,1.17,17.62,20.94,True
Groundnut,Local,Oilseed,Maharashtra,Nashik,Nashik APMC,Year-Round,9,1876.13,Grade B,1.46,50.12,63.84,True
Groundnut,Local,Oilseed,Maharashtra,Pune,Pune APMC,Year-Round,10,4664.7,Grade A,1.71,52.16,86.46,True
Maize,Hybrid,Cereal,Karnataka,Bengaluru,Bengaluru APMC,Year-Round,4,2252.26,Grade B,0.8,26.02,19.36,True
Maize,Hybrid,Cereal,Punjab,Ludhiana,Ludhiana Mandi,Kharif,2,2288.33,Grade B,0.71,22.61,12.59,True
Green Chilli,Local,Spice,Maharashtra,Pune,Pune APMC,Rabi,3,4391.94,Grade C,0.61,43.14,17.83,True
Rice,Basmati,Cereal,Maharashtra,Pune,Pune APMC,Kharif,10,4943.75,Grade A,0.69,71.97,48.97,True
Soybean,Local,Oilseed,Maharashtra,Mumbai,Vashi APMC,Zaid,7,4291.44,Grade B,0.81,45.42,39.76,True
Tomato,Hybrid,Vegetable,Maharashtra,Nashik,Nashik APMC,Zaid,4,3419.46,Grade B,1.25,26.05,32.32,True
Onion,Red,Vegetable,Gujarat,Rajkot,Rajkot APMC,Year-Round,11,472.72,Grade B,1.35,22.1,26.37,True
Groundnut,Local,Oilseed,Punjab,Ludhiana,Ludhiana Mandi,Kharif,2,4776.67,Grade A,1.74,55.41,99.12,True
Wheat,Common,Cereal,Karnataka,Bengaluru,Bengaluru APMC,Kharif,9,137.69,Grade A,1.65,28.65,54.98,True
Rice,Common,Cereal,Uttar Pradesh,Agra,Agra Mandi,Zaid,8,4379.9,Grade B,1.54,34.25,49.42,True
Rice,Common,Cereal,Punjab,Ludhiana,Ludhiana Mandi,Zaid,3,3691.92,Grade A,0.62,36.2,21.8,True
Maize,Hybrid,Cereal,Maharashtra,Mumbai,Vashi APMC,Rabi,4,1789.01,Grade B,1.01,19.98,19.0,True
Soybean,Local,Oilseed,Maharashtra,Pune,Pune APMC,Year-Round,12,974.14,Grade A,1.61,45.69,81.53,True
Mango,Local,Fruit,Uttar Pradesh,Agra,Agra Mandi,Year-Round,11,3091.45,Grade B,1.18,58.7,63.6,True
Maize,Hybrid,Cereal,Uttar Pradesh,Agra,Agra Mandi,Kharif,6,3559.34,Grade B,1.28,22.9,31.8,True
Tomato,Hybrid,Vegetable,Karnataka,Bengaluru,Bengaluru APMC,Rabi,11,1805.4,Grade B,0.66,24.36,13.73,True
Mango,Local,Fruit,Karnataka,Bengaluru,Bengaluru APMC,Year-Round,6,1540.18,Grade C,1.18,56.09,56.94,True
Maize,Hybrid,Cereal,Maharashtra,Mumbai,Vashi APMC,Year-Round,3,1779.9,Grade B,1.31,21.08,24.56,True
Rice,Basmati,Cereal,Karnataka,Bengaluru,Bengaluru APMC,Rabi,11,1329.73,Grade A,0.72,87.3,63.47,True
Onion,Red,Vegetable,Punjab,Ludhiana,Ludhiana Mandi,Kharif,6,115.01,Grade B,1.03,21.5,24.92,True
Tomato,Hybrid,Vegetable,Maharashtra,Nashik,Nashik APMC,Rabi,3,1218.08,Grade C,0.94,25.57,18.08,True
Onion,Red,Vegetable,Maharashtra,Nashik,Nashik APMC,Kharif,7,1028.15,Grade B,1.77,21.75,41.3,True
Potato,Local,Vegetable,Karnataka,Bengaluru,Bengaluru APMC,Kharif,2,1312.8,Grade B,1.26,18.65,20.05,True
Tomato,Desi,Vegetable,Maharashtra,Pune,Pune APMC,Kharif,10,848.8,Grade B,1.41,17.25,21.54,True
Tomato,Hybrid,Vegetable,Maharashtra,Nashik,Nashik APMC,Year-Round,9,1187.85,Grade B,1.58,26.49,38.65,True
Tomato,Desi,Vegetable,Madhya Pradesh,Indore,Indore Mandi,Zaid,3,1127.92,Grade B,0.81,22.2,15.6,True
Wheat,Common,Cereal,Madhya Pradesh,Indore,Indore Mandi,Zaid,10,4603.39,Grade B,1.12,28.59,25.74,True
Maize,Hybrid,Cereal,Madhya Pradesh,Indore,Indore Mandi,Year-Round,2,1985.66,Grade B,1.29,24.77,29.74,True
Tomato,Hybrid,Vegetable,Gujarat,Rajkot,Rajkot APMC,Year-Round,4,2369.16,Grade B,1.57,24.87,38.07,True
Wheat,Common,Cereal,Uttar Pradesh,Agra,Agra Mandi,Rabi,6,2761.19,Grade B,1.73,26.84,47.97,True
Mango,Local,Fruit,Maharashtra,Mumbai,Vashi APMC,Zaid,5,2595.23,Grade A,1.09,67.83,92.27,True
Soybean,Local,Oilseed,Punjab,Ludhiana,Ludhiana Mandi,Kharif,3,2125.22,Grade A,0.95,44.7,48.01,True
Tomato,Hybrid,Vegetable,Gujarat,Rajkot,Rajkot APMC,Zaid,12,1623.98,Grade A,1.23,26.39,36.3,True
Mango,Local,Fruit,Gujarat,Rajkot,Rajkot APMC,Zaid,7,4711.93,Grade A,1.29,64.07,98.5,True
Soybean,Local,Oilseed,Karnataka,Bengaluru,Bengaluru APMC,Zaid,6,3093.75,Grade A,1.46,41.26,69.06,True
Maize,Hybrid,Cereal,Uttar Pradesh,Agra,Agra Mandi,Rabi,10,639.58,Grade B,1.72,20.22,31.39,True
Green Chilli,Local,Spice,Uttar Pradesh,Agra,Agra Mandi,Year-Round,9,2158.88,Grade A,1.22,37.63,51.23,True
Maize,Hybrid,Cereal,Madhya Pradesh,Indore,Indore Mandi,Kharif,7,353.0,Grade A,1.19,22.39,33.19,True
Soybean,Local,Oilseed,Maharashtra,Pune,Pune APMC,Zaid,3,3945.45,Grade A,1.39,46.91,66.22,True
Green Chilli,Local,Spice,Maharashtra,Mumbai,Vashi APMC,Year-Round,10,3109.21,Grade B,1.29,34.92,37.97,True
Tomato,Hybrid,Vegetable,Madhya Pradesh,Indore,Indore Mandi,Kharif,1,1354.69,Grade C,1.51,23.49,27.93,True
Onion,Red,Vegetable,Maharashtra,Nashik,Nashik APMC,Kharif,7,4625.14,Grade B,0.74,20.45,14.53,True
Tomato,Hybrid,Vegetable,Maharashtra,Nashik,Nashik APMC,Year-Round,6,434.84,Grade B,0.91,25.91,25.17,True
Potato,Local,Vegetable,Punjab,Ludhiana,Ludhiana Mandi,Year-Round,9,955.84,Grade A,1.13,17.74,23.43,True
Wheat,Common,Cereal,Maharashtra,Mumbai,Vashi APMC,Zaid,4,3705.82,Grade A,1.18,30.61,39.01,True
Mango,Local,Fruit,Maharashtra,Nashik,Nashik APMC,Zaid,9,4361.06,Grade A,0.62,73.93,48.63,True
Rice,Common,Cereal,Madhya Pradesh,Indore,Indore Mandi,Kharif,2,2994.64,Grade A,1.21,35.03,41.98,True
Mango,Local,Fruit,Madhya Pradesh,Indore,Indore Mandi,Kharif,5,4657.16,Grade A,1.29,67.7,96.48,True
Potato,Local,Vegetable,Punjab,Ludhiana,Ludhiana Mandi,Kharif,1,1587.95,Grade A,1.78,18.86,35.23,True
Maize,Hybrid,Cereal,Maharashtra,Mumbai,Vashi APMC,Year-Round,3,1400.5,Grade A,1.77,22.87,43.66,True
Green Chilli,Local,Spice,Maharashtra,Pune,Pune APMC,Rabi,11,3142.94,Grade C,1.4,38.08,37.69,True
Groundnut,Local,Oilseed,Karnataka,Bengaluru,Bengaluru APMC,Year-Round,7,3520.28,Grade C,1.48,57.56,79.55,True
Soybean,Local,Oilseed,Uttar Pradesh,Agra,Agra Mandi,Year-Round,5,4230.55,Grade C,1.41,46.2,54.16,True
Wheat,Common,Cereal,Gujarat,Rajkot,Rajkot APMC,Zaid,4,3353.62,Grade C,1.67,23.87,30.02,True
Soybean,Local,Oilseed,Punjab,Ludhiana,Ludhiana Mandi,Zaid,10,4352.46,Grade A,1.8,50.43,91.43,True
Green Chilli,Local,Spice,Gujarat,Rajkot,Rajkot APMC,Zaid,1,4893.15,Grade B,1.44,45.24,55.68,True
Maize,Hybrid,Cereal,Maharashtra,Mumbai,Vashi APMC,Year-Round,1,4600.52,Grade C,1.74,17.91,22.83,True
Green Chilli,Local,Spice,Karnataka,Bengaluru,Bengaluru APMC,Zaid,6,791.56,Grade B,1.1,39.2,48.89,True
Groundnut,Local,Oilseed,Punjab,Ludhiana,Ludhiana Mandi,Kharif,5,2890.89,Grade A,0.75,57.9,45.14,True
Tomato,Hybrid,Vegetable,Punjab,Ludhiana,Ludhiana Mandi,Kharif,9,1604.39,Grade C,1.19,26.28,24.08,True
Onion,Red,Vegetable,Madhya Pradesh,Indore,Indore Mandi,Kharif,4,1646.23,Grade A,1.21,20.68,29.06,True
Tomato,Hybrid,Vegetable,Punjab,Ludhiana,Ludhiana Mandi,Zaid,3,4452.59,Grade A,1.7,27.75,47.69,True
Rice,Common,Cereal,Uttar Pradesh,Agra,Agra Mandi,Zaid,9,438.67,Grade B,1.3,34.84,44.51,True
Onion,Red,Vegetable,Maharashtra,Nashik,Nashik APMC,Zaid,4,4062.57,Grade C,1.3,23.21,25.01,True
Tomato,Hybrid,Vegetable,Madhya Pradesh,Indore,Indore Mandi,Kharif,9,4377.65,Grade A,1.66,25.66,43.88,True
Tomato,Desi,Vegetable,Uttar Pradesh,Agra,Agra Mandi,Year-Round,5,1558.25,Grade A,0.66,22.28,16.88,True
Mango,Local,Fruit,Maharashtra,Pune,Pune APMC,Rabi,8,4490.8,Grade B,1.12,62.4,64.51,True
Wheat,Common,Cereal,Maharashtra,Nashik,Nashik APMC,Year-Round,3,1613.14,Grade A,1.54,30.68,51.71,True
Rice,Common,Cereal,Punjab,Ludhiana,Ludhiana Mandi,Rabi,1,4820.71,Grade B,1.76,38.62,56.33,True
Onion,Red,Vegetable,Gujarat,Rajkot,Rajkot APMC,Kharif,4,3464.92,Grade C,1.28,24.25,24.74,True
Maize,Hybrid,Cereal,Gujarat,Rajkot,Rajkot APMC,Zaid,6,3992.52,Grade B,1.7,21.75,37.42,True
Groundnut,Local,Oilseed,Gujarat,Rajkot,Rajkot APMC,Kharif,3,2849.16,Grade A,1.13,54.55,61.23,True
Soybean,Local,Oilseed,Maharashtra,Nashik,Nashik APMC,Kharif,8,2374.41,Grade A,1.36,41.09,63.81,True
Rice,Basmati,Cereal,Maharashtra,Mumbai,Vashi APMC,Rabi,4,2322.91,Grade C,1.39,68.26,76.45,True
Maize,Hybrid,Cereal,Punjab,Ludhiana,Ludhiana Mandi,Year-Round,1,3941.35,Grade A,0.94,25.12,24.52,True
Maize,Hybrid,Cereal,Uttar Pradesh,Agra,Agra Mandi,Rabi,5,3523.69,Grade A,1.04,23.69,28.99,True
Green Chilli,Local,Spice,Punjab,Ludhiana,Ludhiana Mandi,Year-Round,2,1853.96,Grade A,0.78,36.17,27.44,True
Rice,Basmati,Cereal,Karnataka,Bengaluru,Bengaluru APMC,Rabi,1,568.29,Grade A,1.46,69.85,108.22,True
Tomato,Desi,Vegetable,Karnataka,Bengaluru,Bengaluru APMC,Zaid,9,978.61,Grade B,1.53,18.7,28.69,True
Mango,Local,Fruit,Maharashtra,Mumbai,Vashi APMC,Zaid,9,4783.19,Grade A,1.47,62.19,97.37,True
Tomato,Desi,Vegetable,Uttar Pradesh,Agra,Agra Mandi,Kharif,9,3611.05,Grade B,1.27,19.98,23.17,True
Green Chilli,Local,Spice,Uttar Pradesh,Agra,Agra Mandi,Kharif,8,2595.56,Grade B,0.71,36.8,26.84,True
Rice,Basmati,Cereal,Punjab,Ludhiana,Ludhiana Mandi,Rabi,11,351.81,Grade B,1.25,68.57,84.72,True
Tomato,Desi,Vegetable,Madhya Pradesh,Indore,Indore Mandi,Rabi,1,2579.59,Grade C,0.67,21.94,10.89,True
Rice,Basmati,Cereal,Maharashtra,Mumbai,Vashi APMC,Year-Round,5,2280.91,Grade A,1.05,82.49,102.12,True
Soybean,Local,Oilseed,Madhya Pradesh,Indore,Indore Mandi,Kharif,11,3168.05,Grade C,1.26,45.5,46.88,True
Groundnut,Local,Oilseed,Uttar Pradesh,Agra,Agra Mandi,Rabi,9,2696.33,Grade B,1.67,62.53,97.11,True
Tomato,Desi,Vegetable,Madhya Pradesh,Indore,Indore Mandi,Rabi,5,590.87,Grade C,1.1,19.11,20.47,True
Maize,Hybrid,Cereal,Punjab,Ludhiana,Ludhiana Mandi,Year-Round,6,1727.68,Grade A,0.91,20.84,22.91,True
Wheat,Common,Cereal,Maharashtra,Mumbai,Vashi APMC,Zaid,12,471.94,Grade B,0.98,25.3,26.1,True
Potato,Local,Vegetable,Maharashtra,Nashik,Nashik APMC,Rabi,11,4998.49,Grade B,0.96,18.43,15.21,True
Wheat,Common,Cereal,Gujarat,Rajkot,Rajkot APMC,Year-Round,11,4657.5,Grade C,0.74,29.38,17.8,True
Tomato,Hybrid,Vegetable,Maharashtra,Mumbai,Vashi APMC,Year-Round,7,4636.4,Grade C,0.68,23.01,13.91,True
Maize,Hybrid,Cereal,Punjab,Ludhiana,Ludhiana Mandi,Kharif,5,2502.49,Grade A,1.7,21.19,42.62,True
Green Chilli,Local,Spice,Uttar Pradesh,Agra,Agra Mandi,Zaid,10,809.81,Grade A,0.67,45.96,34.91,True
Onion,Red,Vegetable,Karnataka,Bengaluru,Bengaluru APMC,Kharif,12,4163.23,Grade A,1.31,24.15,34.27,True
Mango,Local,Fruit,Karnataka,Bengaluru,Bengaluru APMC,Kharif,3,2695.1,Grade A,1.05,65.78,77.33,True
Potato,Local,Vegetable,Punjab,Ludhiana,Ludhiana Mandi,Zaid,2,4611.56,Grade B,1.24,17.25,18.32,True
Rice,Basmati,Cereal,Maharashtra,Mumbai,Vashi APMC,Year-Round,4,3454.02,Grade A,1.28,83.94,112.78,True
Tomato,Hybrid,Vegetable,Karnataka,Bengaluru,Bengaluru APMC,Zaid,4,3263.02,Grade A,0.97,23.59,24.82,True
Onion,Red,Vegetable,Maharashtra,Pune,Pune APMC,Year-Round,9,4920.0,Grade A,1.64,21.86,37.3,True
Rice,Basmati,Cereal,Karnataka,Bengaluru,Bengaluru APMC,Rabi,9,2877.75,Grade A,0.7,84.9,66.35,True
Potato,Local,Vegetable,Punjab,Ludhiana,Ludhiana Mandi,Kharif,12,3646.47,Grade A,1.0,17.28,18.45,True
Onion,Red,Vegetable,Maharashtra,Nashik,Nashik APMC,Kharif,7,1848.5,Grade B,0.7,24.14,17.76,True
Rice,Basmati,Cereal,Gujarat,Rajkot,Rajkot APMC,Zaid,2,1248.1,Grade A,1.46,72.49,105.91,True
Green Chilli,Local,Spice,Punjab,Ludhiana,Ludhiana Mandi,Kharif,2,827.96,Grade C,1.27,38.44,37.91,True
Rice,Basmati,Cereal,Punjab,Ludhiana,Ludhiana Mandi,Year-Round,8,3323.68,Grade C,1.16,68.47,66.17,True
Mango,Local,Fruit,Karnataka,Bengaluru,Bengaluru APMC,Year-Round,3,1901.3,Grade C,1.57,60.09,74.59,True
Maize,Hybrid,Cereal,Maharashtra,Pune,Pune APMC,Kharif,11,3023.53,Grade B,1.36,20.96,26.21,True
Maize,Hybrid,Cereal,Uttar Pradesh,Agra,Agra Mandi,Zaid,4,2900.76,Grade A,1.08,22.43,28.57,True
Tomato,Desi,Vegetable,Punjab,Ludhiana,Ludhiana Mandi,Rabi,8,611.0,Grade A,1.42,18.69,31.0,True
Soybean,Local,Oilseed,Madhya Pradesh,Indore,Indore Mandi,Kharif,12,693.28,Grade C,0.76,41.26,29.08,True
Onion,Red,Vegetable,Punjab,Ludhiana,Ludhiana Mandi,Zaid,7,3860.8,Grade C,1.26,20.47,22.35,True
Onion,Red,Vegetable,Punjab,Ludhiana,Ludhiana Mandi,Kharif,2,4537.33,Grade B,1.59,24.54,32.12,True
Rice,Basmati,Cereal,Gujarat,Rajkot,Rajkot APMC,Year-Round,1,4247.29,Grade B,1.15,81.7,83.26,True
Mango,Local,Fruit,Maharashtra,Mumbai,Vashi APMC,Zaid,10,2900.76,Grade A,0.61,63.5,35.96,True
Green Chilli,Local,Spice,Karnataka,Bengaluru,Bengaluru APMC,Year-Round,12,4100.42,Grade B,1.78,36.91,56.95,True
Rice,Common,Cereal,Uttar Pradesh,Agra,Agra Mandi,Kharif,12,3551.36,Grade B,0.93,35.5,30.89,True
Rice,Basmati,Cereal,Gujarat,Rajkot,Rajkot APMC,Kharif,7,1262.54,Grade A,1.48,73.5,131.55,True
Tomato,Hybrid,Vegetable,Maharashtra,Nashik,Nashik APMC,Zaid,2,4787.43,Grade A,0.89,25.53,22.72,True
Potato,Local,Vegetable,Madhya Pradesh,Indore,Indore Mandi,Year-Round,9,4082.16,Grade A,1.6,16.27,25.48,True
Tomato,Desi,Vegetable,Madhya Pradesh,Indore,Indore Mandi,Zaid,12,2988.16,Grade A,0.64,20.03,11.78,True
Potato,Local,Vegetable,Maharashtra,Nashik,Nashik APMC,Kharif,9,3298.36,Grade A,1.62,19.37,31.8,True
Onion,Red,Vegetable,Uttar Pradesh,Agra,Agra Mandi,Zaid,4,1935.39,Grade A,1.03,21.91,24.67,True
Potato,Local,Vegetable,Karnataka,Bengaluru,Bengaluru APMC,Zaid,7,2761.55,Grade A,0.99,17.93,21.15,True
Tomato,Desi,Vegetable,Maharashtra,Mumbai,Vashi APMC,Year-Round,5,1689.93,Grade A,1.3,18.64,30.61,True
Green Chilli,Local,Spice,Gujarat,Rajkot,Rajkot APMC,Kharif,7,4657.82,Grade A,1.24,35.14,54.01,True
Green Chilli,Local,Spice,Punjab,Ludhiana,Ludhiana Mandi,Year-Round,7,1916.73,Grade A,0.86,45.09,49.94,True
Groundnut,Local,Oilseed,Madhya Pradesh,Indore,Indore Mandi,Kharif,3,4195.07,Grade C,1.56,53.26,59.6,True
Soybean,Local,Oilseed,Madhya Pradesh,Indore,Indore Mandi,Zaid,10,1584.63,Grade A,1.5,45.43,75.09,True
Soybean,Local,Oilseed,Gujarat,Rajkot,Rajkot APMC,Rabi,8,1949.52,Grade C,1.5,40.45,50.68,True
Tomato,Hybrid,Vegetable,Madhya Pradesh,Indore,Indore Mandi,Year-Round,3,3895.56,Grade A,1.54,27.14,43.04,True
Potato,Local,Vegetable,Gujarat,Rajkot,Rajkot APMC,Zaid,10,2037.12,Grade A,1.23,18.16,22.22,True
Soybean,Local,Oilseed,Maharashtra,Nashik,Nashik APMC,Rabi,3,4310.56,Grade C,1.67,48.76,58.26,True
Tomato,Hybrid,Vegetable,Maharashtra,Mumbai,Vashi APMC,Rabi,7,4737.81,Grade A,1.42,23.95,40.19,True
Potato,Local,Vegetable,Maharashtra,Mumbai,Vashi APMC,Zaid,3,586.8,Grade A,1.47,17.85,27.6,True
Wheat,Common,Cereal,Maharashtra,Mumbai,Vashi APMC,Zaid,6,2348.46,Grade A,1.08,27.1,37.13,True
Groundnut,Local,Oilseed,Maharashtra,Pune,Pune APMC,Kharif,6,4268.93,Grade A,1.24,60.1,86.37,True
Mango,Local,Fruit,Maharashtra,Nashik,Nashik APMC,Kharif,6,4185.57,Grade C,0.71,64.17,38.22,True
Green Chilli,Local,Spice,Gujarat,Rajkot,Rajkot APMC,Kharif,5,785.76,Grade B,1.02,43.79,45.99,True
Wheat,Common,Cereal,Uttar Pradesh,Agra,Agra Mandi,Year-Round,3,100.51,Grade C,0.95,28.04,19.57,True
Rice,Common,Cereal,Uttar Pradesh,Agra,Agra Mandi,Year-Round,2,4644.47,Grade B,1.2,34.68,36.94,True
Rice,Basmati,Cereal,Madhya Pradesh,Indore,Indore Mandi,Kharif,2,3787.09,Grade A,1.71,69.89,120.96,True
Maize,Hybrid,Cereal,Maharashtra,Mumbai,Vashi APMC,Zaid,5,3424.41,Grade A,1.16,22.23,30.4,True
Onion,Red,Vegetable,Madhya Pradesh,Indore,Indore Mandi,Kharif,2,3871.06,Grade A,0.75,22.33,17.26,True
Tomato,Hybrid,Vegetable,Maharashtra,Pune,Pune APMC,Rabi,6,3949.16,Grade A,1.35,27.53,42.81,True
Groundnut,Local,Oilseed,Maharashtra,Nashik,Nashik APMC,Zaid,5,4765.38,Grade B,1.7,59.81,100.63,True
Onion,Red,Vegetable,Madhya Pradesh,Indore,Indore Mandi,Rabi,3,1702.52,Grade B,0.63,21.74,11.56,True
Groundnut,Local,Oilseed,Gujarat,Rajkot,Rajkot APMC,Year-Round,3,800.87,Grade C,1.07,51.18,44.22,True
Onion,Red,Vegetable,Gujarat,Rajkot,Rajkot APMC,Rabi,2,994.7,Grade B,0.91,23.52,17.84,True
Groundnut,Local,Oilseed,Uttar Pradesh,Agra,Agra Mandi,Rabi,8,4366.71,Grade B,1.35,51.55,71.05,True
Potato,Local,Vegetable,Punjab,Ludhiana,Ludhiana Mandi,Rabi,5,2892.69,Grade B,1.68,17.72,31.17,True
Onion,Red,Vegetable,Maharashtra,Mumbai,Vashi APMC,Rabi,12,4632.03,Grade A,0.77,22.01,18.13,True
Onion,Red,Vegetable,Maharashtra,Mumbai,Vashi APMC,Year-Round,9,1884.78,Grade B,0.92,22.06,18.31,True
Mango,Local,Fruit,Punjab,Ludhiana,Ludhiana Mandi,Rabi,9,1693.93,Grade A,1.4,69.57,103.01,True
Rice,Common,Cereal,Maharashtra,Pune,Pune APMC,Zaid,11,4771.82,Grade A,1.66,40.48,69.74,True
Tomato,Desi,Vegetable,Punjab,Ludhiana,Ludhiana Mandi,Zaid,5,203.6,Grade B,0.93,21.43,22.61,True
Soybean,Local,Oilseed,Madhya Pradesh,Indore,Indore Mandi,Year-Round,11,215.23,Grade A,1.46,43.16,69.36,True
Tomato,Desi,Vegetable,Uttar Pradesh,Agra,Agra Mandi,Kharif,8,2897.57,Grade B,1.32,16.53,22.74,True
Tomato,Hybrid,Vegetable,Uttar Pradesh,Agra,Agra Mandi,Year-Round,9,569.7,Grade B,1.79,24.0,41.32,True
Rice,Common,Cereal,Madhya Pradesh,Indore,Indore Mandi,Zaid,2,1093.3,Grade B,1.53,33.45,44.79,True
Rice,Basmati,Cereal,Maharashtra,Nashik,Nashik APMC,Rabi,10,367.58,Grade A,1.65,90.57,161.87,True
Onion,Red,Vegetable,Madhya Pradesh,Indore,Indore Mandi,Year-Round,12,613.12,Grade B,1.17,21.76,22.19,True
Tomato,Hybrid,Vegetable,Maharashtra,Nashik,Nashik APMC,Rabi,4,4088.83,Grade B,0.9,28.8,23.26,True
Tomato,Hybrid,Vegetable,Uttar Pradesh,Agra,Agra Mandi,Zaid,5,2738.26,Grade B,1.28,24.7,31.11,True
Potato,Local,Vegetable,Maharashtra,Mumbai,Vashi APMC,Zaid,7,3428.76,Grade C,0.66,16.92,8.58,True
Soybean,Local,Oilseed,Maharashtra,Nashik,Nashik APMC,Zaid,3,3103.41,Grade A,1.09,45.0,52.65,True
Mango,Local,Fruit,Maharashtra,Pune,Pune APMC,Zaid,6,3825.13,Grade B,1.62,64.41,104.67,True
Tomato,Hybrid,Vegetable,Karnataka,Bengaluru,Bengaluru APMC,Rabi,3,1035.56,Grade B,1.37,22.97,30.12,True
Tomato,Desi,Vegetable,Maharashtra,Pune,Pune APMC,Rabi,12,1332.03,Grade A,1.68,22.07,40.38,True
Tomato,Desi,Vegetable,Maharashtra,Pune,Pune APMC,Zaid,8,748.18,Grade A,1.38,19.42,30.6,True
Green Chilli,Local,Spice,Punjab,Ludhiana,Ludhiana Mandi,Rabi,5,1965.72,Grade A,1.79,39.42,84.42,True
Rice,Common,Cereal,Maharashtra,Mumbai,Vashi APMC,Zaid,6,3237.91,Grade A,1.46,35.59,63.01,True
Rice,Common,Cereal,Maharashtra,Pune,Pune APMC,Zaid,4,3277.95,Grade A,1.63,34.4,59.55,True
Rice,Common,Cereal,Maharashtra,Nashik,Nashik APMC,Year-Round,5,2658.87,Grade A,1.62,33.1,60.54,True
Groundnut,Local,Oilseed,Uttar Pradesh,Agra,Agra Mandi,Year-Round,2,371.7,Grade B,0.7,53.55,38.51,True
Onion,Red,Vegetable,Punjab,Ludhiana,Ludhiana Mandi,Kharif,11,3788.94,Grade A,1.47,20.79,30.96,True
Green Chilli,Local,Spice,Maharashtra,Pune,Pune APMC,Rabi,11,1188.86,Grade A,1.1,40.62,49.95,True
Mango,Local,Fruit,Gujarat,Rajkot,Rajkot APMC,Rabi,3,1063.22,Grade C,1.34,65.49,72.49,True
Groundnut,Local,Oilseed,Karnataka,Bengaluru,Bengaluru APMC,Rabi,7,296.57,Grade B,1.49,49.51,78.96,True
Wheat,Common,Cereal,Maharashtra,Pune,Pune APMC,Kharif,3,1318.27,Grade A,1.6,28.5,49.09,True
Mango,Local,Fruit,Punjab,Ludhiana,Ludhiana Mandi,Kharif,6,87.92,Grade B,1.49,69.86,113.0,True
Tomato,Desi,Vegetable,Punjab,Ludhiana,Ludhiana Mandi,Year-Round,1,1304.13,Grade B,0.87,20.11,18.34,True
Wheat,Common,Cereal,Uttar Pradesh,Agra,Agra Mandi,Year-Round,11,2601.57,Grade A,0.93,25.27,26.58,True
Tomato,Desi,Vegetable,Gujarat,Rajkot,Rajkot APMC,Zaid,1,2460.52,Grade A,1.07,19.88,22.67,True
Mango,Local,Fruit,Madhya Pradesh,Indore,Indore Mandi,Rabi,3,1116.34,Grade B,1.59,66.08,100.73,True
Rice,Basmati,Cereal,Maharashtra,Pune,Pune APMC,Rabi,7,888.86,Grade B,0.68,74.49,55.15,True
Green Chilli,Local,Spice,Punjab,Ludhiana,Ludhiana Mandi,Year-Round,8,3059.95,Grade A,0.73,41.91,35.12,True
Rice,Basmati,Cereal,Karnataka,Bengaluru,Bengaluru APMC,Year-Round,4,2325.08,Grade C,0.94,73.65,56.97,True
Mango,Local,Fruit,Madhya Pradesh,Indore,Indore Mandi,Year-Round,7,1949.39,Grade C,1.25,57.11,59.92,True
Tomato,Desi,Vegetable,Maharashtra,Pune,Pune APMC,Kharif,6,273.53,Grade B,0.69,20.9,16.57,True
Tomato,Hybrid,Vegetable,Maharashtra,Pune,Pune APMC,Rabi,9,4649.78,Grade B,1.13,26.37,25.26,True
Tomato,Desi,Vegetable,Punjab,Ludhiana,Ludhiana Mandi,Year-Round,3,2636.45,Grade A,1.32,18.83,24.55,True
Tomato,Desi,Vegetable,Maharashtra,Nashik,Nashik APMC,Year-Round,7,2817.07,Grade B,0.75,19.04,13.94,True
Groundnut,Local,Oilseed,Karnataka,Bengaluru,Bengaluru APMC,Zaid,10,595.71,Grade B,0.92,50.9,41.77,True
Groundnut,Local,Oilseed,Punjab,Ludhiana,Ludhiana Mandi,Rabi,9,2304.07,Grade B,1.26,56.0,65.18,True
Potato,Local,Vegetable,Maharashtra,Nashik,Nashik APMC,Year-Round,8,390.41,Grade C,1.55,18.65,25.84,True
Rice,Common,Cereal,Karnataka,Bengaluru,Bengaluru APMC,Rabi,5,2635.1,Grade A,0.66,36.0,31.07,True
Groundnut,Local,Oilseed,Maharashtra,Mumbai,Vashi APMC,Rabi,2,3061.6,Grade A,1.5,52.81,83.85,True
Potato,Local,Vegetable,Punjab,Ludhiana,Ludhiana Mandi,Zaid,10,4165.1,Grade C,1.38,15.11,16.24,True
Groundnut,Local,Oilseed,Maharashtra,Mumbai,Vashi APMC,Kharif,4,2852.75,Grade B,1.5,57.75,85.18,True
Groundnut,Local,Oilseed,Punjab,Ludhiana,Ludhiana Mandi,Year-Round,7,2776.82,Grade C,1.46,56.62,71.03,True
Rice,Basmati,Cereal,Maharashtra,Pune,Pune APMC,Zaid,5,4364.41,Grade B,1.03,68.65,71.72,True
Groundnut,Local,Oilseed,Maharashtra,Nashik,Nashik APMC,Rabi,6,4811.76,Grade A,0.96,55.05,59.15,True
Onion,Red,Vegetable,Karnataka,Bengaluru,Bengaluru APMC,Rabi,2,3583.35,Grade B,1.65,23.93,33.3,True
Groundnut,Local,Oilseed,Karnataka,Bengaluru,Bengaluru APMC,Zaid,8,2708.52,Grade A,1.36,55.55,87.68,True
Maize,Hybrid,Cereal,Gujarat,Rajkot,Rajkot APMC,Zaid,12,2343.06,Grade A,0.78,23.67,19.42,True
Rice,Common,Cereal,Maharashtra,Nashik,Nashik APMC,Kharif,9,2045.22,Grade B,1.8,34.21,57.42,True
Onion,Red,Vegetable,Maharashtra,Nashik,Nashik APMC,Year-Round,4,3770.94,Grade A,1.39,21.94,34.81,True
Mango,Local,Fruit,Uttar Pradesh,Agra,Agra Mandi,Zaid,8,2012.9,Grade A,1.14,65.59,89.24,True
Tomato,Desi,Vegetable,Madhya Pradesh,Indore,Indore Mandi,Year-Round,6,850.45,Grade B,0.82,17.0,16.21,True
Onion,Red,Vegetable,Karnataka,Bengaluru,Bengaluru APMC,Zaid,6,1212.89,Grade C,1.78,20.12,32.78,True
Groundnut,Local,Oilseed,Madhya Pradesh,Indore,Indore Mandi,Zaid,7,3189.72,Grade A,1.63,58.87,110.66,True
Wheat,Common,Cereal,Maharashtra,Nashik,Nashik APMC,Zaid,7,3690.51,Grade A,1.26,26.02,37.73,True
Groundnut,Local,Oilseed,Maharashtra,Nashik,Nashik APMC,Rabi,5,3657.97,Grade A,1.77,56.75,119.48,True
Green Chilli,Local,Spice,Maharashtra,Pune,Pune APMC,Rabi,11,325.25,Grade C,1.62,36.66,48.52,True
Potato,Local,Vegetable,Madhya Pradesh,Indore,Indore Mandi,Kharif,1,1448.01,Grade A,1.64,17.88,29.09,True
Tomato,Hybrid,Vegetable,Gujarat,Rajkot,Rajkot APMC,Kharif,4,4515.43,Grade C,1.43,25.02,29.15,True
Wheat,Common,Cereal,Maharashtra,Pune,Pune APMC,Kharif,3,3240.4,Grade B,1.56,26.64,38.1,True
Wheat,Common,Cereal,Maharashtra,Pune,Pune APMC,Year-Round,2,1113.16,Grade B,1.31,29.25,33.54,True
Tomato,Desi,Vegetable,Karnataka,Bengaluru,Bengaluru APMC,Zaid,12,4559.7,Grade B,0.8,19.74,13.9,True
Rice,Common,Cereal,Punjab,Ludhiana,Ludhiana Mandi,Kharif,2,2104.04,Grade B,0.93,33.44,28.5,True
Potato,Local,Vegetable,Karnataka,Bengaluru,Bengaluru APMC,Zaid,3,3552.89,Grade A,1.24,18.6,24.93,True
Tomato,Hybrid,Vegetable,Punjab,Ludhiana,Ludhiana Mandi,Year-Round,6,113.0,Grade B,1.68,27.16,51.16,True
Mango,Local,Fruit,Uttar Pradesh,Agra,Agra Mandi,Kharif,12,2107.98,Grade B,1.14,65.91,71.31,True
Maize,Hybrid,Cereal,Madhya Pradesh,Indore,Indore Mandi,Rabi,1,2997.98,Grade C,1.54,20.81,25.67,True
Groundnut,Local,Oilseed,Uttar Pradesh,Agra,Agra Mandi,Zaid,10,2874.33,Grade A,1.46,51.79,79.48,True
Tomato,Hybrid,Vegetable,Gujarat,Rajkot,Rajkot APMC,Zaid,2,1743.6,Grade B,1.28,25.03,27.61,True
Groundnut,Local,Oilseed,Punjab,Ludhiana,Ludhiana Mandi,Year-Round,11,4561.62,Grade B,1.72,54.95,85.06,True
Mango,Local,Fruit,Maharashtra,Pune,Pune APMC,Zaid,5,3875.14,Grade C,1.63,67.85,95.17,True
Rice,Common,Cereal,Maharashtra,Pune,Pune APMC,Year-Round,8,4976.65,Grade B,1.74,32.1,54.45,True
Mango,Local,Fruit,Maharashtra,Pune,Pune APMC,Kharif,7,894.63,Grade B,0.86,68.09,62.58,True
Wheat,Common,Cereal,Uttar Pradesh,Agra,Agra Mandi,Rabi,4,2182.17,Grade A,1.71,24.9,47.9,True
Groundnut,Local,Oilseed,Maharashtra,Pune,Pune APMC,Kharif,10,2228.16,Grade C,1.07,48.22,40.45,True
Tomato,Hybrid,Vegetable,Maharashtra,Nashik,Nashik APMC,Kharif,3,503.38,Grade C,1.0,26.49,22.58,True
Rice,Common,Cereal,Gujarat,Rajkot,Rajkot APMC,Year-Round,1,4431.02,Grade C,1.08,30.6,21.67,True
Rice,Common,Cereal,Maharashtra,Nashik,Nashik APMC,Rabi,12,1737.38,Grade A,0.98,33.94,37.7,True
Potato,Local,Vegetable,Punjab,Ludhiana,Ludhiana Mandi,Rabi,4,1200.0,Grade C,0.94,15.68,12.53,True
Tomato,Desi,Vegetable,Maharashtra,Nashik,Nashik APMC,Rabi,8,2869.35,Grade C,0.85,20.64,12.66,True
Soybean,Local,Oilseed,Punjab,Ludhiana,Ludhiana Mandi,Rabi,4,3280.05,Grade B,1.05,46.85,46.43,True
Wheat,Common,Cereal,Maharashtra,Nashik,Nashik APMC,Rabi,8,3566.8,Grade C,0.98,27.2,21.09,True
Tomato,Hybrid,Vegetable,Karnataka,Bengaluru,Bengaluru APMC,Rabi,7,80.39,Grade B,1.36,22.6,34.31,True
Onion,Red,Vegetable,Punjab,Ludhiana,Ludhiana Mandi,Rabi,6,1137.87,Grade C,1.43,22.65,32.74,True
Groundnut,Local,Oilseed,Maharashtra,Nashik,Nashik APMC,Kharif,12,1110.83,Grade B,1.01,42.1,46.17,True
Rice,Common,Cereal,Maharashtra,Mumbai,Vashi APMC,Kharif,4,2259.35,Grade A,1.27,33.52,47.42,True
Rice,Common,Cereal,Maharashtra,Pune,Pune APMC,Rabi,10,3588.44,Grade C,0.76,36.84,21.54,True
Wheat,Common,Cereal,Gujarat,Rajkot,Rajkot APMC,Rabi,3,3317.33,Grade B,1.77,27.72,44.73,True
Tomato,Hybrid,Vegetable,Maharashtra,Pune,Pune APMC,Zaid,5,2423.14,Grade A,0.91,24.93,25.4,True
Rice,Common,Cereal,Maharashtra,Pune,Pune APMC,Rabi,5,1060.99,Grade B,1.46,37.8,56.32,True
Onion,Red,Vegetable,Uttar Pradesh,Agra,Agra Mandi,Zaid,10,564.49,Grade B,0.66,21.7,13.01,True
Wheat,Common,Cereal,Madhya Pradesh,Indore,Indore Mandi,Rabi,8,3592.0,Grade B,0.98,30.7,28.14,True
Tomato,Desi,Vegetable,Gujarat,Rajkot,Rajkot APMC,Zaid,8,2712.27,Grade A,0.92,20.42,22.65,True
Green Chilli,Local,Spice,Maharashtra,Pune,Pune APMC,Zaid,11,3909.23,Grade B,1.73,40.25,65.85,True
Green Chilli,Local,Spice,Madhya Pradesh,Indore,Indore Mandi,Kharif,4,3462.59,Grade C,1.32,39.86,42.13,True
Wheat,Common,Cereal,Gujarat,Rajkot,Rajkot APMC,Kharif,10,1479.7,Grade B,1.56,29.39,42.76,True
Wheat,Common,Cereal,Uttar Pradesh,Agra,Agra Mandi,Year-Round,3,971.2,Grade A,0.95,29.23,28.66,True
Green Chilli,Local,Spice,Madhya Pradesh,Indore,Indore Mandi,Year-Round,9,4990.34,Grade B,1.15,33.96,33.19,True
Soybean,Local,Oilseed,Uttar Pradesh,Agra,Agra Mandi,Rabi,8,1617.53,Grade B,0.97,48.92,43.89,True
Groundnut,Local,Oilseed,Gujarat,Rajkot,Rajkot APMC,Year-Round,8,2179.91,Grade C,1.44,46.34,53.49,True
Soybean,Local,Oilseed,Madhya Pradesh,Indore,Indore Mandi,Kharif,6,1326.21,Grade B,0.65,41.78,32.86,True
Mango,Local,Fruit,Punjab,Ludhiana,Ludhiana Mandi,Rabi,10,1934.31,Grade A,1.32,62.84,93.59,True
Mango,Local,Fruit,Uttar Pradesh,Agra,Agra Mandi,Rabi,2,4346.16,Grade A,1.41,70.21,101.84,True
Rice,Basmati,Cereal,Gujarat,Rajkot,Rajkot APMC,Kharif,6,2709.4,Grade A,0.62,79.17,54.44,True
Tomato,Hybrid,Vegetable,Gujarat,Rajkot,Rajkot APMC,Year-Round,6,2308.4,Grade C,1.09,24.22,25.34,True
Rice,Common,Cereal,Karnataka,Bengaluru,Bengaluru APMC,Kharif,9,4730.4,Grade A,1.05,31.53,35.82,True
Tomato,Desi,Vegetable,Uttar Pradesh,Agra,Agra Mandi,Year-Round,10,3350.79,Grade B,1.25,18.09,19.43,True
Rice,Common,Cereal,Madhya Pradesh,Indore,Indore Mandi,Year-Round,5,1677.05,Grade B,0.75,34.63,27.09,True
Onion,Red,Vegetable,Karnataka,Bengaluru,Bengaluru APMC,Kharif,7,2523.18,Grade B,1.39,25.41,36.5,True
Mango,Local,Fruit,Uttar Pradesh,Agra,Agra Mandi,Year-Round,5,3516.95,Grade B,0.75,64.9,55.7,True
Tomato,Hybrid,Vegetable,Maharashtra,Nashik,Nashik APMC,Year-Round,7,1994.82,Grade A,1.2,28.85,42.4,True
Green Chilli,Local,Spice,Maharashtra,Nashik,Nashik APMC,Zaid,12,2294.1,Grade A,1.67,41.97,75.97,True
Green Chilli,Local,Spice,Gujarat,Rajkot,Rajkot APMC,Kharif,4,1823.74,Grade A,0.99,40.56,43.72,True
Maize,Hybrid,Cereal,Uttar Pradesh,Agra,Agra Mandi,Kharif,12,1874.48,Grade A,0.98,18.73,18.96,True
Maize,Hybrid,Cereal,Punjab,Ludhiana,Ludhiana Mandi,Zaid,2,2205.53,Grade A,0.6,19.02,11.48,True
Tomato,Desi,Vegetable,Madhya Pradesh,Indore,Indore Mandi,Zaid,10,170.93,Grade C,1.79,20.29,30.77,True
Rice,Common,Cereal,Maharashtra,Pune,Pune APMC,Zaid,10,3057.81,Grade B,1.14,31.19,31.96,True
Potato,Local,Vegetable,Maharashtra,Nashik,Nashik APMC,Rabi,1,3255.64,Grade B,1.68,20.16,29.84,True
Tomato,Hybrid,Vegetable,Maharashtra,Pune,Pune APMC,Year-Round,2,3053.96,Grade B,1.57,23.45,32.61,True
Groundnut,Local,Oilseed,Punjab,Ludhiana,Ludhiana Mandi,Rabi,12,405.15,Grade A,1.18,48.56,65.6,True
Onion,Red,Vegetable,Maharashtra,Pune,Pune APMC,Year-Round,9,197.56,Grade C,1.78,22.37,32.53,True
Green Chilli,Local,Spice,Maharashtra,Pune,Pune APMC,Year-Round,3,4298.32,Grade A,0.9,44.33,37.69,True
Tomato,Hybrid,Vegetable,Madhya Pradesh,Indore,Indore Mandi,Year-Round,1,3418.06,Grade C,1.07,26.01,21.17,True
Onion,Red,Vegetable,Punjab,Ludhiana,Ludhiana Mandi,Zaid,9,3619.2,Grade C,1.56,21.89,26.24,True
Groundnut,Local,Oilseed,Madhya Pradesh,Indore,Indore Mandi,Zaid,3,1781.53,Grade C,1.17,52.06,49.84,True
Groundnut,Local,Oilseed,Maharashtra,Pune,Pune APMC,Kharif,3,1817.3,Grade A,1.51,52.29,84.32,True
Groundnut,Local,Oilseed,Madhya Pradesh,Indore,Indore Mandi,Zaid,1,1680.39,Grade A,1.29,61.56,88.62,True
Soybean,Local,Oilseed,Karnataka,Bengaluru,Bengaluru APMC,Zaid,7,4520.11,Grade C,1.69,47.74,71.66,True
Tomato,Hybrid,Vegetable,Punjab,Ludhiana,Ludhiana Mandi,Zaid,10,3539.67,Grade B,0.7,23.22,11.76,True
Tomato,Hybrid,Vegetable,Madhya Pradesh,Indore,Indore Mandi,Year-Round,4,1863.6,Grade A,1.19,26.56,36.81,True
Maize,Hybrid,Cereal,Uttar Pradesh,Agra,Agra Mandi,Rabi,1,1595.75,Grade A,0.92,21.41,20.96,True
Tomato,Desi,Vegetable,Punjab,Ludhiana,Ludhiana Mandi,Rabi,9,971.15,Grade A,0.75,17.17,14.26,True
Potato,Local,Vegetable,Uttar Pradesh,Agra,Agra Mandi,Kharif,2,3709.39,Grade A,1.56,17.86,27.69,True
Mango,Local,Fruit,Maharashtra,Mumbai,Vashi APMC,Year-Round,3,4909.99,Grade B,0.71,63.13,38.91,True
Tomato,Hybrid,Vegetable,Punjab,Ludhiana,Ludhiana Mandi,Rabi,11,911.55,Grade B,0.81,22.22,18.9,True
Groundnut,Local,Oilseed,Madhya Pradesh,Indore,Indore Mandi,Rabi,8,2975.69,Grade A,1.66,60.32,112.7,True
Groundnut,Local,Oilseed,Punjab,Ludhiana,Ludhiana Mandi,Zaid,3,3701.18,Grade C,1.56,58.65,66.46,True
Tomato,Hybrid,Vegetable,Uttar Pradesh,Agra,Agra Mandi,Rabi,2,1445.21,Grade B,1.79,22.78,35.64,True
Onion,Red,Vegetable,Maharashtra,Nashik,Nashik APMC,Year-Round,4,2436.3,Grade B,1.16,23.1,26.03,True
Tomato,Hybrid,Vegetable,Maharashtra,Nashik,Nashik APMC,Kharif,11,4982.62,Grade B,1.53,24.55,34.41,True
Rice,Basmati,Cereal,Maharashtra,Pune,Pune APMC,Zaid,6,1440.05,Grade B,1.77,64.9,126.37,True
Wheat,Common,Cereal,Punjab,Ludhiana,Ludhiana Mandi,Year-Round,3,1568.15,Grade B,1.63,25.42,39.04,True
Tomato,Hybrid,Vegetable,Maharashtra,Mumbai,Vashi APMC,Year-Round,12,1379.64,Grade A,0.79,28.28,24.76,True
Onion,Red,Vegetable,Maharashtra,Pune,Pune APMC,Year-Round,4,4743.81,Grade B,1.11,24.28,24.07,True
Onion,Red,Vegetable,Maharashtra,Nashik,Nashik APMC,Zaid,1,4510.14,Grade C,1.65,21.84,26.55,True
Mango,Local,Fruit,Madhya Pradesh,Indore,Indore Mandi,Rabi,2,963.33,Grade C,1.02,63.8,56.73,True
Groundnut,Local,Oilseed,Madhya Pradesh,Indore,Indore Mandi,Kharif,3,3562.36,Grade B,0.88,53.04,41.39,True
Potato,Local,Vegetable,Madhya Pradesh,Indore,Indore Mandi,Kharif,9,4484.86,Grade A,0.94,18.2,18.04,True
Tomato,Desi,Vegetable,Uttar Pradesh,Agra,Agra Mandi,Kharif,3,607.78,Grade B,1.2,21.15,22.91,True
Rice,Basmati,Cereal,Gujarat,Rajkot,Rajkot APMC,Rabi,9,669.75,Grade B,1.51,69.35,103.89,True
Rice,Basmati,Cereal,Uttar Pradesh,Agra,Agra Mandi,Year-Round,6,3561.42,Grade A,0.95,69.05,76.2,True
Maize,Hybrid,Cereal,Maharashtra,Mumbai,Vashi APMC,Year-Round,7,3840.73,Grade B,1.29,24.76,31.91,True
Soybean,Local,Oilseed,Madhya Pradesh,Indore,Indore Mandi,Zaid,4,3893.5,Grade A,0.83,43.5,39.52,True
Wheat,Common,Cereal,Karnataka,Bengaluru,Bengaluru APMC,Rabi,5,3580.42,Grade C,1.29,28.33,29.82,True
Groundnut,Local,Oilseed,Maharashtra,Pune,Pune APMC,Rabi,3,1513.39,Grade B,1.43,57.94,74.08,True
Maize,Hybrid,Cereal,Uttar Pradesh,Agra,Agra Mandi,Rabi,5,3976.55,Grade B,1.0,19.5,19.24,True
Rice,Common,Cereal,Maharashtra,Pune,Pune APMC,Zaid,12,3736.52,Grade B,1.47,39.93,51.11,True
Rice,Common,Cereal,Maharashtra,Mumbai,Vashi APMC,Zaid,3,4738.88,Grade A,0.83,31.89,25.13,True
Rice,Basmati,Cereal,Karnataka,Bengaluru,Bengaluru APMC,Rabi,9,4151.33,Grade C,1.38,79.46,83.77,True
Green Chilli,Local,Spice,Gujarat,Rajkot,Rajkot APMC,Zaid,4,2960.31,Grade B,1.0,37.4,35.74,True
Groundnut,Local,Oilseed,Maharashtra,Pune,Pune APMC,Year-Round,10,4817.17,Grade B,1.27,49.66,55.67,True
Groundnut,Local,Oilseed,Maharashtra,Nashik,Nashik APMC,Zaid,9,1586.04,Grade C,0.66,52.74,30.55,True
Tomato,Hybrid,Vegetable,Maharashtra,Nashik,Nashik APMC,Kharif,4,931.18,Grade B,1.53,27.04,40.67,True
Tomato,Hybrid,Vegetable,Maharashtra,Nashik,Nashik APMC,Rabi,3,3277.35,Grade B,1.32,27.05,32.01,True
Maize,Hybrid,Cereal,Gujarat,Rajkot,Rajkot APMC,Year-Round,3,3183.46,Grade A,0.91,21.68,18.9,True
Green Chilli,Local,Spice,Maharashtra,Mumbai,Vashi APMC,Rabi,8,4431.05,Grade B,0.94,36.14,36.08,True
Green Chilli,Local,Spice,Karnataka,Bengaluru,Bengaluru APMC,Zaid,2,2346.28,Grade B,0.85,44.49,34.33,True
Tomato,Hybrid,Vegetable,Madhya Pradesh,Indore,Indore Mandi,Rabi,11,698.66,Grade A,1.64,26.26,47.2,True
Mango,Local,Fruit,Punjab,Ludhiana,Ludhiana Mandi,Rabi,3,1008.96,Grade C,0.87,65.69,43.9,True
Green Chilli,Local,Spice,Gujarat,Rajkot,Rajkot APMC,Zaid,8,572.05,Grade C,1.56,39.1,48.92,True
Potato,Local,Vegetable,Madhya Pradesh,Indore,Indore Mandi,Year-Round,9,3925.89,Grade B,1.41,16.19,20.98,True
Groundnut,Local,Oilseed,Punjab,Ludhiana,Ludhiana Mandi,Year-Round,3,1759.95,Grade A,1.6,60.8,101.72,True
Rice,Common,Cereal,Uttar Pradesh,Agra,Agra Mandi,Rabi,5,1237.22,Grade B,1.63,38.25,66.45,True
Wheat,Common,Cereal,Karnataka,Bengaluru,Bengaluru APMC,Year-Round,1,396.67,Grade B,1.24,30.17,34.54,True
Potato,Local,Vegetable,Maharashtra,Pune,Pune APMC,Rabi,4,4392.67,Grade B,1.6,16.49,23.86,True
Soybean,Local,Oilseed,Maharashtra,Pune,Pune APMC,Rabi,2,3047.61,Grade B,0.89,39.34,30.59,True
Rice,Basmati,Cereal,Punjab,Ludhiana,Ludhiana Mandi,Year-Round,12,1938.97,Grade C,1.59,70.87,83.03,True
Maize,Hybrid,Cereal,Punjab,Ludhiana,Ludhiana Mandi,Kharif,12,2889.35,Grade C,1.21,22.12,21.07,True
Maize,Hybrid,Cereal,Maharashtra,Mumbai,Vashi APMC,Zaid,8,610.47,Grade B,1.32,21.08,26.52,True
Rice,Common,Cereal,Karnataka,Bengaluru,Bengaluru APMC,Zaid,10,2218.18,Grade C,0.77,38.16,25.28,True
Green Chilli,Local,Spice,Maharashtra,Pune,Pune APMC,Kharif,1,1134.77,Grade C,1.64,39.07,51.51,True
Onion,Red,Vegetable,Punjab,Ludhiana,Ludhiana Mandi,Year-Round,7,3049.23,Grade B,1.04,23.21,23.69,True
Rice,Basmati,Cereal,Madhya Pradesh,Indore,Indore Mandi,Zaid,12,1390.17,Grade B,0.63,76.82,46.16,True
Onion,Red,Vegetable,Gujarat,Rajkot,Rajkot APMC,Year-Round,5,2433.16,Grade B,1.79,23.46,43.03,True
Onion,Red,Vegetable,Maharashtra,Pune,Pune APMC,Rabi,7,1952.43,Grade A,0.76,23.43,21.32,True
Tomato,Hybrid,Vegetable,Madhya Pradesh,Indore,Indore Mandi,Zaid,11,3101.35,Grade A,1.1,28.85,32.9,True
Mango,Local,Fruit,Maharashtra,Mumbai,Vashi APMC,Kharif,4,3807.64,Grade A,1.31,58.11,84.16,True
Rice,Common,Cereal,Maharashtra,Mumbai,Vashi APMC,Zaid,11,59.06,Grade B,1.01,33.8,34.84,True
Tomato,Hybrid,Vegetable,Maharashtra,Nashik,Nashik APMC,Rabi,10,4619.69,Grade C,0.78,24.29,14.16,True
Tomato,Desi,Vegetable,Maharashtra,Nashik,Nashik APMC,Zaid,2,70.39,Grade A,1.73,17.75,32.97,True
Rice,Basmati,Cereal,Maharashtra,Pune,Pune APMC,Kharif,11,3027.38,Grade B,1.08,73.74,66.75,True
Green Chilli,Local,Spice,Maharashtra,Pune,Pune APMC,Kharif,4,4254.68,Grade C,1.72,37.07,48.41,True
Rice,Basmati,Cereal,Maharashtra,Mumbai,Vashi APMC,Zaid,1,1397.17,Grade A,0.61,71.51,38.8,True
Rice,Common,Cereal,Gujarat,Rajkot,Rajkot APMC,Year-Round,2,4117.27,Grade A,1.28,32.0,38.04,True
Onion,Red,Vegetable,Maharashtra,Pune,Pune APMC,Kharif,7,4605.65,Grade A,1.29,23.18,34.34,True
Mango,Local,Fruit,Gujarat,Rajkot,Rajkot APMC,Year-Round,12,1158.55,Grade A,1.52,73.39,122.52,True
Soybean,Local,Oilseed,Maharashtra,Nashik,Nashik APMC,Zaid,8,1027.39,Grade B,1.27,43.92,55.49,True
Soybean,Local,Oilseed,Maharashtra,Mumbai,Vashi APMC,Zaid,12,1261.66,Grade A,1.47,49.29,78.3,True
Wheat,Common,Cereal,Uttar Pradesh,Agra,Agra Mandi,Year-Round,7,2148.04,Grade C,1.12,28.57,28.59,True
Mango,Local,Fruit,Maharashtra,Pune,Pune APMC,Year-Round,6,2097.46,Grade C,1.36,64.43,83.71,True
Maize,Hybrid,Cereal,Punjab,Ludhiana,Ludhiana Mandi,Kharif,8,4234.67,Grade B,1.33,19.28,25.69,True
Mango,Local,Fruit,Punjab,Ludhiana,Ludhiana Mandi,Rabi,7,998.44,Grade B,0.92,69.94,65.43,True
Onion,Red,Vegetable,Gujarat,Rajkot,Rajkot APMC,Kharif,4,2568.67,Grade A,1.71,24.35,47.59,True
Maize,Hybrid,Cereal,Maharashtra,Pune,Pune APMC,Kharif,12,1641.0,Grade A,1.66,19.73,36.79,True
Tomato,Desi,Vegetable,Punjab,Ludhiana,Ludhiana Mandi,Kharif,4,3313.55,Grade A,1.48,20.17,32.23,True
Green Chilli,Local,Spice,Maharashtra,Nashik,Nashik APMC,Year-Round,6,4645.01,Grade A,0.89,41.42,45.54,True
Tomato,Hybrid,Vegetable,Gujarat,Rajkot,Rajkot APMC,Zaid,10,3964.74,Grade B,0.98,24.51,22.6,True
Onion,Red,Vegetable,Uttar Pradesh,Agra,Agra Mandi,Year-Round,12,3770.44,Grade A,1.54,24.75,40.45,True
Rice,Basmati,Cereal,Madhya Pradesh,Indore,Indore Mandi,Kharif,1,3034.34,Grade B,0.95,72.13,50.71,True
Tomato,Desi,Vegetable,Maharashtra,Mumbai,Vashi APMC,Kharif,2,3246.05,Grade B,0.82,18.94,12.58,True
Green Chilli,Local,Spice,Maharashtra,Nashik,Nashik APMC,Rabi,12,3277.94,Grade B,1.33,34.6,40.52,True
Mango,Local,Fruit,Gujarat,Rajkot,Rajkot APMC,Kharif,3,1486.49,Grade C,1.52,66.9,78.86,True
Groundnut,Local,Oilseed,Madhya Pradesh,Indore,Indore Mandi,Year-Round,8,4686.76,Grade C,1.2,57.14,52.15,True
Tomato,Desi,Vegetable,Karnataka,Bengaluru,Bengaluru APMC,Rabi,5,3336.25,Grade A,0.69,21.17,18.23,True
Green Chilli,Local,Spice,Maharashtra,Mumbai,Vashi APMC,Rabi,8,2970.31,Grade A,1.53,37.43,70.55,True
Tomato,Desi,Vegetable,Karnataka,Bengaluru,Bengaluru APMC,Rabi,5,3875.39,Grade A,1.08,18.95,23.75,True
Maize,Hybrid,Cereal,Madhya Pradesh,Indore,Indore Mandi,Rabi,4,2980.52,Grade A,0.95,21.78,23.8,True
Mango,Local,Fruit,Maharashtra,Nashik,Nashik APMC,Kharif,4,2829.67,Grade A,0.67,68.46,58.43,True
Rice,Common,Cereal,Punjab,Ludhiana,Ludhiana Mandi,Zaid,2,3380.31,Grade A,1.2,37.31,45.14,True
Potato,Local,Vegetable,Maharashtra,Pune,Pune APMC,Kharif,11,4431.07,Grade A,1.01,19.41,19.6,True
Green Chilli,Local,Spice,Maharashtra,Nashik,Nashik APMC,Zaid,3,2478.11,Grade A,1.42,39.56,53.81,True
Rice,Basmati,Cereal,Gujarat,Rajkot,Rajkot APMC,Year-Round,1,1612.21,Grade C,1.76,69.61,101.7,True
Potato,Local,Vegetable,Gujarat,Rajkot,Rajkot APMC,Year-Round,6,4156.94,Grade A,1.37,18.02,27.2,True
Tomato,Desi,Vegetable,Maharashtra,Mumbai,Vashi APMC,Rabi,12,645.62,Grade C,0.95,19.92,15.94,True
Rice,Common,Cereal,Madhya Pradesh,Indore,Indore Mandi,Rabi,10,3039.45,Grade A,1.43,34.01,49.23,True
Wheat,Common,Cereal,Karnataka,Bengaluru,Bengaluru APMC,Zaid,12,4721.25,Grade C,1.58,29.96,36.93,True
Potato,Local,Vegetable,Maharashtra,Pune,Pune APMC,Zaid,12,4857.91,Grade A,1.02,16.27,16.0,True
Rice,Basmati,Cereal,Maharashtra,Nashik,Nashik APMC,Year-Round,6,453.48,Grade A,0.65,82.21,64.87,True
Maize,Hybrid,Cereal,Karnataka,Bengaluru,Bengaluru APMC,Rabi,6,146.27,Grade B,0.81,23.52,22.18,True
Rice,Common,Cereal,Maharashtra,Nashik,Nashik APMC,Kharif,10,737.01,Grade B,0.82,36.24,27.57,True
Maize,Hybrid,Cereal,Maharashtra,Nashik,Nashik APMC,Rabi,4,415.96,Grade B,1.58,20.16,32.73,True
Groundnut,Local,Oilseed,Madhya Pradesh,Indore,Indore Mandi,Year-Round,10,1371.31,Grade A,1.07,51.45,55.68,True
Wheat,Common,Cereal,Maharashtra,Pune,Pune APMC,Kharif,10,4784.22,Grade B,1.39,30.53,37.07,True
Rice,Basmati,Cereal,Maharashtra,Nashik,Nashik APMC,Rabi,8,3680.13,Grade B,1.49,79.78,116.1,True
Maize,Hybrid,Cereal,Maharashtra,Mumbai,Vashi APMC,Zaid,1,3971.57,Grade C,0.7,20.2,10.82,True
Rice,Common,Cereal,Madhya Pradesh,Indore,Indore Mandi,Zaid,9,2164.66,Grade B,1.29,36.06,40.39,True
Soybean,Local,Oilseed,Punjab,Ludhiana,Ludhiana Mandi,Year-Round,7,2439.7,Grade B,1.22,41.07,57.26,True
Rice,Basmati,Cereal,Maharashtra,Pune,Pune APMC,Kharif,12,3861.34,Grade C,1.27,76.16,73.97,True
Rice,Basmati,Cereal,Karnataka,Bengaluru,Bengaluru APMC,Year-Round,9,2636.6,Grade B,0.95,80.57,74.85,True
Wheat,Common,Cereal,Madhya Pradesh,Indore,Indore Mandi,Zaid,7,2804.4,Grade B,1.42,30.0,44.36,True
Green Chilli,Local,Spice,Gujarat,Rajkot,Rajkot APMC,Rabi,6,1811.91,Grade A,0.65,36.9,27.69,True
Wheat,Common,Cereal,Karnataka,Bengaluru,Bengaluru APMC,Rabi,8,1934.65,Grade B,0.74,24.56,22.07,True
Potato,Local,Vegetable,Madhya Pradesh,Indore,Indore Mandi,Kharif,12,622.04,Grade A,1.61,20.57,36.51,True
Maize,Hybrid,Cereal,Karnataka,Bengaluru,Bengaluru APMC,Year-Round,7,886.91,Grade C,1.51,20.63,29.05,True
Potato,Local,Vegetable,Maharashtra,Mumbai,Vashi APMC,Year-Round,7,4362.87,Grade B,0.66,18.77,13.71,True
Groundnut,Local,Oilseed,Gujarat,Rajkot,Rajkot APMC,Kharif,2,594.28,Grade B,1.69,57.29,93.4,True
Rice,Common,Cereal,Gujarat,Rajkot,Rajkot APMC,Rabi,2,4077.6,Grade A,0.75,25.23,16.23,True
Tomato,Desi,Vegetable,Gujarat,Rajkot,Rajkot APMC,Kharif,6,1064.85,Grade C,0.6,17.69,9.01,True
Tomato,Desi,Vegetable,Punjab,Ludhiana,Ludhiana Mandi,Year-Round,12,3717.73,Grade B,1.41,19.49,24.44,True
Soybean,Local,Oilseed,Karnataka,Bengaluru,Bengaluru APMC,Rabi,5,1471.19,Grade C,1.61,39.19,58.71,True
Tomato,Desi,Vegetable,Madhya Pradesh,Indore,Indore Mandi,Kharif,5,1658.82,Grade B,1.24,18.2,24.15,True
Green Chilli,Local,Spice,Maharashtra,Nashik,Nashik APMC,Year-Round,4,4540.96,Grade C,0.76,41.35,23.93,True
Onion,Red,Vegetable,Madhya Pradesh,Indore,Indore Mandi,Year-Round,3,4848.82,Grade B,1.7,22.54,31.24,True
Maize,Hybrid,Cereal,Gujarat,Rajkot,Rajkot APMC,Kharif,12,1426.65,Grade C,1.14,22.94,21.07,True
Onion,Red,Vegetable,Punjab,Ludhiana,Ludhiana Mandi,Kharif,1,1242.5,Grade C,1.55,20.07,25.26,True
Tomato,Desi,Vegetable,Madhya Pradesh,Indore,Indore Mandi,Year-Round,2,4571.19,Grade B,1.49,17.74,21.42,True
Mango,Local,Fruit,Maharashtra,Nashik,Nashik APMC,Year-Round,6,4362.92,Grade B,0.68,66.98,46.58,True
Onion,Red,Vegetable,Maharashtra,Nashik,Nashik APMC,Year-Round,6,4172.15,Grade C,1.41,20.57,24.52,True
Mango,Local,Fruit,Karnataka,Bengaluru,Bengaluru APMC,Rabi,7,780.05,Grade C,1.26,68.8,81.18,True
Soybean,Local,Oilseed,Uttar Pradesh,Agra,Agra Mandi,Kharif,8,2196.42,Grade B,0.73,53.73,39.2,True
Wheat,Common,Cereal,Maharashtra,Nashik,Nashik APMC,Kharif,4,1155.63,Grade B,1.73,25.67,45.34,True
Onion,Red,Vegetable,Madhya Pradesh,Indore,Indore Mandi,Zaid,4,2055.47,Grade A,0.65,24.09,19.61,True
Tomato,Desi,Vegetable,Maharashtra,Mumbai,Vashi APMC,Rabi,11,831.34,Grade C,0.63,20.24,10.25,True
Rice,Basmati,Cereal,Maharashtra,Mumbai,Vashi APMC,Rabi,8,2984.67,Grade B,1.22,74.97,91.13,True
Groundnut,Local,Oilseed,Maharashtra,Nashik,Nashik APMC,Rabi,12,480.68,Grade C,1.39,58.58,63.76,True
Tomato,Hybrid,Vegetable,Maharashtra,Nashik,Nashik APMC,Kharif,12,1446.36,Grade A,0.71,24.83,19.76,True
Tomato,Hybrid,Vegetable,Uttar Pradesh,Agra,Agra Mandi,Rabi,10,2302.05,Grade A,1.53,22.83,35.72,True
Wheat,Common,Cereal,Maharashtra,Mumbai,Vashi APMC,Kharif,5,2118.71,Grade A,0.68,25.45,18.99,True
Maize,Hybrid,Cereal,Punjab,Ludhiana,Ludhiana Mandi,Rabi,6,3651.74,Grade A,1.35,22.98,35.48,True
Tomato,Desi,Vegetable,Maharashtra,Nashik,Nashik APMC,Rabi,4,1880.25,Grade B,0.75,17.49,11.71,True
Green Chilli,Local,Spice,Madhya Pradesh,Indore,Indore Mandi,Year-Round,10,2431.66,Grade A,1.55,42.06,67.19,True
Wheat,Common,Cereal,Madhya Pradesh,Indore,Indore Mandi,Year-Round,12,3223.71,Grade B,1.08,26.61,25.03,True
Tomato,Hybrid,Vegetable,Punjab,Ludhiana,Ludhiana Mandi,Rabi,9,3597.03,Grade B,1.77,24.42,38.32,True
Rice,Common,Cereal,Maharashtra,Mumbai,Vashi APMC,Kharif,5,4228.19,Grade B,0.86,35.1,27.57,True
Green Chilli,Local,Spice,Madhya Pradesh,Indore,Indore Mandi,Rabi,8,4387.05,Grade B,0.6,39.85,23.42,True
Rice,Basmati,Cereal,Maharashtra,Pune,Pune APMC,Year-Round,7,4360.66,Grade A,0.62,76.77,51.95,True
Rice,Common,Cereal,Maharashtra,Pune,Pune APMC,Kharif,12,2198.36,Grade B,1.77,32.89,53.04,True
Tomato,Hybrid,Vegetable,Maharashtra,Pune,Pune APMC,Kharif,4,109.88,Grade A,1.45,25.85,43.76,True
Tomato,Hybrid,Vegetable,Gujarat,Rajkot,Rajkot APMC,Zaid,5,109.65,Grade B,1.66,25.8,45.05,True
Rice,Basmati,Cereal,Maharashtra,Pune,Pune APMC,Kharif,1,352.48,Grade A,1.12,77.84,93.76,True
Soybean,Local,Oilseed,Maharashtra,Mumbai,Vashi APMC,Zaid,1,4356.61,Grade A,1.16,49.44,60.34,True
Tomato,Desi,Vegetable,Gujarat,Rajkot,Rajkot APMC,Kharif,11,4562.29,Grade A,0.61,23.57,14.25,True
Onion,Red,Vegetable,Punjab,Ludhiana,Ludhiana Mandi,Zaid,2,2939.99,Grade C,0.68,22.68,10.4,True
Mango,Local,Fruit,Maharashtra,Nashik,Nashik APMC,Year-Round,5,4567.83,Grade A,0.62,61.78,44.44,True
Maize,Hybrid,Cereal,Karnataka,Bengaluru,Bengaluru APMC,Kharif,4,4021.6,Grade A,0.94,19.79,22.03,True
Tomato,Hybrid,Vegetable,Madhya Pradesh,Indore,Indore Mandi,Rabi,3,2457.04,Grade B,0.93,21.95,17.77,True
Mango,Local,Fruit,Madhya Pradesh,Indore,Indore Mandi,Zaid,6,1367.83,Grade C,1.0,63.77,52.38,True
Groundnut,Local,Oilseed,Maharashtra,Pune,Pune APMC,Year-Round,11,151.59,Grade C,1.54,63.33,83.11,True
Potato,Local,Vegetable,Punjab,Ludhiana,Ludhiana Mandi,Kharif,11,2513.65,Grade B,1.0,17.37,15.95,True
Onion,Red,Vegetable,Punjab,Ludhiana,Ludhiana Mandi,Year-Round,4,3371.92,Grade A,0.62,21.06,13.59,True
Tomato,Hybrid,Vegetable,Maharashtra,Pune,Pune APMC,Year-Round,5,724.95,Grade A,1.35,24.04,37.27,True
Tomato,Desi,Vegetable,Maharashtra,Nashik,Nashik APMC,Rabi,1,4725.59,Grade C,1.29,19.95,19.09,True
Mango,Local,Fruit,Gujarat,Rajkot,Rajkot APMC,Rabi,8,2551.28,Grade A,1.66,70.51,137.46,True
Soybean,Local,Oilseed,Maharashtra,Mumbai,Vashi APMC,Kharif,2,4541.39,Grade A,1.36,46.2,61.06,True
Groundnut,Local,Oilseed,Gujarat,Rajkot,Rajkot APMC,Zaid,5,2392.17,Grade A,1.27,52.72,80.6,True
Maize,Hybrid,Cereal,Karnataka,Bengaluru,Bengaluru APMC,Zaid,3,3336.73,Grade B,0.89,21.6,16.17,True
Potato,Local,Vegetable,Maharashtra,Nashik,Nashik APMC,Zaid,7,3809.66,Grade B,1.65,18.08,29.48,True
Wheat,Common,Cereal,Gujarat,Rajkot,Rajkot APMC,Kharif,2,1792.77,Grade C,1.04,33.11,23.99,True
Wheat,Common,Cereal,Karnataka,Bengaluru,Bengaluru APMC,Rabi,5,1290.28,Grade C,1.74,25.6,39.64,True
Green Chilli,Local,Spice,Maharashtra,Nashik,Nashik APMC,Kharif,3,342.82,Grade A,1.52,40.21,67.17,True
Tomato,Desi,Vegetable,Gujarat,Rajkot,Rajkot APMC,Kharif,4,2024.17,Grade A,1.6,19.97,33.75,True
Rice,Common,Cereal,Punjab,Ludhiana,Ludhiana Mandi,Zaid,1,966.48,Grade A,0.8,35.3,28.39,True
Soybean,Local,Oilseed,Madhya Pradesh,Indore,Indore Mandi,Kharif,2,3769.96,Grade A,1.55,53.33,80.37,True
Potato,Local,Vegetable,Punjab,Ludhiana,Ludhiana Mandi,Kharif,12,3771.18,Grade B,1.3,18.52,21.2,True
Tomato,Desi,Vegetable,Uttar Pradesh,Agra,Agra Mandi,Year-Round,5,3277.07,Grade B,0.63,23.54,16.1,True
Groundnut,Local,Oilseed,Maharashtra,Mumbai,Vashi APMC,Zaid,3,3573.02,Grade B,1.33,52.9,64.93,True
Wheat,Common,Cereal,Maharashtra,Pune,Pune APMC,Kharif,3,113.54,Grade A,0.97,25.81,26.91,True
Maize,Hybrid,Cereal,Karnataka,Bengaluru,Bengaluru APMC,Kharif,8,1684.78,Grade C,1.1,18.54,15.97,True
Tomato,Desi,Vegetable,Gujarat,Rajkot,Rajkot APMC,Rabi,1,4001.65,Grade A,0.72,19.54,14.37,True
Soybean,Local,Oilseed,Uttar Pradesh,Agra,Agra Mandi,Kharif,7,4947.35,Grade C,1.33,50.04,58.65,True
Wheat,Common,Cereal,Uttar Pradesh,Agra,Agra Mandi,Year-Round,6,1757.28,Grade A,0.76,25.62,22.25,True
Green Chilli,Local,Spice,Gujarat,Rajkot,Rajkot APMC,Year-Round,8,4845.92,Grade B,1.68,42.92,69.71,True
Rice,Common,Cereal,Gujarat,Rajkot,Rajkot APMC,Year-Round,10,3328.46,Grade A,1.2,38.6,48.66,True
Maize,Hybrid,Cereal,Maharashtra,Pune,Pune APMC,Rabi,8,3972.14,Grade A,1.0,20.91,21.01,True
Tomato,Hybrid,Vegetable,Karnataka,Bengaluru,Bengaluru APMC,Rabi,7,244.35,Grade C,1.28,24.33,29.89,True
Rice,Basmati,Cereal,Punjab,Ludhiana,Ludhiana Mandi,Kharif,12,2846.89,Grade A,0.78,71.67,56.32,True
Rice,Common,Cereal,Madhya Pradesh,Indore,Indore Mandi,Rabi,5,3148.98,Grade B,1.22,37.04,45.15,True
Tomato,Desi,Vegetable,Uttar Pradesh,Agra,Agra Mandi,Year-Round,9,484.95,Grade B,0.77,19.08,12.67,True
Maize,Hybrid,Cereal,Maharashtra,Mumbai,Vashi APMC,Rabi,6,1096.49,Grade C,1.49,23.1,32.29,True
Rice,Common,Cereal,Uttar Pradesh,Agra,Agra Mandi,Zaid,4,2848.2,Grade B,1.26,38.03,45.48,True
Tomato,Desi,Vegetable,Maharashtra,Mumbai,Vashi APMC,Kharif,3,3730.32,Grade B,0.65,20.53,12.18,True
Maize,Hybrid,Cereal,Punjab,Ludhiana,Ludhiana Mandi,Year-Round,10,121.12,Grade A,1.62,22.44,41.15,True
Wheat,Common,Cereal,Maharashtra,Pune,Pune APMC,Kharif,5,4864.47,Grade C,1.63,28.49,39.38,True
Green Chilli,Local,Spice,Maharashtra,Mumbai,Vashi APMC,Zaid,1,4023.86,Grade A,1.51,37.5,59.76,True
Onion,Red,Vegetable,Maharashtra,Nashik,Nashik APMC,Kharif,7,1153.59,Grade B,1.11,22.6,26.64,True
Rice,Common,Cereal,Madhya Pradesh,Indore,Indore Mandi,Rabi,11,2442.59,Grade C,1.03,31.7,23.79,True
Rice,Common,Cereal,Maharashtra,Mumbai,Vashi APMC,Year-Round,12,4129.6,Grade B,0.8,37.54,27.38,True
Tomato,Hybrid,Vegetable,Punjab,Ludhiana,Ludhiana Mandi,Rabi,2,1868.93,Grade A,1.21,23.9,27.72,True
Tomato,Desi,Vegetable,Maharashtra,Mumbai,Vashi APMC,Year-Round,1,667.97,Grade A,1.46,18.03,27.77,True
Potato,Local,Vegetable,Punjab,Ludhiana,Ludhiana Mandi,Kharif,7,1507.61,Grade B,1.66,19.72,34.92,True
Soybean,Local,Oilseed,Karnataka,Bengaluru,Bengaluru APMC,Kharif,11,1103.97,Grade A,1.5,49.46,78.35,True
Wheat,Common,Cereal,Maharashtra,Mumbai,Vashi APMC,Year-Round,2,1869.25,Grade C,1.78,25.16,34.12,True
Tomato,Hybrid,Vegetable,Maharashtra,Nashik,Nashik APMC,Year-Round,1,4478.37,Grade A,1.72,23.92,41.53,True
Maize,Hybrid,Cereal,Maharashtra,Mumbai,Vashi APMC,Year-Round,2,3907.86,Grade B,1.47,20.09,26.01,True
Soybean,Local,Oilseed,Punjab,Ludhiana,Ludhiana Mandi,Kharif,8,694.31,Grade C,1.59,46.94,64.94,True
Maize,Hybrid,Cereal,Maharashtra,Pune,Pune APMC,Zaid,11,4158.86,Grade A,0.81,24.31,18.17,True
Green Chilli,Local,Spice,Madhya Pradesh,Indore,Indore Mandi,Kharif,7,660.07,Grade A,1.64,39.39,80.34,True
Groundnut,Local,Oilseed,Uttar Pradesh,Agra,Agra Mandi,Year-Round,10,4260.6,Grade B,0.66,53.03,33.76,True
Mango,Local,Fruit,Maharashtra,Pune,Pune APMC,Kharif,12,3659.58,Grade C,1.03,78.81,63.14,True
Tomato,Hybrid,Vegetable,Maharashtra,Mumbai,Vashi APMC,Year-Round,12,4106.52,Grade A,1.63,25.43,43.19,True
Rice,Basmati,Cereal,Gujarat,Rajkot,Rajkot APMC,Rabi,7,2824.96,Grade B,1.03,65.45,71.66,True
Tomato,Desi,Vegetable,Punjab,Ludhiana,Ludhiana Mandi,Year-Round,7,517.85,Grade A,1.45,18.86,33.24,True
Maize,Hybrid,Cereal,Gujarat,Rajkot,Rajkot APMC,Year-Round,6,3106.31,Grade B,1.33,21.77,28.79,True
Rice,Common,Cereal,Uttar Pradesh,Agra,Agra Mandi,Kharif,6,3277.38,Grade B,0.66,35.16,24.71,True
Onion,Red,Vegetable,Madhya Pradesh,Indore,Indore Mandi,Zaid,8,498.59,Grade B,1.72,19.97,36.21,True
Tomato,Desi,Vegetable,Gujarat,Rajkot,Rajkot APMC,Year-Round,3,3171.06,Grade B,1.38,17.99,22.65,True
Mango,Local,Fruit,Karnataka,Bengaluru,Bengaluru APMC,Kharif,6,2792.38,Grade A,1.39,67.09,115.52,True
Maize,Hybrid,Cereal,Punjab,Ludhiana,Ludhiana Mandi,Rabi,6,2473.8,Grade B,1.58,20.44,32.6,True
Green Chilli,Local,Spice,Madhya Pradesh,Indore,Indore Mandi,Kharif,9,1507.84,Grade A,0.85,36.16,33.75,True
Rice,Basmati,Cereal,Maharashtra,Pune,Pune APMC,Kharif,5,628.95,Grade B,1.6,82.01,141.73,True
Wheat,Common,Cereal,Maharashtra,Mumbai,Vashi APMC,Kharif,8,3117.57,Grade B,1.37,25.37,34.87,True
Wheat,Common,Cereal,Uttar Pradesh,Agra,Agra Mandi,Year-Round,1,2510.8,Grade B,0.86,27.06,21.31,True
Tomato,Desi,Vegetable,Karnataka,Bengaluru,Bengaluru APMC,Year-Round,4,3804.31,Grade B,0.7,19.55,12.89,True
Tomato,Hybrid,Vegetable,Madhya Pradesh,Indore,Indore Mandi,Year-Round,11,1741.29,Grade A,0.79,22.86,20.07,True
Maize,Hybrid,Cereal,Maharashtra,Nashik,Nashik APMC,Zaid,12,1789.0,Grade B,1.67,21.88,33.61,True
Onion,Red,Vegetable,Madhya Pradesh,Indore,Indore Mandi,Year-Round,8,4107.57,Grade C,1.39,19.9,21.94,True
Onion,Red,Vegetable,Punjab,Ludhiana,Ludhiana Mandi,Zaid,1,4990.89,Grade B,1.59,20.45,26.37,True
Rice,Common,Cereal,Maharashtra,Pune,Pune APMC,Kharif,3,3788.17,Grade B,0.62,34.02,17.07,True
Groundnut,Local,Oilseed,Maharashtra,Pune,Pune APMC,Kharif,4,3773.68,Grade A,1.68,53.5,92.23,True
Green Chilli,Local,Spice,Maharashtra,Mumbai,Vashi APMC,Year-Round,9,4236.34,Grade B,0.66,37.91,23.82,True
Rice,Common,Cereal,Maharashtra,Mumbai,Vashi APMC,Year-Round,9,93.52,Grade B,1.47,40.45,57.39,True
Maize,Hybrid,Cereal,Madhya Pradesh,Indore,Indore Mandi,Kharif,5,3941.41,Grade B,0.88,22.71,19.82,True
Potato,Local,Vegetable,Punjab,Ludhiana,Ludhiana Mandi,Zaid,6,295.98,Grade B,0.92,18.78,20.75,True
Rice,Basmati,Cereal,Gujarat,Rajkot,Rajkot APMC,Year-Round,8,179.47,Grade A,1.13,73.04,99.07,True
Tomato,Desi,Vegetable,Uttar Pradesh,Agra,Agra Mandi,Rabi,4,2409.49,Grade A,1.79,17.02,34.97,True
Rice,Basmati,Cereal,Maharashtra,Pune,Pune APMC,Zaid,1,4628.38,Grade A,0.89,77.63,62.34,True
Groundnut,Local,Oilseed,Maharashtra,Pune,Pune APMC,Kharif,5,3480.5,Grade B,1.2,63.51,75.9,True
Mango,Local,Fruit,Madhya Pradesh,Indore,Indore Mandi,Year-Round,6,1860.0,Grade B,1.32,68.03,92.82,True
Green Chilli,Local,Spice,Maharashtra,Nashik,Nashik APMC,Rabi,1,159.36,Grade C,1.03,46.68,41.38,True
Onion,Red,Vegetable,Madhya Pradesh,Indore,Indore Mandi,Zaid,1,651.98,Grade A,0.92,21.13,21.01,True
Tomato,Desi,Vegetable,Uttar Pradesh,Agra,Agra Mandi,Year-Round,3,3011.98,Grade B,1.12,21.6,21.74,True
Maize,Hybrid,Cereal,Madhya Pradesh,Indore,Indore Mandi,Kharif,4,78.74,Grade A,1.58,24.32,44.01,True
Rice,Common,Cereal,Maharashtra,Mumbai,Vashi APMC,Rabi,4,2054.71,Grade A,1.22,34.48,50.4,True
Onion,Red,Vegetable,Maharashtra,Pune,Pune APMC,Kharif,12,365.07,Grade B,0.96,22.46,18.77,True
Tomato,Hybrid,Vegetable,Karnataka,Bengaluru,Bengaluru APMC,Kharif,4,1642.76,Grade B,0.97,23.39,24.45,True
Onion,Red,Vegetable,Maharashtra,Mumbai,Vashi APMC,Kharif,5,4150.21,Grade A,1.16,23.74,30.66,True
Onion,Red,Vegetable,Madhya Pradesh,Indore,Indore Mandi,Year-Round,4,272.66,Grade A,0.64,19.29,15.38,True
Tomato,Hybrid,Vegetable,Gujarat,Rajkot,Rajkot APMC,Rabi,11,3636.39,Grade A,1.22,25.62,31.0,True
Mango,Local,Fruit,Maharashtra,Pune,Pune APMC,Rabi,7,2629.34,Grade C,1.79,59.67,94.7,True
Tomato,Hybrid,Vegetable,Karnataka,Bengaluru,Bengaluru APMC,Zaid,5,3803.01,Grade B,1.59,27.38,42.55,True
Green Chilli,Local,Spice,Karnataka,Bengaluru,Bengaluru APMC,Kharif,7,786.57,Grade B,1.24,42.49,57.29,True
Mango,Local,Fruit,Maharashtra,Mumbai,Vashi APMC,Zaid,12,3291.07,Grade A,1.44,63.75,97.54,True
Potato,Local,Vegetable,Punjab,Ludhiana,Ludhiana Mandi,Year-Round,7,4295.95,Grade B,1.39,17.6,24.89,True
Tomato,Desi,Vegetable,Karnataka,Bengaluru,Bengaluru APMC,Zaid,9,2555.22,Grade A,1.15,19.5,22.43,True
Groundnut,Local,Oilseed,Gujarat,Rajkot,Rajkot APMC,Year-Round,9,1247.39,Grade A,1.26,55.55,78.91,True
Potato,Local,Vegetable,Maharashtra,Mumbai,Vashi APMC,Zaid,11,2577.68,Grade B,0.75,18.25,13.54,True
Rice,Common,Cereal,Punjab,Ludhiana,Ludhiana Mandi,Kharif,7,4726.84,Grade B,1.55,34.54,54.37,True
Rice,Common,Cereal,Maharashtra,Mumbai,Vashi APMC,Zaid,11,886.81,Grade A,1.03,34.86,40.45,True
Rice,Basmati,Cereal,Madhya Pradesh,Indore,Indore Mandi,Kharif,3,2501.25,Grade B,1.34,65.31,75.54,True
Tomato,Desi,Vegetable,Karnataka,Bengaluru,Bengaluru APMC,Kharif,4,444.8,Grade A,0.77,21.06,18.65,True
Wheat,Common,Cereal,Maharashtra,Nashik,Nashik APMC,Kharif,1,4543.41,Grade B,1.3,30.6,36.25,True
Tomato,Hybrid,Vegetable,Uttar Pradesh,Agra,Agra Mandi,Rabi,4,1233.52,Grade B,1.36,27.92,37.49,True
Maize,Hybrid,Cereal,Maharashtra,Pune,Pune APMC,Kharif,11,3058.88,Grade A,1.76,21.69,39.82,True
Green Chilli,Local,Spice,Maharashtra,Mumbai,Vashi APMC,Zaid,3,995.98,Grade B,1.1,45.51,50.07,True
Groundnut,Local,Oilseed,Punjab,Ludhiana,Ludhiana Mandi,Year-Round,7,1990.74,Grade B,1.12,59.46,73.8,True
Potato,Local,Vegetable,Madhya Pradesh,Indore,Indore Mandi,Zaid,3,4200.76,Grade A,0.82,16.29,15.42,True
Rice,Basmati,Cereal,Maharashtra,Mumbai,Vashi APMC,Rabi,10,2411.4,Grade C,1.55,72.3,93.7,True
Potato,Local,Vegetable,Karnataka,Bengaluru,Bengaluru APMC,Year-Round,7,2542.56,Grade B,1.0,17.9,18.27,True
Maize,Hybrid,Cereal,Punjab,Ludhiana,Ludhiana Mandi,Rabi,10,2487.46,Grade A,1.22,22.75,30.16,True
Rice,Common,Cereal,Maharashtra,Mumbai,Vashi APMC,Rabi,3,2667.53,Grade A,1.56,39.74,66.29,True
Tomato,Hybrid,Vegetable,Uttar Pradesh,Agra,Agra Mandi,Kharif,1,1982.5,Grade B,0.69,25.73,16.27,True
Tomato,Desi,Vegetable,Punjab,Ludhiana,Ludhiana Mandi,Kharif,10,854.8,Grade B,0.8,19.01,14.75,True
Mango,Local,Fruit,Maharashtra,Mumbai,Vashi APMC,Zaid,10,2320.68,Grade B,1.13,59.26,61.12,True
Rice,Basmati,Cereal,Uttar Pradesh,Agra,Agra Mandi,Year-Round,7,677.12,Grade A,0.8,74.49,77.42,True
Rice,Common,Cereal,Punjab,Ludhiana,Ludhiana Mandi,Year-Round,3,1554.42,Grade C,1.63,33.94,45.16,True
Potato,Local,Vegetable,Punjab,Ludhiana,Ludhiana Mandi,Rabi,10,1722.57,Grade C,1.67,18.78,26.29,True
Mango,Local,Fruit,Maharashtra,Nashik,Nashik APMC,Kharif,11,4105.35,Grade B,0.79,69.26,48.16,True
Rice,Common,Cereal,Maharashtra,Pune,Pune APMC,Year-Round,9,1343.87,Grade B,1.1,35.78,38.18,True
Potato,Local,Vegetable,Punjab,Ludhiana,Ludhiana Mandi,Rabi,4,2816.04,Grade A,1.06,16.28,18.98,True
Maize,Hybrid,Cereal,Uttar Pradesh,Agra,Agra Mandi,Zaid,8,3283.02,Grade C,0.81,23.11,15.4,True
Wheat,Common,Cereal,Karnataka,Bengaluru,Bengaluru APMC,Year-Round,3,4873.01,Grade B,1.68,28.31,41.93,True
Rice,Basmati,Cereal,Maharashtra,Nashik,Nashik APMC,Rabi,6,4773.48,Grade B,1.53,74.21,117.31,True
Onion,Red,Vegetable,Punjab,Ludhiana,Ludhiana Mandi,Year-Round,3,2019.4,Grade B,1.61,21.71,31.3,True
Potato,Local,Vegetable,Uttar Pradesh,Agra,Agra Mandi,Zaid,3,1089.87,Grade A,0.81,18.96,16.79,True
Potato,Local,Vegetable,Gujarat,Rajkot,Rajkot APMC,Kharif,11,4159.21,Grade B,1.77,16.1,24.31,True
Rice,Basmati,Cereal,Punjab,Ludhiana,Ludhiana Mandi,Rabi,4,3168.86,Grade A,1.46,78.22,131.67,True
Rice,Common,Cereal,Maharashtra,Pune,Pune APMC,Zaid,2,674.24,Grade C,1.19,30.99,28.63,True
Groundnut,Local,Oilseed,Maharashtra,Mumbai,Vashi APMC,Kharif,5,2630.1,Grade B,1.57,63.3,101.59,True
Tomato,Desi,Vegetable,Maharashtra,Pune,Pune APMC,Year-Round,1,1676.89,Grade A,1.55,19.51,32.7,True
Tomato,Hybrid,Vegetable,Maharashtra,Mumbai,Vashi APMC,Rabi,8,1293.99,Grade C,1.72,22.46,33.27,True
Wheat,Common,Cereal,Punjab,Ludhiana,Ludhiana Mandi,Zaid,10,1188.29,Grade A,0.86,24.58,19.92,True
Maize,Hybrid,Cereal,Uttar Pradesh,Agra,Agra Mandi,Zaid,5,151.14,Grade A,1.22,19.55,27.11,True
Rice,Basmati,Cereal,Gujarat,Rajkot,Rajkot APMC,Rabi,4,3907.57,Grade B,0.99,70.32,55.47,True
Tomato,Hybrid,Vegetable,Maharashtra,Nashik,Nashik APMC,Kharif,2,3543.43,Grade B,1.29,23.31,24.46,True
Mango,Local,Fruit,Punjab,Ludhiana,Ludhiana Mandi,Kharif,11,118.39,Grade A,1.68,57.54,104.96,True
Wheat,Common,Cereal,Maharashtra,Mumbai,Vashi APMC,Zaid,5,783.03,Grade A,1.36,26.78,45.22,True
Tomato,Desi,Vegetable,Maharashtra,Pune,Pune APMC,Zaid,10,3559.98,Grade B,1.54,20.26,26.44,True
Groundnut,Local,Oilseed,Punjab,Ludhiana,Ludhiana Mandi,Year-Round,1,1625.37,Grade A,1.8,51.29,98.04,True
Rice,Common,Cereal,Karnataka,Bengaluru,Bengaluru APMC,Rabi,1,3825.21,Grade A,1.62,31.76,52.43,True
Groundnut,Local,Oilseed,Uttar Pradesh,Agra,Agra Mandi,Rabi,9,3271.45,Grade C,1.58,50.49,61.61,True
Groundnut,Local,Oilseed,Punjab,Ludhiana,Ludhiana Mandi,Year-Round,12,4661.34,Grade B,1.29,51.22,64.23,True
Maize,Hybrid,Cereal,Maharashtra,Mumbai,Vashi APMC,Rabi,10,4286.71,Grade C,1.28,21.91,22.12,True
Mango,Local,Fruit,Maharashtra,Pune,Pune APMC,Rabi,4,117.17,Grade A,0.91,66.31,72.43,True
Potato,Local,Vegetable,Maharashtra,Mumbai,Vashi APMC,Year-Round,8,1058.9,Grade B,1.62,19.29,31.51,True
Potato,Local,Vegetable,Madhya Pradesh,Indore,Indore Mandi,Rabi,11,1231.19,Grade A,1.56,16.72,26.05,True
Green Chilli,Local,Spice,Maharashtra,Nashik,Nashik APMC,Kharif,5,3130.49,Grade A,0.61,35.21,21.01,True
Rice,Basmati,Cereal,Punjab,Ludhiana,Ludhiana Mandi,Zaid,1,1016.67,Grade A,1.36,84.94,130.86,True
Groundnut,Local,Oilseed,Karnataka,Bengaluru,Bengaluru APMC,Zaid,11,122.39,Grade A,0.99,58.66,63.53,True
Rice,Basmati,Cereal,Punjab,Ludhiana,Ludhiana Mandi,Rabi,12,833.95,Grade A,1.7,73.23,141.37,True
Green Chilli,Local,Spice,Uttar Pradesh,Agra,Agra Mandi,Rabi,9,3805.67,Grade B,0.67,40.86,24.25,True
Maize,Hybrid,Cereal,Punjab,Ludhiana,Ludhiana Mandi,Rabi,9,1402.82,Grade C,1.34,21.69,22.83,True
Green Chilli,Local,Spice,Maharashtra,Mumbai,Vashi APMC,Rabi,1,2334.39,Grade A,1.75,38.73,69.86,True
Rice,Basmati,Cereal,Gujarat,Rajkot,Rajkot APMC,Year-Round,7,2446.06,Grade B,0.97,73.97,76.34,True
Green Chilli,Local,Spice,Punjab,Ludhiana,Ludhiana Mandi,Rabi,12,1851.85,Grade C,1.42,42.44,49.52,True
Tomato,Hybrid,Vegetable,Punjab,Ludhiana,Ludhiana Mandi,Zaid,9,4805.36,Grade B,1.59,24.58,36.19,True
Tomato,Desi,Vegetable,Madhya Pradesh,Indore,Indore Mandi,Kharif,1,697.76,Grade C,1.56,19.93,23.29,True
Potato,Local,Vegetable,Uttar Pradesh,Agra,Agra Mandi,Zaid,5,360.72,Grade B,0.78,17.48,14.23,True
Potato,Local,Vegetable,Gujarat,Rajkot,Rajkot APMC,Kharif,3,2061.09,Grade B,0.75,19.06,12.38,True
Onion,Red,Vegetable,Karnataka,Bengaluru,Bengaluru APMC,Rabi,7,3766.26,Grade B,1.21,22.29,28.4,True
Groundnut,Local,Oilseed,Uttar Pradesh,Agra,Agra Mandi,Zaid,9,1448.37,Grade C,0.73,48.74,27.86,True
Mango,Local,Fruit,Maharashtra,Nashik,Nashik APMC,Year-Round,9,3405.75,Grade A,1.58,65.85,110.75,True
Soybean,Local,Oilseed,Uttar Pradesh,Agra,Agra Mandi,Rabi,9,1705.68,Grade B,0.99,47.73,48.51,True
Tomato,Hybrid,Vegetable,Gujarat,Rajkot,Rajkot APMC,Rabi,12,2852.13,Grade A,1.44,21.9,34.68,True
Maize,Hybrid,Cereal,Karnataka,Bengaluru,Bengaluru APMC,Zaid,7,1402.92,Grade A,1.34,23.21,37.46,True
Soybean,Local,Oilseed,Madhya Pradesh,Indore,Indore Mandi,Year-Round,3,1843.85,Grade A,1.06,43.05,49.12,True
Rice,Common,Cereal,Madhya Pradesh,Indore,Indore Mandi,Kharif,1,4114.9,Grade B,1.58,35.68,49.12,True
Wheat,Common,Cereal,Maharashtra,Pune,Pune APMC,Kharif,3,1727.6,Grade B,1.38,31.43,40.71,True
Green Chilli,Local,Spice,Maharashtra,Pune,Pune APMC,Kharif,3,1595.81,Grade C,0.87,45.85,30.08,True
Maize,Hybrid,Cereal,Punjab,Ludhiana,Ludhiana Mandi,Kharif,5,3988.1,Grade B,0.64,24.09,16.79,True
Mango,Local,Fruit,Karnataka,Bengaluru,Bengaluru APMC,Year-Round,7,4527.73,Grade A,1.41,68.64,111.34,True
Tomato,Desi,Vegetable,Karnataka,Bengaluru,Bengaluru APMC,Zaid,5,4345.06,Grade C,1.77,19.8,29.93,True
Tomato,Desi,Vegetable,Madhya Pradesh,Indore,Indore Mandi,Zaid,5,3121.74,Grade A,1.4,19.03,31.56,True
Groundnut,Local,Oilseed,Maharashtra,Pune,Pune APMC,Year-Round,10,4915.38,Grade A,1.6,59.61,94.7,True
Soybean,Local,Oilseed,Gujarat,Rajkot,Rajkot APMC,Zaid,11,1013.25,Grade A,1.46,49.38,79.13,True
Tomato,Hybrid,Vegetable,Maharashtra,Mumbai,Vashi APMC,Kharif,1,993.28,Grade A,0.72,29.07,24.1,True
Groundnut,Local,Oilseed,Maharashtra,Pune,Pune APMC,Year-Round,10,4956.96,Grade C,1.24,54.98,50.18,True
Rice,Common,Cereal,Madhya Pradesh,Indore,Indore Mandi,Rabi,1,4103.43,Grade C,1.39,37.47,37.55,True
Mango,Local,Fruit,Gujarat,Rajkot,Rajkot APMC,Kharif,2,3728.23,Grade A,1.2,68.05,82.4,True
Tomato,Desi,Vegetable,Punjab,Ludhiana,Ludhiana Mandi,Kharif,12,2310.31,Grade B,1.58,21.59,32.01,True
Potato,Local,Vegetable,Maharashtra,Nashik,Nashik APMC,Kharif,5,239.83,Grade C,0.63,17.82,9.52,True
Wheat,Common,Cereal,Maharashtra,Mumbai,Vashi APMC,Year-Round,7,3328.96,Grade B,0.93,25.42,22.52,True
Potato,Local,Vegetable,Madhya Pradesh,Indore,Indore Mandi,Zaid,11,1211.53,Grade C,1.51,17.07,18.82,True
Tomato,Hybrid,Vegetable,Uttar Pradesh,Agra,Agra Mandi,Year-Round,11,1194.27,Grade A,1.78,25.35,48.62,True
Tomato,Desi,Vegetable,Punjab,Ludhiana,Ludhiana Mandi,Zaid,8,246.0,Grade B,1.69,20.92,37.75,True
Wheat,Common,Cereal,Karnataka,Bengaluru,Bengaluru APMC,Rabi,8,4920.73,Grade C,0.69,25.93,12.56,True
Maize,Hybrid,Cereal,Maharashtra,Pune,Pune APMC,Rabi,9,2543.25,Grade A,1.45,19.19,29.8,True
Soybean,Local,Oilseed,Madhya Pradesh,Indore,Indore Mandi,Rabi,12,3475.97,Grade A,1.08,40.53,46.71,True
Mango,Local,Fruit,Maharashtra,Nashik,Nashik APMC,Kharif,11,927.31,Grade A,1.38,72.5,108.39,True
Groundnut,Local,Oilseed,Madhya Pradesh,Indore,Indore Mandi,Rabi,7,1604.37,Grade B,0.74,64.36,45.63,True
Green Chilli,Local,Spice,Maharashtra,Nashik,Nashik APMC,Zaid,1,3601.86,Grade B,1.32,41.19,47.94,True
Rice,Common,Cereal,Uttar Pradesh,Agra,Agra Mandi,Kharif,11,1313.02,Grade B,1.02,33.91,30.56,True
Soybean,Local,Oilseed,Punjab,Ludhiana,Ludhiana Mandi,Year-Round,3,3722.32,Grade C,1.42,43.54,47.82,True
Tomato,Desi,Vegetable,Maharashtra,Pune,Pune APMC,Year-Round,5,1766.67,Grade C,1.76,18.85,30.3,True
Rice,Basmati,Cereal,Punjab,Ludhiana,Ludhiana Mandi,Rabi,3,1808.07,Grade B,0.94,81.58,73.54,True
Onion,Red,Vegetable,Maharashtra,Nashik,Nashik APMC,Year-Round,5,1311.26,Grade A,1.11,21.82,30.3,True
Groundnut,Local,Oilseed,Punjab,Ludhiana,Ludhiana Mandi,Rabi,6,3825.23,Grade B,1.8,56.62,106.18,True
Green Chilli,Local,Spice,Gujarat,Rajkot,Rajkot APMC,Rabi,11,2012.21,Grade A,1.71,40.65,72.86,True
Groundnut,Local,Oilseed,Punjab,Ludhiana,Ludhiana Mandi,Rabi,11,2956.2,Grade B,1.24,53.83,59.29,True
Rice,Basmati,Cereal,Gujarat,Rajkot,Rajkot APMC,Zaid,11,4568.0,Grade B,0.67,74.18,43.05,True
Mango,Local,Fruit,Karnataka,Bengaluru,Bengaluru APMC,Rabi,6,2959.24,Grade B,1.29,54.49,75.84,True
Soybean,Local,Oilseed,Gujarat,Rajkot,Rajkot APMC,Rabi,5,473.4,Grade B,0.96,44.64,43.32,True
Rice,Common,Cereal,Maharashtra,Mumbai,Vashi APMC,Zaid,4,3706.72,Grade B,0.63,31.5,19.1,True
Rice,Common,Cereal,Maharashtra,Pune,Pune APMC,Kharif,1,3898.77,Grade B,1.1,33.51,31.94,True
Green Chilli,Local,Spice,Maharashtra,Nashik,Nashik APMC,Kharif,6,1679.12,Grade A,1.53,43.37,84.25,True
Green Chilli,Local,Spice,Madhya Pradesh,Indore,Indore Mandi,Year-Round,7,423.48,Grade A,1.62,45.35,90.71,True
Green Chilli,Local,Spice,Uttar Pradesh,Agra,Agra Mandi,Year-Round,2,3144.22,Grade A,1.75,40.0,68.53,True
Soybean,Local,Oilseed,Uttar Pradesh,Agra,Agra Mandi,Kharif,4,4663.01,Grade B,1.15,45.88,49.18,True
Onion,Red,Vegetable,Uttar Pradesh,Agra,Agra Mandi,Rabi,6,2143.93,Grade A,1.41,18.74,31.81,True
Tomato,Hybrid,Vegetable,Uttar Pradesh,Agra,Agra Mandi,Zaid,1,2099.61,Grade A,0.99,24.54,25.4,True
Mango,Local,Fruit,Maharashtra,Mumbai,Vashi APMC,Rabi,4,4034.69,Grade A,1.22,67.94,90.27,True
Tomato,Hybrid,Vegetable,Gujarat,Rajkot,Rajkot APMC,Year-Round,12,1826.68,Grade A,0.78,26.74,22.95,True
Wheat,Common,Cereal,Punjab,Ludhiana,Ludhiana Mandi,Kharif,1,2374.04,Grade A,1.28,27.06,33.5,True
Tomato,Hybrid,Vegetable,Maharashtra,Nashik,Nashik APMC,Kharif,1,2798.63,Grade B,1.24,25.38,27.46,True
Rice,Basmati,Cereal,Punjab,Ludhiana,Ludhiana Mandi,Kharif,9,993.42,Grade A,1.4,76.95,122.55,True
Green Chilli,Local,Spice,Maharashtra,Mumbai,Vashi APMC,Rabi,11,4254.59,Grade B,0.83,44.47,28.44,True
Green Chilli,Local,Spice,Karnataka,Bengaluru,Bengaluru APMC,Rabi,2,4041.72,Grade A,0.81,40.13,29.65,True
Rice,Common,Cereal,Gujarat,Rajkot,Rajkot APMC,Zaid,2,886.34,Grade B,0.99,33.19,29.12,True
Onion,Red,Vegetable,Karnataka,Bengaluru,Bengaluru APMC,Zaid,6,3356.16,Grade B,1.29,22.65,31.68,True
Mango,Local,Fruit,Karnataka,Bengaluru,Bengaluru APMC,Zaid,10,516.43,Grade B,1.43,70.69,97.72,True
Potato,Local,Vegetable,Karnataka,Bengaluru,Bengaluru APMC,Zaid,6,3081.88,Grade C,0.69,19.36,12.86,True
Wheat,Common,Cereal,Uttar Pradesh,Agra,Agra Mandi,Rabi,8,1513.83,Grade A,1.51,29.74,51.05,True
Wheat,Common,Cereal,Madhya Pradesh,Indore,Indore Mandi,Rabi,5,610.68,Grade B,1.39,29.55,42.99,True
Onion,Red,Vegetable,Karnataka,Bengaluru,Bengaluru APMC,Year-Round,12,415.91,Grade B,1.09,23.98,24.7,True
Groundnut,Local,Oilseed,Uttar Pradesh,Agra,Agra Mandi,Kharif,9,4879.41,Grade A,1.73,62.28,110.24,True
Mango,Local,Fruit,Punjab,Ludhiana,Ludhiana Mandi,Zaid,10,1545.29,Grade B,0.98,58.6,51.52,True
Green Chilli,Local,Spice,Maharashtra,Nashik,Nashik APMC,Rabi,10,3345.68,Grade A,0.68,42.9,29.99,True
Tomato,Desi,Vegetable,Gujarat,Rajkot,Rajkot APMC,Zaid,4,1398.15,Grade A,1.79,21.19,42.89,True
Maize,Hybrid,Cereal,Gujarat,Rajkot,Rajkot APMC,Rabi,11,4258.45,Grade C,0.97,20.1,14.0,True
Wheat,Common,Cereal,Maharashtra,Nashik,Nashik APMC,Kharif,12,2402.51,Grade A,0.86,27.38,25.07,True
Potato,Local,Vegetable,Maharashtra,Nashik,Nashik APMC,Kharif,9,2969.16,Grade B,1.54,18.66,27.54,True
Mango,Local,Fruit,Maharashtra,Pune,Pune APMC,Kharif,12,2947.21,Grade B,0.92,63.96,55.59,True
Onion,Red,Vegetable,Punjab,Ludhiana,Ludhiana Mandi,Kharif,8,3828.23,Grade A,1.48,20.85,35.27,True
Groundnut,Local,Oilseed,Maharashtra,Pune,Pune APMC,Kharif,9,676.5,Grade A,1.41,52.1,81.02,True
Rice,Basmati,Cereal,Punjab,Ludhiana,Ludhiana Mandi,Rabi,9,1100.38,Grade B,1.35,75.84,88.01,True
Potato,Local,Vegetable,Karnataka,Bengaluru,Bengaluru APMC,Rabi,12,4636.78,Grade A,1.11,15.36,17.88,True
Tomato,Hybrid,Vegetable,Maharashtra,Mumbai,Vashi APMC,Kharif,3,1068.9,Grade A,1.53,25.84,41.1,True
Groundnut,Local,Oilseed,Karnataka,Bengaluru,Bengaluru APMC,Rabi,9,3582.86,Grade A,1.4,51.77,73.38,True
Groundnut,Local,Oilseed,Maharashtra,Mumbai,Vashi APMC,Rabi,12,3762.61,Grade A,1.55,51.31,83.3,True
Rice,Common,Cereal,Gujarat,Rajkot,Rajkot APMC,Zaid,1,3537.97,Grade A,1.61,29.5,48.99,True
Green Chilli,Local,Spice,Punjab,Ludhiana,Ludhiana Mandi,Zaid,1,4472.18,Grade B,0.66,38.12,20.18,True
Soybean,Local,Oilseed,Madhya Pradesh,Indore,Indore Mandi,Zaid,11,2857.51,Grade A,0.86,45.18,38.06,True
Groundnut,Local,Oilseed,Maharashtra,Nashik,Nashik APMC,Year-Round,2,2687.16,Grade C,1.65,51.04,61.33,True
Wheat,Common,Cereal,Maharashtra,Nashik,Nashik APMC,Zaid,6,3223.28,Grade B,1.71,25.25,46.73,True
Mango,Local,Fruit,Punjab,Ludhiana,Ludhiana Mandi,Year-Round,8,3181.8,Grade A,0.86,68.25,67.07,True
Mango,Local,Fruit,Gujarat,Rajkot,Rajkot APMC,Rabi,12,2349.24,Grade B,1.68,74.08,114.39,True
Green Chilli,Local,Spice,Uttar Pradesh,Agra,Agra Mandi,Rabi,11,1309.22,Grade A,1.5,38.95,60.64,True
Wheat,Common,Cereal,Maharashtra,Mumbai,Vashi APMC,Year-Round,7,1827.53,Grade B,0.75,29.0,22.57,True
Rice,Common,Cereal,Madhya Pradesh,Indore,Indore Mandi,Kharif,8,2707.2,Grade B,1.38,37.59,53.89,True
Wheat,Common,Cereal,Karnataka,Bengaluru,Bengaluru APMC,Rabi,9,2013.22,Grade A,1.18,27.68,35.44,True
Mango,Local,Fruit,Madhya Pradesh,Indore,Indore Mandi,Kharif,12,289.39,Grade C,1.38,67.03,77.23,True
Tomato,Desi,Vegetable,Madhya Pradesh,Indore,Indore Mandi,Year-Round,5,2006.2,Grade A,1.68,18.95,36.49,True
Onion,Red,Vegetable,Uttar Pradesh,Agra,Agra Mandi,Year-Round,2,2893.06,Grade A,0.87,22.59,19.51,True
Soybean,Local,Oilseed,Madhya Pradesh,Indore,Indore Mandi,Year-Round,6,3973.49,Grade B,1.03,46.49,49.0,True
Groundnut,Local,Oilseed,Karnataka,Bengaluru,Bengaluru APMC,Kharif,1,4725.09,Grade A,1.07,53.31,57.84,True
Tomato,Desi,Vegetable,Punjab,Ludhiana,Ludhiana Mandi,Rabi,10,4730.51,Grade C,1.41,17.85,18.02,True
Groundnut,Local,Oilseed,Punjab,Ludhiana,Ludhiana Mandi,Zaid,11,4614.98,Grade A,1.12,53.47,65.8,True
Mango,Local,Fruit,Karnataka,Bengaluru,Bengaluru APMC,Kharif,6,4903.68,Grade A,1.2,67.9,99.93,True
Potato,Local,Vegetable,Maharashtra,Nashik,Nashik APMC,Zaid,5,579.56,Grade B,1.51,14.97,24.49,True
Onion,Red,Vegetable,Maharashtra,Pune,Pune APMC,Zaid,3,284.35,Grade B,0.73,22.45,14.39,True
Wheat,Common,Cereal,Punjab,Ludhiana,Ludhiana Mandi,Rabi,2,3661.1,Grade B,0.61,26.61,14.39,True
Wheat,Common,Cereal,Uttar Pradesh,Agra,Agra Mandi,Zaid,5,4000.97,Grade B,0.76,28.62,19.77,True
Green Chilli,Local,Spice,Gujarat,Rajkot,Rajkot APMC,Zaid,12,3511.02,Grade A,0.81,43.66,40.52,True
Groundnut,Local,Oilseed,Maharashtra,Nashik,Nashik APMC,Rabi,4,2318.41,Grade C,1.47,61.12,73.42,True
Mango,Local,Fruit,Maharashtra,Pune,Pune APMC,Kharif,5,4837.66,Grade C,1.39,69.66,81.66,True
Green Chilli,Local,Spice,Maharashtra,Nashik,Nashik APMC,Rabi,9,4518.22,Grade A,1.13,41.23,46.55,True
Maize,Hybrid,Cereal,Maharashtra,Pune,Pune APMC,Rabi,10,2336.57,Grade B,1.66,22.93,32.16,True
Mango,Local,Fruit,Punjab,Ludhiana,Ludhiana Mandi,Zaid,4,3031.27,Grade C,1.68,66.94,86.51,True
Tomato,Hybrid,Vegetable,Gujarat,Rajkot,Rajkot APMC,Year-Round,1,747.92,Grade A,1.33,26.25,36.02,True
Wheat,Common,Cereal,Gujarat,Rajkot,Rajkot APMC,Zaid,3,2923.63,Grade A,0.75,29.45,22.89,True
Potato,Local,Vegetable,Maharashtra,Pune,Pune APMC,Zaid,4,2876.06,Grade A,1.61,17.96,32.71,True
Soybean,Local,Oilseed,Uttar Pradesh,Agra,Agra Mandi,Rabi,10,1688.53,Grade A,1.33,47.6,63.75,True
Onion,Red,Vegetable,Maharashtra,Mumbai,Vashi APMC,Kharif,3,4281.34,Grade B,1.65,19.76,29.95,True
Potato,Local,Vegetable,Karnataka,Bengaluru,Bengaluru APMC,Rabi,9,3707.28,Grade A,1.26,18.18,23.1,True
Rice,Basmati,Cereal,Maharashtra,Pune,Pune APMC,Year-Round,4,2475.08,Grade A,1.25,77.05,100.79,True
Onion,Red,Vegetable,Uttar Pradesh,Agra,Agra Mandi,Kharif,12,4286.59,Grade C,0.73,24.36,13.9,True
Tomato,Desi,Vegetable,Maharashtra,Nashik,Nashik APMC,Kharif,4,3993.84,Grade B,1.14,20.07,20.48,True
Soybean,Local,Oilseed,Punjab,Ludhiana,Ludhiana Mandi,Rabi,3,2864.15,Grade A,1.47,47.35,75.15,True
Tomato,Hybrid,Vegetable,Gujarat,Rajkot,Rajkot APMC,Year-Round,6,2918.72,Grade A,1.04,21.23,29.1,True
Maize,Hybrid,Cereal,Maharashtra,Mumbai,Vashi APMC,Rabi,8,1757.04,Grade A,0.84,22.72,21.21,True
Rice,Common,Cereal,Maharashtra,Mumbai,Vashi APMC,Kharif,12,4247.53,Grade A,1.29,32.45,41.76,True
Potato,Local,Vegetable,Maharashtra,Mumbai,Vashi APMC,Rabi,6,4217.9,Grade B,0.75,14.58,10.96,True
Soybean,Local,Oilseed,Maharashtra,Nashik,Nashik APMC,Kharif,11,150.34,Grade A,1.07,43.04,52.94,True
Green Chilli,Local,Spice,Karnataka,Bengaluru,Bengaluru APMC,Rabi,6,600.4,Grade C,1.61,41.92,63.26,True
Mango,Local,Fruit,Gujarat,Rajkot,Rajkot APMC,Zaid,10,3959.05,Grade B,1.39,65.76,74.84,True
Green Chilli,Local,Spice,Uttar Pradesh,Agra,Agra Mandi,Rabi,2,815.56,Grade A,1.19,43.03,53.19,True
Tomato,Desi,Vegetable,Madhya Pradesh,Indore,Indore Mandi,Year-Round,1,4611.78,Grade B,1.15,20.17,20.31,True
Wheat,Common,Cereal,Maharashtra,Pune,Pune APMC,Year-Round,3,1707.24,Grade B,1.45,31.81,42.47,True
Mango,Local,Fruit,Maharashtra,Mumbai,Vashi APMC,Rabi,7,4210.83,Grade B,1.61,61.06,95.91,True
Wheat,Common,Cereal,Maharashtra,Pune,Pune APMC,Rabi,11,368.7,Grade C,1.1,26.15,23.85,True
Tomato,Hybrid,Vegetable,Gujarat,Rajkot,Rajkot APMC,Rabi,9,4632.91,Grade B,1.53,21.82,28.29,True
Rice,Common,Cereal,Maharashtra,Pune,Pune APMC,Kharif,9,3169.74,Grade B,0.72,34.19,19.65,True
Potato,Local,Vegetable,Maharashtra,Mumbai,Vashi APMC,Zaid,8,1780.52,Grade C,1.38,17.64,21.73,True
Green Chilli,Local,Spice,Uttar Pradesh,Agra,Agra Mandi,Rabi,12,4612.44,Grade C,0.63,37.98,17.54,True
Wheat,Common,Cereal,Maharashtra,Nashik,Nashik APMC,Kharif,7,1298.25,Grade A,1.14,29.96,42.53,True
Rice,Common,Cereal,Punjab,Ludhiana,Ludhiana Mandi,Kharif,2,1585.72,Grade C,0.7,39.05,20.21,True
Rice,Common,Cereal,Maharashtra,Pune,Pune APMC,Year-Round,3,4646.28,Grade B,0.94,33.71,25.0,True
Onion,Red,Vegetable,Karnataka,Bengaluru,Bengaluru APMC,Zaid,7,3806.66,Grade B,1.58,21.78,35.82,True
Onion,Red,Vegetable,Punjab,Ludhiana,Ludhiana Mandi,Year-Round,1,1534.02,Grade A,1.58,22.08,36.22,True
Onion,Red,Vegetable,Gujarat,Rajkot,Rajkot APMC,Year-Round,12,3821.52,Grade B,1.51,24.91,33.5,True
Tomato,Hybrid,Vegetable,Punjab,Ludhiana,Ludhiana Mandi,Rabi,9,4456.31,Grade A,0.99,25.33,26.34,True
Green Chilli,Local,Spice,Gujarat,Rajkot,Rajkot APMC,Year-Round,2,3577.5,Grade A,1.05,43.08,48.26,True
Maize,Hybrid,Cereal,Madhya Pradesh,Indore,Indore Mandi,Kharif,10,2961.11,Grade B,1.11,23.99,22.02,True
Tomato,Desi,Vegetable,Madhya Pradesh,Indore,Indore Mandi,Year-Round,6,400.5,Grade A,1.0,20.68,28.62,True
Rice,Common,Cereal,Maharashtra,Nashik,Nashik APMC,Zaid,6,4911.27,Grade B,1.12,34.62,40.87,True
Groundnut,Local,Oilseed,Punjab,Ludhiana,Ludhiana Mandi,Zaid,2,958.94,Grade B,1.08,55.68,52.39,True
Soybean,Local,Oilseed,Gujarat,Rajkot,Rajkot APMC,Year-Round,3,3886.73,Grade A,0.86,41.92,35.25,True
Rice,Common,Cereal,Maharashtra,Pune,Pune APMC,Rabi,11,4045.97,Grade A,1.56,35.87,59.24,True
Green Chilli,Local,Spice,Madhya Pradesh,Indore,Indore Mandi,Rabi,12,2930.54,Grade B,1.73,38.91,58.54,True
Potato,Local,Vegetable,Maharashtra,Nashik,Nashik APMC,Zaid,6,1437.44,Grade C,1.66,18.27,27.38,True
Tomato,Desi,Vegetable,Punjab,Ludhiana,Ludhiana Mandi,Kharif,4,3109.93,Grade A,0.71,21.23,16.57,True
Tomato,Hybrid,Vegetable,Madhya Pradesh,Indore,Indore Mandi,Kharif,12,3502.05,Grade B,1.01,25.02,22.1,True
Rice,Basmati,Cereal,Karnataka,Bengaluru,Bengaluru APMC,Zaid,8,1076.09,Grade A,1.02,64.04,78.54,True
Rice,Basmati,Cereal,Karnataka,Bengaluru,Bengaluru APMC,Kharif,4,1975.41,Grade A,1.43,71.43,113.06,True
Potato,Local,Vegetable,Madhya Pradesh,Indore,Indore Mandi,Year-Round,8,4580.88,Grade B,0.85,14.97,10.4,True
Tomato,Hybrid,Vegetable,Madhya Pradesh,Indore,Indore Mandi,Kharif,6,1859.0,Grade C,0.69,27.67,16.1,True
Mango,Local,Fruit,Maharashtra,Nashik,Nashik APMC,Rabi,3,3180.56,Grade B,1.25,64.32,68.44,True
Groundnut,Local,Oilseed,Punjab,Ludhiana,Ludhiana Mandi,Year-Round,10,4901.49,Grade A,1.25,51.84,62.8,True
Tomato,Hybrid,Vegetable,Madhya Pradesh,Indore,Indore Mandi,Kharif,1,2252.97,Grade C,1.79,27.31,38.64,True
Potato,Local,Vegetable,Maharashtra,Pune,Pune APMC,Zaid,6,3501.19,Grade A,1.71,17.01,36.3,True
Maize,Hybrid,Cereal,Punjab,Ludhiana,Ludhiana Mandi,Kharif,1,3369.64,Grade A,0.73,21.72,17.2,True
Maize,Hybrid,Cereal,Maharashtra,Nashik,Nashik APMC,Year-Round,11,2608.53,Grade B,0.88,24.66,19.71,True
Tomato,Hybrid,Vegetable,Madhya Pradesh,Indore,Indore Mandi,Rabi,4,2164.52,Grade A,0.94,27.16,28.57,True
Rice,Common,Cereal,Uttar Pradesh,Agra,Agra Mandi,Year-Round,5,1691.14,Grade B,0.87,33.06,29.94,True
